Substrate	Substrate ChEBI	Product	Product ChEBI	Enzyme_1	Rhea ID_1	Direction_1	Enzyme_2	Rhea ID_2	Direction_2	Enzyme_3	Rhea ID_3	Direction_3	Enzyme_4	Rhea ID_4	Direction_4	Enzyme_5	Rhea ID_5	Direction_5	Enzyme_6	Rhea ID_6	Direction_6	Enzyme_7	Rhea ID_7	Direction_7	Enzyme_8	Rhea ID_8	Direction_8	Enzyme_9	Rhea ID_9	Direction_9	Enzyme_10	Rhea ID_10	Direction_10	Enzyme_11	Rhea ID_11	Direction_11	Enzyme_12	Rhea ID_12	Direction_12	Enzyme_13	Rhea ID_13	Direction_13	Enzyme_14	Rhea ID_14	Direction_14	Enzyme_15	Rhea ID_15	Direction_15	Enzyme_16	Rhea ID_16	Direction_16	Enzyme_17	Rhea ID_17	Direction_17	Enzyme_18	Rhea ID_18	Direction_18	Enzyme_19	Rhea ID_19	Direction_19	Enzyme_20	Rhea ID_20	Direction_20	Enzyme_21	Rhea ID_21	Direction_21	Enzyme_22	Rhea ID_22	Direction_22	Enzyme_23	Rhea ID_23	Direction_23	Enzyme_24	Rhea ID_24	Direction_24	Enzyme_25	Rhea ID_25	Direction_25	Enzyme_26	Rhea ID_26	Direction_26	Enzyme_27	Rhea ID_27	Direction_27	Enzyme_28	Rhea ID_28	Direction_28	Enzyme_29	Rhea ID_29	Direction_29	Enzyme_30	Rhea ID_30	Direction_30	Enzyme_31	Rhea ID_31	Direction_31	Enzyme_32	Rhea ID_32	Direction_32	Enzyme_33	Rhea ID_33	Direction_33	Enzyme_34	Rhea ID_34	Direction_34	Enzyme_35	Rhea ID_35	Direction_35	Enzyme_36	Rhea ID_36	Direction_36	Enzyme_37	Rhea ID_37	Direction_37	Enzyme_38	Rhea ID_38	Direction_38	Enzyme_39	Rhea ID_39	Direction_39	Enzyme_40	Rhea ID_40	Direction_40	Enzyme_41	Rhea ID_41	Direction_41	Enzyme_42	Rhea ID_42	Direction_42	Enzyme_43	Rhea ID_43	Direction_43	Enzyme_44	Rhea ID_44	Direction_44	Enzyme_45	Rhea ID_45	Direction_45
alpha-terpinene	CHEBI:10334	carvacrol	CHEBI:3440	P0DO41	RHEA:67412		P0DO42	RHEA:67412																																																																																																																																		
gamma-terpinene	CHEBI:10577	thymol	CHEBI:27607	P0DO35	RHEA:67408																																																																																																																																					
gamma-terpinene	CHEBI:10577	carvacrol	CHEBI:3440	P0DO35	RHEA:67404		P0DO38	RHEA:67404		P0DO39	RHEA:67404		P0DO40	RHEA:67404		P0DO41	RHEA:67404		P0DO42	RHEA:67404																																																																																																																						
(2E)-4-hydroxy-3-methylbut-2-enyl diphosphate	CHEBI:128753	isopentenyl diphosphate	CHEBI:128769	A0A7J6F8C5	RHEA:24488																																																																																																																																					
(2E)-4-hydroxy-3-methylbut-2-enyl diphosphate	CHEBI:128753	dimethylallyl diphosphate	CHEBI:57623	A0A7J6F8C5	RHEA:24825																																																																																																																																					
isopentenyl diphosphate	CHEBI:128769	(2E)-4-hydroxy-3-methylbut-2-enyl diphosphate	CHEBI:128753	P62623	RHEA:24488	not specified																																																																																																																																				
isopentenyl diphosphate	CHEBI:128769	nerylneryl diphosphate	CHEBI:139032	K7WQ45	RHEA:55520																																																																																																																																					
isopentenyl diphosphate	CHEBI:128769	(2E,6E)-farnesyl diphosphate	CHEBI:175763	A0A0E3D8M9	RHEA:19361	not specified	A0A0E3D8P4	RHEA:19361	not specified	A0A140JWS2	RHEA:19361	not specified	A0A1V0QSH7	RHEA:19361		A0A343W970	RHEA:19361		A0A3S5XFG0	RHEA:19361	not specified	A0A7J6HWR9	RHEA:19361		A0A858E6N7	RHEA:19361		A0A858E7G0	RHEA:19361		A0A8D5M3Y5	RHEA:19361	not specified	D7PHZ5	RHEA:19361	not specified	E9F5E9	RHEA:19361	not specified	H1VQB1	RHEA:19361	not specified	I1RL14	RHEA:19361	not specified	J7FIX8	RHEA:19361	not specified	P49350	RHEA:19361		P9WEQ2	RHEA:19361	not specified	P9WEW8	RHEA:19361	not specified	P9WEX3	RHEA:19361	not specified	P9WEX9	RHEA:19361	not specified	Q4WBI4	RHEA:19361	not specified	Q56RZ3	RHEA:19361	not specified	Q56RZ7	RHEA:19361	not specified	Q672V6	RHEA:19361	not specified	Q9C446	RHEA:19361	not specified																																																												
isopentenyl diphosphate	CHEBI:128769	dimethylallyl diphosphate	CHEBI:57623	A0A7C9FSB8	RHEA:23284																																																																																																																																					
isopentenyl diphosphate	CHEBI:128769	neryl diphosphate	CHEBI:57665	C1K5M2	RHEA:11328		K7WQ45	RHEA:11328																																																																																																																																		
isopentenyl diphosphate	CHEBI:128769	(2E,6E,10E,14E)-geranylfarnesyl diphosphate	CHEBI:57907	A0A0P0ZD79	RHEA:25694		A0A0P0ZEM1	RHEA:66860		A0A0U5G0B1	RHEA:25694		A0A169T193	RHEA:25694		A0A1L9WQI2	RHEA:66860		A0A1V1FVQ6	RHEA:25694		A0A2Z6AQX6	RHEA:25694		A0A2Z6AQX7	RHEA:25694		A0A2Z6FZ31	RHEA:25694		A1C8C3	RHEA:25694		A1DN30	RHEA:25694		M2U578	RHEA:25694		M2V8C1	RHEA:25694		N4V6D4	RHEA:25694		P9WEP0	RHEA:25694		P9WER6	RHEA:66860		P9WEV2	RHEA:66860		Q0CRW6	RHEA:66860																																																																																		
isopentenyl diphosphate	CHEBI:128769	(2E)-geranyl diphosphate	CHEBI:58057	A0A0E3D8M9	RHEA:22408	not specified	A0A0E3D8P4	RHEA:22408	not specified	A0A140JWS2	RHEA:22408	not specified	A0A1V0QSH7	RHEA:22408		A0A3S5XFG0	RHEA:22408	not specified	A0A7J6HWR9	RHEA:22408		A0A858E6N7	RHEA:22408		A0A858E7G0	RHEA:22408		A0A8D5M3Y5	RHEA:22408	not specified	D7PHZ5	RHEA:22408	not specified	E9F5E9	RHEA:22408	not specified	H1VQB1	RHEA:22408	not specified	I1RL14	RHEA:22408	not specified	J7FIX8	RHEA:22408	not specified	P49350	RHEA:22408		P9WEQ2	RHEA:22408	not specified	P9WEW8	RHEA:22408	not specified	P9WEX3	RHEA:22408	not specified	P9WEX9	RHEA:22408	not specified	Q4WBI4	RHEA:22408	not specified	Q56RZ3	RHEA:22408	not specified	Q56RZ7	RHEA:22408	not specified	Q672V6	RHEA:22408	not specified	Q9C446	RHEA:22408	not specified																																																															
isopentenyl diphosphate	CHEBI:128769	all-trans-hexaprenyl diphosphate	CHEBI:58179	A0A8H4CUY8	RHEA:77975		K2SUY0	RHEA:77975		P9WER5	RHEA:77975																																																																																																																															
isopentenyl diphosphate	CHEBI:128769	(2E,6E,10E)-geranylgeranyl diphosphate	CHEBI:58756	A0A0E3D8M9	RHEA:17653	not specified	A0A0E3D8P4	RHEA:17653	not specified	A0A0P0ZD79	RHEA:17653		A0A0U5G0B1	RHEA:17653		A0A140JWS2	RHEA:17653	not specified	A0A169T193	RHEA:17653		A0A1L7VFX3	RHEA:17653		A0A1L9UKS1	RHEA:17653		A0A1V1FVQ6	RHEA:17653		A0A1Y1C7Q5	RHEA:17653		A0A2Z6AQX6	RHEA:17653		A0A2Z6AQX7	RHEA:17653		A0A2Z6FZ31	RHEA:17653		A0A348DU52	RHEA:17653		A0A348FUE1	RHEA:17653		A0A3S5XFG0	RHEA:17653	not specified	A0A858E6N7	RHEA:17653		A0A858E7G0	RHEA:17653		A0A8D5M3Y5	RHEA:17653	not specified	A0A8K1AY78	RHEA:17653	not specified	A1C8C3	RHEA:17653		A1DN30	RHEA:17653		A2PZA5	RHEA:17653	not specified	B6HFX8	RHEA:17653		C9K2Q3	RHEA:17653	not specified	E9F5E9	RHEA:17653	not specified	H1VQB1	RHEA:17653	not specified	I1RL14	RHEA:17653	not specified	J7FIX8	RHEA:17653	not specified	M2U578	RHEA:17653		M2V8C1	RHEA:17653		N4V6D4	RHEA:17653		P9WEP0	RHEA:17653		P9WEQ2	RHEA:17653	not specified	P9WEV6	RHEA:17653	not specified	P9WEV7	RHEA:17653		P9WEW8	RHEA:17653	not specified	P9WEX3	RHEA:17653	not specified	P9WEX9	RHEA:17653	not specified	Q4WBI4	RHEA:17653	not specified	Q56RZ3	RHEA:17653	not specified	Q56RZ7	RHEA:17653	not specified	Q672V6	RHEA:17653	not specified	Q9C446	RHEA:17653	not specified	W6QAE7	RHEA:17653	
3,5-dimethylorsellinate	CHEBI:131856	(3R)-3-farnesyl-6-hydroxy-2,3,5-trimethyl-4-oxocyclohexa-1,5-diene-1-carboxylate	CHEBI:131857	A0A0F7TXA1	RHEA:49632		A0A0U5CJV1	RHEA:49632		A0A1E1FFM8	RHEA:49632		A0A1Y0BRF7	RHEA:49632		A0A2I1BT09	RHEA:49632		B6HV35	RHEA:49632		Q0C8A6	RHEA:49632		Q5AR21	RHEA:49632																																																																																																																
(3R)-3-farnesyl-6-hydroxy-2,3,5-trimethyl-4-oxocyclohexa-1,5-diene-1-carboxylate	CHEBI:131857	(3R)-[(10S)-11-epoxyfarnesyl]-2,3,5-trimethyl-6-oxido-4-oxocyclohexa-1,5-diene-1-carboxylate	CHEBI:167682	A0A2I1BSV1	RHEA:67036																																																																																																																																					
sesterfisherol	CHEBI:138046	sesterfisherate	CHEBI:228367	A1DN29	RHEA:78407																																																																																																																																					
stellata-2,6,19-triene	CHEBI:138048	stellatate	CHEBI:167454	A0A0P0ZEA9	RHEA:66712																																																																																																																																					
ent-8alpha-hydroxylabd-13-en-15-yl diphosphate	CHEBI:138223	ent-13-epi-manoyl oxide	CHEBI:138224	H6VLG5	RHEA:18721																																																																																																																																					
peregrinol diphosphate	CHEBI:138232	(13R)-9,13-epoxylabd-14-ene	CHEBI:138233	A0A075FBG7	RHEA:54512	not specified	A0A2K9RFZ2	RHEA:54512																																																																																																																																		
peregrinol diphosphate	CHEBI:138232	viteagnusin D	CHEBI:145543	A0A2K9RFZ2	RHEA:62180																																																																																																																																					
peregrinol diphosphate	CHEBI:138232	labd-13(16),14-diene-9-ol	CHEBI:145549	A0A2K9RFZ9	RHEA:62184																																																																																																																																					
pre-alpha-onocerin	CHEBI:138305	alpha-onocerin	CHEBI:138303	A0A125SXN2	RHEA:54668	not specified																																																																																																																																				
(3S,22S)-2,3:22,23-diepoxysqualene	CHEBI:138307	pre-alpha-onocerin	CHEBI:138305	A0A125SXN1	RHEA:54664	not specified																																																																																																																																				
(3S,22S)-2,3:22,23-diepoxysqualene	CHEBI:138307	(24S)-24,25-epoxycucurbitadienol	CHEBI:229949	K7NBZ9	RHEA:81851																																																																																																																																					
a 3'-unsubstituted flavone	CHEBI:138726	a 3'-hydroxyflavone	CHEBI:27741	A0A4D6Q415	RHEA:16337																																																																																																																																					
cyclooctat-9-ene-5,7-diol	CHEBI:141020	cyclooctatin	CHEBI:78370	C9K1X7	RHEA:56824																																																																																																																																					
15,16-epoxydolabrene	CHEBI:141821	3beta-hydroxy-15,16-epoxydolabrene	CHEBI:141820	A0A1D6GQ67	RHEA:57520																																																																																																																																					
dolabradiene	CHEBI:141822	15,16-epoxydolabrene	CHEBI:141821	A0A1D6GQ67	RHEA:57516																																																																																																																																					
an organic molecule	CHEBI:142491	an alcohol	CHEBI:30879	P11712	RHEA:17149		P33261	RHEA:17149																																																																																																																																		
(E)-non-2-enal	CHEBI:142592	(E)-non-2-enoate	CHEBI:143908	C5I9X1	RHEA:60692																																																																																																																																					
(R)-lavandulyl diphosphate	CHEBI:143949	(R)-lavandulol	CHEBI:50283	P0C565	RHEA:60696																																																																																																																																					
(Z,S)-jasmololone	CHEBI:143951	jasmolin I	CHEBI:39113	H6U1I8	RHEA:60752																																																																																																																																					
(Z,S)-jasmololone	CHEBI:143951	jasmolin II	CHEBI:39114	H6U1I8	RHEA:60760																																																																																																																																					
(Z,S)-cinerolone	CHEBI:143952	cinerin I	CHEBI:3706	H6U1I8	RHEA:60756																																																																																																																																					
(Z,S)-cinerolone	CHEBI:143952	cinerin II	CHEBI:3707	H6U1I8	RHEA:60764																																																																																																																																					
ilicicolinate B	CHEBI:146152	ilicicolin B	CHEBI:146153	A0A455R7E6	RHEA:63080																																																																																																																																					
ilicicolin B	CHEBI:146153	ilicicolin A	CHEBI:146154	A0A455R7M0	RHEA:63084																																																																																																																																					
ilicicolin A	CHEBI:146154	ilicicolin A epoxide	CHEBI:146155	A0A455R5H4	RHEA:63092																																																																																																																																					
ilicicolin A epoxide	CHEBI:146155	ilicicolin C	CHEBI:146156	A0A455RAK9	RHEA:63096																																																																																																																																					
ilicicolin A epoxide	CHEBI:146155	16-hydroxy-ilicicolin A epoxide	CHEBI:146158	A0A455R624	RHEA:63104																																																																																																																																					
ilicicolin C	CHEBI:146156	ascochlorin	CHEBI:146157	A0A455R4X0	RHEA:63100																																																																																																																																					
16-hydroxy-ilicicolin A epoxide	CHEBI:146158	ascofuranol	CHEBI:146159	A0A455R4Z0	RHEA:63108																																																																																																																																					
ascofuranol	CHEBI:146159	ascofuranone	CHEBI:146160	A0A455R5K2	RHEA:63112																																																																																																																																					
nicotinyl-CoA	CHEBI:149703	4-hydroxy-6-(pyridin-3-yl)-2H-pyran-2-one	CHEBI:149707	P9WEQ0	RHEA:64336		Q4WLD4	RHEA:64336																																																																																																																																		
4-hydroxy-6-(pyridin-3-yl)-2H-pyran-2-one	CHEBI:149707	4-hydroxy-3-[(2E,6E)-farnesyl]-6-(pyridin-3-yl)-2H-pyran-2-one	CHEBI:149708	Q4WLD0	RHEA:64340																																																																																																																																					
4-hydroxy-3-[(2E,6E)-farnesyl]-6-(pyridin-3-yl)-2H-pyran-2-one	CHEBI:149708	2-oxo-3-[(8S)-epoxy-(2E,6E)-farnesyl]-6-(pyridin-3-yl)-2H-pyran-4-olate	CHEBI:149709	Q4WLD1	RHEA:64344																																																																																																																																					
2-oxo-3-[(8S)-epoxy-(2E,6E)-farnesyl]-6-(pyridin-3-yl)-2H-pyran-4-olate	CHEBI:149709	deacetylpyripyropene E	CHEBI:149710	Q4WLD2	RHEA:64348																																																																																																																																					
(4R)-limonene	CHEBI:15382	(4R)-perillyl alcohol	CHEBI:145806	W8X092	RHEA:62560		W8X9R6	RHEA:62560																																																																																																																																		
(4R)-limonene	CHEBI:15382	(1R,5S)-carveol	CHEBI:15388	P0DO38	RHEA:18957		P0DO39	RHEA:18957		P0DO40	RHEA:18957		P0DO41	RHEA:18957		P0DO42	RHEA:18957		P11712	RHEA:18957	not specified	P33261	RHEA:18957	not specified																																																																																																																		
(4R)-limonene	CHEBI:15382	limonene 1,2-epoxide	CHEBI:16431	Q9EUT9	RHEA:26093; RHEA:26097	not specified																																																																																																																																				
(4R)-limonene	CHEBI:15382	(1R,6S)-isopiperitenol	CHEBI:169979	P0DO35	RHEA:67416																																																																																																																																					
(4S)-limonene	CHEBI:15383	(4S)-perillyl alcohol	CHEBI:10782	P11712	RHEA:23432	not specified	P33261	RHEA:23432	not specified	W8X092	RHEA:62564		W8X9R6	RHEA:62564																																																																																																																												
(4S)-limonene	CHEBI:15383	(1S,5R)-carveol	CHEBI:15389	P0DO35	RHEA:17945		P0DO38	RHEA:17945		P0DO39	RHEA:17945		P0DO40	RHEA:17945		P0DO41	RHEA:17945		P0DO42	RHEA:17945		P11712	RHEA:17945	not specified	P33261	RHEA:17945	not specified																																																																																																															
(4S)-limonene	CHEBI:15383	limonene 1,2-epoxide	CHEBI:16431	Q9EUT9	RHEA:26085; RHEA:26089	not specified																																																																																																																																				
(1S,5R)-carveol	CHEBI:15389	(R)-carvone	CHEBI:15400	Q9RA05	RHEA:25844	not specified																																																																																																																																				
(1R,4R)-bornane-2,5-dione	CHEBI:15392	(1R,4R)-5-oxo-1,2-campholide	CHEBI:18130	M5AWY0	RHEA:34415	not specified	Q6STM1	RHEA:34415	not specified																																																																																																																																	
(1R,4R,5R)-5-hydroxycamphor	CHEBI:15398	(1R,4R)-bornane-2,5-dione	CHEBI:15392	P09347	RHEA:32879	not specified																																																																																																																																				
(1R,4R)-dihydrocarvone	CHEBI:154	(4R,7R)-4-isopropenyl-7-methyloxepan-2-one	CHEBI:228	P82679	RHEA:52824																																																																																																																																					
(2R,3R)-dihydrokaempferol	CHEBI:15401	(2R,3R)-dihydroquercetin	CHEBI:17948	A0A4D6Q415	RHEA:61112																																																																																																																																					
(1R,4S)-menthone	CHEBI:15410	(R)-pulegone	CHEBI:35596	Q6WAU0	RHEA:25641	not specified																																																																																																																																				
(1R,4S)-menthone	CHEBI:15410	(4R,7S)-7-isopropyl-4-methyloxepan-2-one	CHEBI:50250	P82679	RHEA:32431																																																																																																																																					
perillyl alcohol	CHEBI:15420	perillyl aldehyde	CHEBI:15421	H1ZV38	RHEA:10664																																																																																																																																					
perillyl aldehyde	CHEBI:15421	perillate	CHEBI:62641	H1ZV37	RHEA:31299																																																																																																																																					
squalene	CHEBI:15440	(S)-2,3-epoxysqualene	CHEBI:15441	B7FXW1	RHEA:58916	not specified	B7TWW5	RHEA:25282		I1RQ76	RHEA:25282		O13306	RHEA:25282	not specified	O48651	RHEA:25282		O65402	RHEA:25282	not specified	O65403	RHEA:25282	not specified	O65404	RHEA:25282	not specified	O65726	RHEA:25282	not specified	O65727	RHEA:25282	not specified	O81000	RHEA:25282	not specified	P32476	RHEA:25282	not specified	P52019	RHEA:25282	not specified	P52020	RHEA:25282	not specified	Q14534	RHEA:25282	not specified	Q75F69	RHEA:25282	not specified	Q8VYH2	RHEA:25282	not specified	Q92206	RHEA:25282		Q9C1W3	RHEA:25282		Q9SM02	RHEA:25282	not specified																																																																											
squalene	CHEBI:15440	hopan-22-ol	CHEBI:36484	B6K412	RHEA:16561		P33247	RHEA:16561		P33990	RHEA:16561	not specified	P54924	RHEA:16561	not specified	P55348	RHEA:16561	not specified																																																																																																																								
squalene	CHEBI:15440	hop-22(29)-ene	CHEBI:4648	B6K412	RHEA:17637		P33247	RHEA:17637		P33990	RHEA:17637	not specified	P54924	RHEA:17637	not specified	P55348	RHEA:17637	not specified																																																																																																																								
squalene	CHEBI:15440	dammara-20,24-diene	CHEBI:62447	B3Y522	RHEA:31023	not specified																																																																																																																																				
squalene	CHEBI:15440	tetrahymanol	CHEBI:9493	Q24FB1	RHEA:30675																																																																																																																																					
(S)-2,3-epoxysqualene	CHEBI:15441	alpha-amyrin	CHEBI:10213	E7DN64	RHEA:31387	not specified	Q8RWT0	RHEA:31387	not specified	Q9LRH7	RHEA:31387	not specified																																																																																																																														
(S)-2,3-epoxysqualene	CHEBI:15441	beta-amyrin	CHEBI:10352	A0A067FI21	RHEA:31007		A0A0S2IHL6	RHEA:31007		A0A0U2U4F3	RHEA:31007		A0AAW1L0L7	RHEA:31007		A8C980	RHEA:31007		A8C981	RHEA:31007		A8CDT2	RHEA:31007		B6EXY6	RHEA:31007	not specified	E7DN63	RHEA:31007	not specified	E7DN64	RHEA:31007	not specified	O82140	RHEA:31007		O82146	RHEA:31007		Q8RWT0	RHEA:31007	not specified	Q8W3Z1	RHEA:31007	not specified	Q9C5M3	RHEA:31007	not specified	Q9LRH7	RHEA:31007	not specified	Q9LRH8	RHEA:31007	not specified	Q9MB42	RHEA:31007																																																																																		
(S)-2,3-epoxysqualene	CHEBI:15441	lanosterol	CHEBI:16521	A0A0E0SP71	RHEA:14621		D7NJ68	RHEA:14621		P38604	RHEA:14621		P48449	RHEA:14621		P48450	RHEA:14621	not specified	P84466	RHEA:14621	not specified	Q04782	RHEA:14621		Q10231	RHEA:14621		Q1G1A4	RHEA:14621		Q4WES9	RHEA:14621		Q4WQ95	RHEA:14621		Q8BLN5	RHEA:14621	not specified	Q96WJ0	RHEA:14621	not specified																																																																																																
(S)-2,3-epoxysqualene	CHEBI:15441	cycloartenol	CHEBI:17030	A0A125SXN3	RHEA:21308	not specified	E2IUB0	RHEA:21308	not specified	O82139	RHEA:21308	not specified	P38605	RHEA:21308		Q2XPU6	RHEA:21308	not specified	Q55D85	RHEA:21308	not specified	Q6BE25	RHEA:21308	not specified	Q6Z2X6	RHEA:21308	not specified	Q8W3Z3	RHEA:21308	not specified	Q8W3Z4	RHEA:21308	not specified	Q9SLP9	RHEA:21308	not specified	Q9SXV6	RHEA:21308	not specified																																																																																																			
(S)-2,3-epoxysqualene	CHEBI:15441	motiol	CHEBI:231458	A0A2B7YDW3	RHEA:80215																																																																																																																																					
(S)-2,3-epoxysqualene	CHEBI:15441	isomotiol	CHEBI:232471	P9WEH1	RHEA:82723																																																																																																																																					
(S)-2,3-epoxysqualene	CHEBI:15441	friedelin	CHEBI:5171	E2IUA8	RHEA:31863	not specified																																																																																																																																				
(S)-2,3-epoxysqualene	CHEBI:15441	thalianol	CHEBI:52317	Q9FI37	RHEA:26160	not specified																																																																																																																																				
(S)-2,3-epoxysqualene	CHEBI:15441	isomultiflorenol	CHEBI:62262	Q948R6	RHEA:30451	not specified																																																																																																																																				
(S)-2,3-epoxysqualene	CHEBI:15441	dammarenediol-II	CHEBI:62416	Q08IT1	RHEA:30855																																																																																																																																					
(S)-2,3-epoxysqualene	CHEBI:15441	camelliol C	CHEBI:62452	P0C8Y0	RHEA:31011	not specified																																																																																																																																				
(S)-2,3-epoxysqualene	CHEBI:15441	germanicol	CHEBI:62455	A8C980	RHEA:31003		Q9C5M3	RHEA:31003	not specified																																																																																																																																	
(S)-2,3-epoxysqualene	CHEBI:15441	cucurbitadienol	CHEBI:62456	K7NBZ9	RHEA:30999		Q6BE24	RHEA:30999	not specified																																																																																																																																	
(S)-2,3-epoxysqualene	CHEBI:15441	(17Z)-protosta-17(20),24-dien-3beta-ol	CHEBI:62457	A1CVK0	RHEA:30987	not specified	B0Y5B4	RHEA:30987	not specified	E4V6I8	RHEA:30987	not specified	Q4WR16	RHEA:30987	not specified																																																																																																																											
(S)-2,3-epoxysqualene	CHEBI:15441	shionone	CHEBI:63459	F8WQD0	RHEA:31847	not specified																																																																																																																																				
(S)-2,3-epoxysqualene	CHEBI:15441	parkeol	CHEBI:63460	H2KWF1	RHEA:31851	not specified																																																																																																																																				
(S)-2,3-epoxysqualene	CHEBI:15441	achilleol B	CHEBI:63461	Q2R712	RHEA:31855	not specified																																																																																																																																				
(S)-2,3-epoxysqualene	CHEBI:15441	glutinol	CHEBI:63462	E2IUA7	RHEA:31859	not specified																																																																																																																																				
(S)-2,3-epoxysqualene	CHEBI:15441	baccharis oxide	CHEBI:63463	B9X0J1	RHEA:31867	not specified																																																																																																																																				
(S)-2,3-epoxysqualene	CHEBI:15441	alpha-seco-amyrin	CHEBI:63464	Q9SYN1	RHEA:31871	not specified																																																																																																																																				
(S)-2,3-epoxysqualene	CHEBI:15441	marneral	CHEBI:63465	Q9FJV8	RHEA:31875	not specified																																																																																																																																				
(S)-2,3-epoxysqualene	CHEBI:15441	beta-seco-amyrin	CHEBI:63466	Q9SYN1	RHEA:31879	not specified																																																																																																																																				
(S)-2,3-epoxysqualene	CHEBI:15441	delta-amyrin	CHEBI:63467	E7DN64	RHEA:31883	not specified																																																																																																																																				
(S)-2,3-epoxysqualene	CHEBI:15441	tirucalla-7,24-dien-3beta-ol	CHEBI:63468	A0A067ECN5	RHEA:31887		A0A5B8NBE6	RHEA:31887		A0A5B8NBN0	RHEA:31887		P0DXI2	RHEA:31887		Q9LVY2	RHEA:31887	not specified																																																																																																																								
(S)-2,3-epoxysqualene	CHEBI:15441	baruol	CHEBI:63712	O23390	RHEA:31987	not specified																																																																																																																																				
(S)-2,3-epoxysqualene	CHEBI:15441	lupeol	CHEBI:6570	A0A067DDU9	RHEA:31383		A8C980	RHEA:31383		A8C981	RHEA:31383		A8CDT3	RHEA:31383		E2IUA9	RHEA:31383	not specified	P0DXI1	RHEA:31383		Q2XPU7	RHEA:31383	not specified	Q764T8	RHEA:31383	not specified	Q8RWT0	RHEA:31383	not specified	Q8W3Z2	RHEA:31383	not specified	Q9C5M3	RHEA:31383	not specified																																																																																																						
(S)-2,3-epoxysqualene	CHEBI:15441	taraxerol	CHEBI:9402	A8C981	RHEA:30431		E2IUA6	RHEA:30431	not specified																																																																																																																																	
dauca-4,7-diene	CHEBI:155906	asperaculane D	CHEBI:155907	A0A1L9WVI3	RHEA:65076																																																																																																																																					
asperaculane D	CHEBI:155907	asperaculane E	CHEBI:155909	A0A1L9WUS5	RHEA:65080																																																																																																																																					
asperaculane E	CHEBI:155909	aculene D	CHEBI:155910	A0A1L9WUV2	RHEA:65084																																																																																																																																					
asperaculane E	CHEBI:155909	asperaculane G	CHEBI:155911	A0A1L9WUV2	RHEA:65088																																																																																																																																					
aculene D	CHEBI:155910	aculene C	CHEBI:155912	A0A1L9WUX8	RHEA:65112																																																																																																																																					
aculene D	CHEBI:155910	aculene B	CHEBI:155913	A0A1L9WUI4	RHEA:65104																																																																																																																																					
asperaculane G	CHEBI:155911	aculene D	CHEBI:155910	A0A1L9WUV2	RHEA:65092																																																																																																																																					
aculene C	CHEBI:155912	aculene A	CHEBI:155914	A0A1L9WUI4	RHEA:65108																																																																																																																																					
aculene B	CHEBI:155913	aculene A	CHEBI:155914	A0A1L9WUX8	RHEA:65116																																																																																																																																					
preaustinoid A2	CHEBI:156343	preaustinoid A3	CHEBI:156346	A0A0F7TZD6	RHEA:65156		A0A0U5GHG9	RHEA:65156		Q5AR34	RHEA:65156																																																																																																																															
protoaustinoid A	CHEBI:156350	protoaustinoid B	CHEBI:156380	A0A1E1FFP5	RHEA:65176																																																																																																																																					
protoaustinoid A	CHEBI:156350	berkeleyone A	CHEBI:69024	A0A0F7TXA8	RHEA:65140		A0A0U4ZPL6	RHEA:65140		Q5ATK1	RHEA:65140																																																																																																																															
protoaustinoid B	CHEBI:156380	preaustinoid A	CHEBI:69023	A0A1E1FFN7	RHEA:65180																																																																																																																																					
verruculide C	CHEBI:156409	verruculide C epoxide	CHEBI:156410	A0A3G9GX61	RHEA:65256																																																																																																																																					
verruculide C epoxide	CHEBI:156410	3-hydroxypentacecilide A	CHEBI:156411	A0A3G9H8P0	RHEA:65260																																																																																																																																					
3-hydroxypentacecilide A	CHEBI:156411	chrodrimanin C	CHEBI:156412	A0A3G9HAL8	RHEA:65264																																																																																																																																					
3-hydroxypentacecilide A	CHEBI:156411	chrodrimanin F	CHEBI:156415	A0A3G9GNK2	RHEA:65268																																																																																																																																					
chrodrimanin C	CHEBI:156412	verruculide A	CHEBI:156413	A0A3G9H185	RHEA:65300																																																																																																																																					
chrodrimanin C	CHEBI:156412	chrodrimanin H	CHEBI:156416	A0A3G9GNK2	RHEA:65272																																																																																																																																					
verruculide A	CHEBI:156413	chrodrimanin T	CHEBI:156414	A0A3G9GR23	RHEA:65304																																																																																																																																					
verruculide A	CHEBI:156413	chrodrimanin E	CHEBI:156417	A0A3G9GNK2	RHEA:65332																																																																																																																																					
chrodrimanin T	CHEBI:156414	chrodrimanin A	CHEBI:156418	A0A3G9GNK2	RHEA:65336																																																																																																																																					
chrodrimanin F	CHEBI:156415	chrodrimanin H	CHEBI:156416	A0A3G9HAL8	RHEA:65328																																																																																																																																					
chrodrimanin H	CHEBI:156416	chrodrimanin E	CHEBI:156417	A0A3G9H185	RHEA:65316																																																																																																																																					
chrodrimanin E	CHEBI:156417	chrodrimanin A	CHEBI:156418	A0A3G9GR23	RHEA:65320																																																																																																																																					
chrodrimanin A	CHEBI:156418	chrodrimanin B	CHEBI:156420	A0A3G9GUR6	RHEA:65324																																																																																																																																					
asnovolin A	CHEBI:156459	fumigatonoid A	CHEBI:167687	A0A2I1BSX0	RHEA:67096																																																																																																																																					
chermesin D	CHEBI:156464	asnovolin I	CHEBI:167684	A0A2I1BSU0	RHEA:67048																																																																																																																																					
chermesin D	CHEBI:156464	chermesin D methyl ester	CHEBI:167691	A0A2I1BSV7	RHEA:67056																																																																																																																																					
asnovolin H	CHEBI:156465	chermesin D	CHEBI:156464	A0A2I1BSW8	RHEA:67044																																																																																																																																					
cholesterol	CHEBI:16113	25-hydroxycholesterol	CHEBI:42977	P11712	RHEA:50256																																																																																																																																					
orsellinate	CHEBI:16162	ilicicolinate B	CHEBI:146152	A0A455R413	RHEA:63012																																																																																																																																					
(2Z,6E)-farnesyl diphosphate	CHEBI:162247	(-)-alpha-cedrene	CHEBI:10216	Q40577	RHEA:31423																																																																																																																																					
(2Z,6E)-farnesyl diphosphate	CHEBI:162247	(Z)-alpha-bisabolene	CHEBI:49241	A0A386JV86	RHEA:68844	not specified																																																																																																																																				
(2Z,6E)-farnesyl diphosphate	CHEBI:162247	(-)-beta-curcumene	CHEBI:62760	Q40577	RHEA:31419		Q6JD70	RHEA:31419		Q6JD73	RHEA:31419																																																																																																																															
(2Z,6E)-farnesyl diphosphate	CHEBI:162247	(+)-2-epi-prezizaene	CHEBI:62762	Q40577	RHEA:31415																																																																																																																																					
(2Z,6E)-farnesyl diphosphate	CHEBI:162247	(-)-gamma-cadinene	CHEBI:63203	C7PLV2	RHEA:28639	not specified																																																																																																																																				
6-hydroxymellein	CHEBI:16368	verruculide C	CHEBI:156409	A0A3G9GNJ4	RHEA:65252																																																																																																																																					
limonene 1,2-epoxide	CHEBI:16431	limonene-1,2-diol	CHEBI:17219	Q9ZAG3	RHEA:10700	not specified																																																																																																																																				
triacetate lactone	CHEBI:16458	(2E,6E,10E)-geranylgeranyl-triacetate lactone	CHEBI:231737	Q4WBI5	RHEA:80863																																																																																																																																					
17beta-estradiol	CHEBI:16469	2-hydroxy-17beta-estradiol	CHEBI:28744	P11712	RHEA:47212																																																																																																																																					
(1S,4R)-isodihydrocarvone	CHEBI:166	(3S,6R)-6-isopropenyl-3-methyloxepan-2-one	CHEBI:64232	P82679	RHEA:52828																																																																																																																																					
preasperterpenoid A	CHEBI:167511	asperterpenoid A	CHEBI:167512	A0A3S9NM20	RHEA:66836																																																																																																																																					
asperterpenoid A	CHEBI:167512	asperterpenoid B	CHEBI:167513	A0A3S9NM20	RHEA:66840																																																																																																																																					
asperterpenoid A	CHEBI:167512	asperterpenoid C	CHEBI:167514	A0A3Q9FEJ4	RHEA:66844																																																																																																																																					
quiannulatene	CHEBI:167518	quiannulatate	CHEBI:167519	A0A1Y1C7S2	RHEA:66868																																																																																																																																					
(3R)-[(10S)-11-epoxyfarnesyl]-2,3,5-trimethyl-6-oxido-4-oxocyclohexa-1,5-diene-1-carboxylate	CHEBI:167682	asnovolin H	CHEBI:156465	A0A2I1BT01	RHEA:67040																																																																																																																																					
asnovolin J	CHEBI:167683	asnovolin A	CHEBI:156459	A0A2I1BSU0	RHEA:67052																																																																																																																																					
asnovolin I	CHEBI:167684	asnovolin K	CHEBI:167685	A0A2I1BSV7	RHEA:67060																																																																																																																																					
asnovolin K	CHEBI:167685	asnovolin A	CHEBI:156459	A0A2I1BSW0	RHEA:67064																																																																																																																																					
fumigatonoid B	CHEBI:167688	fumigatonoid C	CHEBI:167689	A0A2I1BSW6	RHEA:67100																																																																																																																																					
fumigatonoid C	CHEBI:167689	novofumigatonin	CHEBI:156460	A0A2I1BSZ6	RHEA:67104																																																																																																																																					
chermesin D methyl ester	CHEBI:167691	asnovolin J	CHEBI:167683	A0A2I1BSW0	RHEA:67068																																																																																																																																					
(2E)-geranial	CHEBI:16980	geranate	CHEBI:67260	H1ZV37	RHEA:34351																																																																																																																																					
N-geranyl-L-glutamate	CHEBI:172365	N-(8'-hydroxygeranyl)-L-glutamate	CHEBI:176971	A0A386KZI3	RHEA:68160																																																																																																																																					
pentalenene	CHEBI:17251	pentalen-13-al	CHEBI:63244	Q82IY3	RHEA:31699	not specified																																																																																																																																				
estrone	CHEBI:17263	2-hydroxyestrone	CHEBI:1156	P11712	RHEA:47208																																																																																																																																					
(2E)-geraniol	CHEBI:17447	(2E)-geranial	CHEBI:16980	H1ZV38	RHEA:34347																																																																																																																																					
(2E)-geraniol	CHEBI:17447	(S)-linalool	CHEBI:98	E1XUJ2	RHEA:30715	not specified																																																																																																																																				
kievitone hydrate	CHEBI:17529	kievitone	CHEBI:16832	Q00870	RHEA:23604	not specified																																																																																																																																				
(2E,6E)-farnesyl diphosphate	CHEBI:175763	alpha-zingiberene	CHEBI:10115	C5YHH7	RHEA:28643	not specified	Q2NM15	RHEA:28643		Q4KSH9	RHEA:28643		Q5SBP4	RHEA:28643	not specified																																																																																																																											
(2E,6E)-farnesyl diphosphate	CHEBI:175763	(-)-alpha-cedrene	CHEBI:10216	G8H5N1	RHEA:68536																																																																																																																																					
(2E,6E)-farnesyl diphosphate	CHEBI:175763	alpha-copaene	CHEBI:10221	A0A2R4QKX7	RHEA:33991		A0A348B779	RHEA:33991		A0A348B780	RHEA:33991		B8PD44	RHEA:33991		B9S9Z3	RHEA:33991	not specified	H9L9E5	RHEA:33991		J7LP58	RHEA:33991	not specified	Q29VN3	RHEA:33991		Q2NM15	RHEA:33991		Q4U3F6	RHEA:33991		Q84UU4	RHEA:33991																																																																																																							
(2E,6E)-farnesyl diphosphate	CHEBI:175763	alpha-eudesmol	CHEBI:10278	B1B1U4	RHEA:30951	not specified																																																																																																																																				
(2E,6E)-farnesyl diphosphate	CHEBI:175763	(3E,6E)-alpha-farnesene	CHEBI:10280	A0A385AJN0	RHEA:27421		A0A858E4Y8	RHEA:27421		A0A858EAD5	RHEA:27421		A4FVP2	RHEA:27421		B2KSJ6	RHEA:27421	not specified	B9RXW0	RHEA:27421	not specified	F0ZDD0	RHEA:27421		F2XF99	RHEA:27421	not specified	P0CJ43	RHEA:27421	not specified	Q54TW4	RHEA:27421		Q55E23	RHEA:27421		Q84KL5	RHEA:27421	not specified	Q84LB2	RHEA:27421	not specified																																																																																																
(2E,6E)-farnesyl diphosphate	CHEBI:175763	(-)-(E)-beta-caryophyllene	CHEBI:10357	A0A142BX70	RHEA:28294		A0A1V0E492	RHEA:28294		A0A3L6G998	RHEA:28294		A0A5S9I252	RHEA:28294		A0A7J6HK32	RHEA:28294		A0A8H7XP09	RHEA:28294		B2C4D0	RHEA:28294		D5KXD2	RHEA:28294		E2E2N4	RHEA:28294		E2E2N5	RHEA:28294		F0ZL92	RHEA:28294		F8UL81	RHEA:28294		G8H5M8	RHEA:28294		I6RAQ6	RHEA:28294	not specified	K0K750	RHEA:28294	not specified	P9WEY4	RHEA:28294		P9WEY7	RHEA:28294		Q29VN3	RHEA:28294		Q2NM15	RHEA:28294		Q84UU4	RHEA:28294		Q8SA63	RHEA:28294	not specified	U3LVZ7	RHEA:28294																																																																						
(2E,6E)-farnesyl diphosphate	CHEBI:175763	beta-cubebene	CHEBI:10363	A0A7G5KLV1	RHEA:32019		A0A8H8CMW1	RHEA:32019		A8NU13	RHEA:32019	not specified	B3TPQ6	RHEA:32019	not specified	B8PD44	RHEA:32019																																																																																																																									
(2E,6E)-farnesyl diphosphate	CHEBI:175763	beta-eudesmol	CHEBI:10417	B1B1U4	RHEA:29495	not specified																																																																																																																																				
(2E,6E)-farnesyl diphosphate	CHEBI:175763	(E)-beta-farnesene	CHEBI:10418	A0A0B4G504	RHEA:27425		A0A385AJN0	RHEA:27425		A0A6P6W6H5	RHEA:27425		A0A8H7XP09	RHEA:27425		C7E5V7	RHEA:27425	not specified	C7E5V8	RHEA:27425	not specified	C7E5V9	RHEA:27425	not specified	C7E5W0	RHEA:27425	not specified	F0ZDD0	RHEA:27425		F0ZL92	RHEA:27425		G5CV52	RHEA:27425		G8H5M9	RHEA:27425		G8H5N0	RHEA:27425		G8H5N1	RHEA:27425		O48935	RHEA:27425	not specified	Q2NM15	RHEA:27425		Q4KSH9	RHEA:27425		Q54TW4	RHEA:27425		Q54YE2	RHEA:27425		Q6JD70	RHEA:27425		Q6JD73	RHEA:27425		Q84ZW8	RHEA:27425		Q94JS8	RHEA:27425	not specified	Q9FXY7	RHEA:27425	not specified	Q9K498	RHEA:27425	not specified	U5PZT6	RHEA:27425																																																										
(2E,6E)-farnesyl diphosphate	CHEBI:175763	(-)-beta-santalene	CHEBI:10440	E3W202	RHEA:31431	not specified	E3W203	RHEA:31431	not specified	E3W204	RHEA:31431	not specified																																																																																																																														
(2E,6E)-farnesyl diphosphate	CHEBI:175763	(+)-beta-selinene	CHEBI:10443	A0A291LSD6	RHEA:29483		Q5SBP7	RHEA:29483	not specified																																																																																																																																	
(2E,6E)-farnesyl diphosphate	CHEBI:175763	(1R,2R)-delta-elemene	CHEBI:132830	F0ZL92	RHEA:74143																																																																																																																																					
(2E,6E)-farnesyl diphosphate	CHEBI:175763	beta-maaliene	CHEBI:132831	Q86II4	RHEA:73951																																																																																																																																					
(2E,6E)-farnesyl diphosphate	CHEBI:175763	(+)-isoafricanol	CHEBI:137522	A0A291SJC7	RHEA:53616	not specified	A0A5S9I252	RHEA:53616		G2P5T1	RHEA:53616	not specified																																																																																																																														
(2E,6E)-farnesyl diphosphate	CHEBI:175763	(2S,3R,6S,9S)-(-)-protoillud-7-ene	CHEBI:137530	A0A151ZEA6	RHEA:53628		A0A385AJM2	RHEA:53628		A0A385AJM4	RHEA:53628		F0ZLU4	RHEA:53628		F4Q7D4	RHEA:53628		Q54P86	RHEA:53628																																																																																																																						
(2E,6E)-farnesyl diphosphate	CHEBI:175763	(3S)-(+)-asterisca-2(9),6-diene	CHEBI:137531	Q7KWU0	RHEA:53632																																																																																																																																					
(2E,6E)-farnesyl diphosphate	CHEBI:175763	(-)-alpha-amorphene	CHEBI:137533	D9XDR8	RHEA:53640	not specified																																																																																																																																				
(2E,6E)-farnesyl diphosphate	CHEBI:175763	(+)-corvol ether A	CHEBI:137535	A0A0B4FWC3	RHEA:53648		A0A0B4G3Q7	RHEA:53648		A0A0B4GN88	RHEA:53648		A0A0B4IF96	RHEA:53648		E4N7E5	RHEA:53648	not specified	E9E766	RHEA:53648																																																																																																																						
(2E,6E)-farnesyl diphosphate	CHEBI:175763	(+)-corvol ether B	CHEBI:137536	A0A0B4FWC3	RHEA:53644		A0A0B4G3Q7	RHEA:53644		A0A0B4GN88	RHEA:53644		A0A0B4IF96	RHEA:53644		E4N7E5	RHEA:53644	not specified	E9E766	RHEA:53644																																																																																																																						
(2E,6E)-farnesyl diphosphate	CHEBI:175763	(+)-eremophilene	CHEBI:137562	A9FZ87	RHEA:52804	not specified	S0DX56	RHEA:52804	not specified																																																																																																																																	
(2E,6E)-farnesyl diphosphate	CHEBI:175763	(1R,4R,5S)-(-)-guaia-6,10(14)-diene	CHEBI:137563	A0A1L7U8F2	RHEA:53668	not specified	A0A1L7VZE7	RHEA:53668	not specified	S0ENM8	RHEA:53668	not specified																																																																																																																														
(2E,6E)-farnesyl diphosphate	CHEBI:175763	(+)-(1(10)E,4E,6S,7R)-germacradien-6-ol	CHEBI:137564	E8W6C7	RHEA:12192	not specified																																																																																																																																				
(2E,6E)-farnesyl diphosphate	CHEBI:175763	10-epi-juneol	CHEBI:138037	A0A1L2D3T3	RHEA:14485																																																																																																																																					
(2E,6E)-farnesyl diphosphate	CHEBI:175763	7-epi-alpha-eudesmol	CHEBI:138040	D9XD61	RHEA:54044	not specified																																																																																																																																				
(2E,6E)-farnesyl diphosphate	CHEBI:175763	4-epi-cubebol	CHEBI:138041	D2B747	RHEA:54048	not specified																																																																																																																																				
(2E,6E)-farnesyl diphosphate	CHEBI:175763	tau-cadinol	CHEBI:138042	A0A1L2D3T3	RHEA:54052		Q5GJ59	RHEA:54052		U3LW50	RHEA:54052																																																																																																																															
(2E,6E)-farnesyl diphosphate	CHEBI:175763	(2E,6E)-hedycaryol	CHEBI:138043	A0A140KFG9	RHEA:54056		A0A4Y5QVX6	RHEA:54056																																																																																																																																		
(2E,6E)-farnesyl diphosphate	CHEBI:175763	(2Z,6E)-hedycaryol	CHEBI:138044	E4MYY0	RHEA:54060	not specified																																																																																																																																				
(2E,6E)-farnesyl diphosphate	CHEBI:175763	10-epi-cubebol	CHEBI:138045	A9GK58	RHEA:54064	not specified																																																																																																																																				
(2E,6E)-farnesyl diphosphate	CHEBI:175763	guaia-4,6-diene	CHEBI:138049	A0A142BX74	RHEA:54108																																																																																																																																					
(2E,6E)-farnesyl diphosphate	CHEBI:175763	selina-4(15),7(11)-diene	CHEBI:138051	B5HDJ6	RHEA:54112	not specified																																																																																																																																				
(2E,6E)-farnesyl diphosphate	CHEBI:175763	(+)-(2S,3R,9R)-pristinol	CHEBI:138165	A0A5S9I252	RHEA:54372		B5H7H3	RHEA:54372	not specified																																																																																																																																	
(2E,6E)-farnesyl diphosphate	CHEBI:175763	5-hydroxy-alpha-gurjunene	CHEBI:138167	A0A1L5YKS7	RHEA:54380																																																																																																																																					
(2E,6E)-farnesyl diphosphate	CHEBI:175763	delta-cadinene	CHEBI:140564	A0A1V0E4A6	RHEA:56556		A0A348B779	RHEA:56556		A0A348B780	RHEA:56556		A0A348B781	RHEA:56556		A0A348B782	RHEA:56556		A0A5Q0QMX0	RHEA:56556		A0A5Q0QMX1	RHEA:56556		A0A5Q0QP64	RHEA:56556		A0A5Q0QRJ3	RHEA:56556		A0A5Q0QU70	RHEA:56556		A0A8H8CMW1	RHEA:56556		B8PD44	RHEA:56556		I7H727	RHEA:56556		J7LP58	RHEA:56556	not specified	Q29VN3	RHEA:56556		Q2NM15	RHEA:56556																																																																																								
(2E,6E)-farnesyl diphosphate	CHEBI:175763	(6E)-nerolidol	CHEBI:141283	A0A4Y5QWA6	RHEA:56984		A0A4Y5QZ62	RHEA:56984		A0A858E4Y6	RHEA:56984		A0A858E7J4	RHEA:56984		A0A858E899	RHEA:56984		D5SL78	RHEA:56984	not specified	Q1XBU5	RHEA:56984	not specified	Q75J90	RHEA:56984																																																																																																																
(2E,6E)-farnesyl diphosphate	CHEBI:175763	7-epi-ent-eudesmane-5,11-diol	CHEBI:142536	A0A1D6EFT8	RHEA:58164		A0A3L6G2C1	RHEA:58164																																																																																																																																		
(2E,6E)-farnesyl diphosphate	CHEBI:175763	(-)-5-epi-eremophilene	CHEBI:142537	A0A1W6GW06	RHEA:58168		A0A1W6GW18	RHEA:58168		A0A1W6GW32	RHEA:58168																																																																																																																															
(2E,6E)-farnesyl diphosphate	CHEBI:175763	sesquisabinene B	CHEBI:143550	Q6JD70	RHEA:60016																																																																																																																																					
(2E,6E)-farnesyl diphosphate	CHEBI:175763	sesquisabinene A	CHEBI:143551	Q2NM15	RHEA:60020		Q6JD73	RHEA:60020																																																																																																																																		
(2E,6E)-farnesyl diphosphate	CHEBI:175763	valerianol	CHEBI:143779	A0A167V661	RHEA:60424		A0A348AUV5	RHEA:60424		A0A348AUV6	RHEA:60424		A0A348AUV7	RHEA:60424		A0A348AUV9	RHEA:60424		A0A348AUW0	RHEA:60424		A0A348AUW1	RHEA:60424																																																																																																																			
(2E,6E)-farnesyl diphosphate	CHEBI:175763	(5S,9S,10S)-drim-7-en-11-yl diphosphate	CHEBI:149665	A0A2P2GK84	RHEA:81103		F8JSS1	RHEA:81103																																																																																																																																		
(2E,6E)-farnesyl diphosphate	CHEBI:175763	(1S,8aR)-delta-cadinene	CHEBI:15385	B2KSJ5	RHEA:19525	not specified	B9S9Z3	RHEA:19525	not specified	K4L9M2	RHEA:19525	not specified	O49853	RHEA:19525	not specified	P93665	RHEA:19525	not specified	Q39760	RHEA:19525		Q39761	RHEA:19525	not specified	Q43714	RHEA:19525	not specified																																																																																																															
(2E,6E)-farnesyl diphosphate	CHEBI:175763	squalene	CHEBI:15440	A0A1D8PI71	RHEA:32295; RHEA:32299		A0A1P7Y0A2	RHEA:32295; RHEA:32299		A0A1P7Y0A8	RHEA:32295; RHEA:32299		A0A1P7Y0C9	RHEA:32295; RHEA:32299		A0A1P7Y0D0	RHEA:32295; RHEA:32299		A0A1P7Y0D4	RHEA:32295; RHEA:32299		A0A345BJQ0	RHEA:32295; RHEA:32299	not specified	A0A3G1DJL2	RHEA:32295; RHEA:32299	not specified	A0SJQ5	RHEA:32295; RHEA:32299		C9E894	RHEA:32295; RHEA:32299		D2K762	RHEA:32295; RHEA:32299		O48666	RHEA:32295; RHEA:32299		O74165	RHEA:32295; RHEA:32299	not specified	P29704	RHEA:32295; RHEA:32299		P36596	RHEA:32295; RHEA:32299		P37268	RHEA:32295; RHEA:32299		P53798	RHEA:32295; RHEA:32299		P53799	RHEA:32295; RHEA:32299	not specified	P53800	RHEA:32295; RHEA:32299	not specified	P78589	RHEA:32295; RHEA:32299		Q02769	RHEA:32295; RHEA:32299		Q32KR6	RHEA:32295; RHEA:32299		Q54DR1	RHEA:32295; RHEA:32299	not specified	Q5R6U3	RHEA:32295; RHEA:32299		Q752X9	RHEA:32295; RHEA:32299	not specified	Q7S4Z6	RHEA:32295; RHEA:32299	not specified	Q92459	RHEA:32295; RHEA:32299	not specified	Q9HGZ6	RHEA:32295; RHEA:32299	not specified	Q9Y753	RHEA:32295; RHEA:32299	not specified	V6RPN0	RHEA:32295; RHEA:32299																																														
(2E,6E)-farnesyl diphosphate	CHEBI:175763	dauca-4,7-diene	CHEBI:155906	A0A1L9WUI2	RHEA:65072																																																																																																																																					
(2E,6E)-farnesyl diphosphate	CHEBI:175763	(-)-delta-cadinol	CHEBI:156223	A0A1V0E4A6	RHEA:69448																																																																																																																																					
(2E,6E)-farnesyl diphosphate	CHEBI:175763	trichodiene	CHEBI:15861	O13489	RHEA:12052	not specified	O59947	RHEA:12052	not specified	P13513	RHEA:12052	not specified	P27679	RHEA:12052	not specified	Q00835	RHEA:12052	not specified	Q00909	RHEA:12052	not specified	Q6A1B7	RHEA:12052	not specified	Q7LJF8	RHEA:12052	not specified	Q7LJR6	RHEA:12052	not specified	Q8NIC1	RHEA:12052	not specified	Q8NIC8	RHEA:12052	not specified	Q8NID7	RHEA:12052	not specified	Q8NIG9	RHEA:12052	not specified	Q8NIH0	RHEA:12052	not specified	Q8NIH3	RHEA:12052	not specified	Q8NIH6	RHEA:12052	not specified	Q8NJA1	RHEA:12052	not specified																																																																																				
(2E,6E)-farnesyl diphosphate	CHEBI:175763	(2E,6E)-farnesol	CHEBI:16619	Q84ZW8	RHEA:27526																																																																																																																																					
(2E,6E)-farnesyl diphosphate	CHEBI:175763	allo-aromadendrene	CHEBI:166670	A0A1V0QSG6	RHEA:67400		E2E2N7	RHEA:67400																																																																																																																																		
(2E,6E)-farnesyl diphosphate	CHEBI:175763	koraiol	CHEBI:167323	S0ECT9	RHEA:66640																																																																																																																																					
(2E,6E)-farnesyl diphosphate	CHEBI:175763	(-)-alpha-acorenol	CHEBI:167324	S0EGZ9	RHEA:66636																																																																																																																																					
(2E,6E)-farnesyl diphosphate	CHEBI:175763	trichobrasilenol	CHEBI:167379	A0A5S9I252	RHEA:66644		P9WER0	RHEA:66644																																																																																																																																		
(2E,6E)-farnesyl diphosphate	CHEBI:175763	african-3-ene	CHEBI:167380	A0A5S9I252	RHEA:66648																																																																																																																																					
(2E,6E)-farnesyl diphosphate	CHEBI:175763	african-1-ene	CHEBI:167381	A0A5S9I252	RHEA:66652																																																																																																																																					
(2E,6E)-farnesyl diphosphate	CHEBI:175763	aristolene	CHEBI:167397	Q86II4	RHEA:73963																																																																																																																																					
(2E,6E)-farnesyl diphosphate	CHEBI:175763	calarene	CHEBI:167398	Q86II4	RHEA:73979																																																																																																																																					
(2E,6E)-farnesyl diphosphate	CHEBI:175763	pentalenene	CHEBI:17251	A0A348B788	RHEA:18081		E3VWJ0	RHEA:18081	not specified	Q55012	RHEA:18081	not specified	Q82IY4	RHEA:18081	not specified																																																																																																																											
(2E,6E)-farnesyl diphosphate	CHEBI:175763	beta-acoradiene	CHEBI:172925	G8H5M9	RHEA:68520		G8H5N1	RHEA:68520		Q4KSH9	RHEA:68520																																																																																																																															
(2E,6E)-farnesyl diphosphate	CHEBI:175763	(1S,6S,7R)-sesquipiperitol	CHEBI:173121	A0A343W969	RHEA:68852	not specified																																																																																																																																				
(2E,6E)-farnesyl diphosphate	CHEBI:175763	gamma-gurjunene	CHEBI:178033	G5CV52	RHEA:68400		G8H5N0	RHEA:68400																																																																																																																																		
(2E,6E)-farnesyl diphosphate	CHEBI:175763	beta-ylangene	CHEBI:188453	A0A7G5KLV1	RHEA:69775																																																																																																																																					
(2E,6E)-farnesyl diphosphate	CHEBI:175763	discoidol	CHEBI:192996	Q54BE5	RHEA:73987																																																																																																																																					
(2E,6E)-farnesyl diphosphate	CHEBI:175763	(-)-beta-barbatene	CHEBI:193072	Q54YE1	RHEA:73983		Q54YE2	RHEA:73983																																																																																																																																		
(2E,6E)-farnesyl diphosphate	CHEBI:175763	(+)-beta-barbatene	CHEBI:193086	Q4KSH9	RHEA:81463																																																																																																																																					
(2E,6E)-farnesyl diphosphate	CHEBI:175763	(+)-exo-beta-bergamotene	CHEBI:193166	M4VQY9	RHEA:74587																																																																																																																																					
(2E,6E)-farnesyl diphosphate	CHEBI:175763	(1R,4R,5S)-acoradiene	CHEBI:194028	B8NHE0	RHEA:77071																																																																																																																																					
(2E,6E)-farnesyl diphosphate	CHEBI:175763	silphinene	CHEBI:229523	A0A516F405	RHEA:78655																																																																																																																																					
(2E,6E)-farnesyl diphosphate	CHEBI:175763	palustrol	CHEBI:231493	A0A1V0QSG6	RHEA:80399																																																																																																																																					
(2E,6E)-farnesyl diphosphate	CHEBI:175763	selina-6-en-4-ol	CHEBI:231497	A0A1V0QSF6	RHEA:80403																																																																																																																																					
(2E,6E)-farnesyl diphosphate	CHEBI:175763	(+)-sativene	CHEBI:231783	A0A8H8CMW1	RHEA:33119		A8NU13	RHEA:33119	not specified																																																																																																																																	
(2E,6E)-farnesyl diphosphate	CHEBI:175763	(S,S)-drim-8-en-11-yl diphosphate	CHEBI:231796	A0A6A6H2E0	RHEA:80979																																																																																																																																					
(2E,6E)-farnesyl diphosphate	CHEBI:175763	(-)-longiborneol	CHEBI:233473	I1S104	RHEA:83907																																																																																																																																					
(2E,6E)-farnesyl diphosphate	CHEBI:175763	(-)-dauca-4(11),8-diene	CHEBI:234437	Q0CPG8	RHEA:85535																																																																																																																																					
(2E,6E)-farnesyl diphosphate	CHEBI:175763	sterpurene	CHEBI:234481	A0A8H7XQ49	RHEA:85615		A0A8H8CFI5	RHEA:85615																																																																																																																																		
(2E,6E)-farnesyl diphosphate	CHEBI:175763	africanol	CHEBI:234485	P9WEE7	RHEA:85623																																																																																																																																					
(2E,6E)-farnesyl diphosphate	CHEBI:175763	(+)-5-epi-aristolochene	CHEBI:23925	O65323	RHEA:28635	not specified	Q40577	RHEA:28635		Q84LF0	RHEA:28635	not specified	Q84LF1	RHEA:28635	not specified	Q84LF2	RHEA:28635	not specified	Q84LG0	RHEA:28635	not specified																																																																																																																					
(2E,6E)-farnesyl diphosphate	CHEBI:175763	beta-cadinene	CHEBI:27723	I1ZHA5	RHEA:68596																																																																																																																																					
(2E,6E)-farnesyl diphosphate	CHEBI:175763	germacrene A	CHEBI:36517	G8H5N2	RHEA:25452		T1RRI5	RHEA:25452		T1RRJ6	RHEA:25452		T1RRS0	RHEA:25452																																																																																																																												
(2E,6E)-farnesyl diphosphate	CHEBI:175763	(Z)-beta-farnesene	CHEBI:39242	G8H5M9	RHEA:68508		G8H5N1	RHEA:68508																																																																																																																																		
(2E,6E)-farnesyl diphosphate	CHEBI:175763	(+)-(R)-germacrene A	CHEBI:41595	A0A0D4D912	RHEA:12516		A8NE23	RHEA:12516	not specified	B0FGA9	RHEA:12516		B6SCF6	RHEA:12516	not specified	F8UL80	RHEA:12516		I6QSN0	RHEA:12516	not specified	Q49SP5	RHEA:12516	not specified	Q4U3F7	RHEA:12516		Q8LSC2	RHEA:12516	not specified	Q8LSC3	RHEA:12516	not specified																																																																																																									
(2E,6E)-farnesyl diphosphate	CHEBI:175763	(+)-aristolochene	CHEBI:43445	A0A0A2JB87	RHEA:19825		B6H063	RHEA:19825	not specified	Q03471	RHEA:19825	not specified	Q9UR08	RHEA:19825	not specified	W6Q4Q9	RHEA:19825	not specified																																																																																																																								
(2E,6E)-farnesyl diphosphate	CHEBI:175763	(1E,4S,5E,7R)-germacra-1(10),5-dien-11-ol	CHEBI:46734	Q6Q3H3	RHEA:22436	not specified	Q9X839	RHEA:22436	not specified																																																																																																																																	
(2E,6E)-farnesyl diphosphate	CHEBI:175763	(-)-vetispiradiene	CHEBI:46971	Q39978	RHEA:10340	not specified	Q39979	RHEA:10340	not specified	Q39980	RHEA:10340	not specified	Q9XJ32	RHEA:10340	not specified																																																																																																																											
(2E,6E)-farnesyl diphosphate	CHEBI:175763	(-)-germacrene D	CHEBI:49044	E2E2N8	RHEA:12016		I6QPS5	RHEA:12016	not specified	J9RLZ7	RHEA:12016	not specified	Q49SP4	RHEA:12016	not specified	Q49SP6	RHEA:12016	not specified	Q5SBP6	RHEA:12016	not specified	Q6Q3H3	RHEA:12016	not specified	Q9X839	RHEA:12016	not specified	U3LVL5	RHEA:12016																																																																																																													
(2E,6E)-farnesyl diphosphate	CHEBI:175763	germacrene D	CHEBI:49045	A0A142BX70	RHEA:68716		A0A2R4QKX7	RHEA:68716		A0A8H8CMW1	RHEA:68716		F0ZK52	RHEA:68716																																																																																																																												
(2E,6E)-farnesyl diphosphate	CHEBI:175763	(+)-germacrene D	CHEBI:49046	D8RLD3	RHEA:30427	not specified	Q0VHD6	RHEA:30427	not specified	Q29VN3	RHEA:30427		Q2NM15	RHEA:30427																																																																																																																												
(2E,6E)-farnesyl diphosphate	CHEBI:175763	(+)-guaia-6,9-diene	CHEBI:49204	O64404	RHEA:25448	not specified																																																																																																																																				
(2E,6E)-farnesyl diphosphate	CHEBI:175763	beta-himachalene	CHEBI:49210	O64405	RHEA:25468	not specified																																																																																																																																				
(2E,6E)-farnesyl diphosphate	CHEBI:175763	alpha-himachalene	CHEBI:49214	O64405	RHEA:25476	not specified																																																																																																																																				
(2E,6E)-farnesyl diphosphate	CHEBI:175763	gamma-himachalene	CHEBI:49224	O64405	RHEA:25472	not specified																																																																																																																																				
(2E,6E)-farnesyl diphosphate	CHEBI:175763	sibirene	CHEBI:49231	O64405	RHEA:25460	not specified																																																																																																																																				
(2E,6E)-farnesyl diphosphate	CHEBI:175763	(Z)-gamma-bisabolene	CHEBI:49238	G5CV54	RHEA:26081		Q9T0J9	RHEA:26081	not specified	Q9T0K1	RHEA:26081	not specified																																																																																																																														
(2E,6E)-farnesyl diphosphate	CHEBI:175763	(E)-gamma-bisabolene	CHEBI:49239	G5CV54	RHEA:28298		G8H5M9	RHEA:28298		G8H5N1	RHEA:28298		Q4QSN4	RHEA:28298	not specified																																																																																																																											
(2E,6E)-farnesyl diphosphate	CHEBI:175763	(Z)-alpha-bisabolene	CHEBI:49241	G8H5M9	RHEA:68532																																																																																																																																					
(2E,6E)-farnesyl diphosphate	CHEBI:175763	(E,R)-alpha-bisabolene	CHEBI:49243	A0A1L6Z3A5	RHEA:25436		O81086	RHEA:25436	not specified	P85964	RHEA:25436	not specified	U5PZT6	RHEA:25436																																																																																																																												
(2E,6E)-farnesyl diphosphate	CHEBI:175763	beta-bisabolene	CHEBI:49249	F6M8I0	RHEA:68528		G5CV54	RHEA:68528		G8H5M9	RHEA:68528		G8H5N1	RHEA:68528																																																																																																																												
(2E,6E)-farnesyl diphosphate	CHEBI:175763	(S)-beta-bisabolene	CHEBI:49263	D2YZP9	RHEA:28266	not specified	Q1EG72	RHEA:28266		Q2NM15	RHEA:28266		Q4KSH9	RHEA:28266		Q5GJ60	RHEA:28266		Q6JD70	RHEA:28266		Q6JD73	RHEA:28266		U5PZT6	RHEA:28266																																																																																																																
(2E,6E)-farnesyl diphosphate	CHEBI:175763	delta-selinene	CHEBI:49278	A0A1V0QSF6	RHEA:25440																																																																																																																																					
(2E,6E)-farnesyl diphosphate	CHEBI:175763	(+)-delta-selinene	CHEBI:49279	O64404	RHEA:30423	not specified	Q20HU6	RHEA:30423	not specified																																																																																																																																	
(2E,6E)-farnesyl diphosphate	CHEBI:175763	gamma-humulene	CHEBI:49290	O64405	RHEA:25456	not specified																																																																																																																																				
(2E,6E)-farnesyl diphosphate	CHEBI:175763	(+)-epi-isozizaene	CHEBI:51458	Q9K499	RHEA:25992	not specified																																																																																																																																				
(2E,6E)-farnesyl diphosphate	CHEBI:175763	(+)-amorpha-4,11-diene	CHEBI:52026	Q9AR04	RHEA:18325																																																																																																																																					
(2E,6E)-farnesyl diphosphate	CHEBI:175763	epi-cedrol	CHEBI:52226	Q9LLR9	RHEA:26115	not specified																																																																																																																																				
(2E,6E)-farnesyl diphosphate	CHEBI:175763	(1E,4E)-germacrene B	CHEBI:5337	A0A4Y5L9K3	RHEA:25444		G8H5M7	RHEA:25444		O64404	RHEA:25444	not specified	Q9FQ27	RHEA:25444	not specified																																																																																																																											
(2E,6E)-farnesyl diphosphate	CHEBI:175763	presqualene diphosphate	CHEBI:57310	P37268	RHEA:22672		P53798	RHEA:22672		Q02769	RHEA:22672		Q32KR6	RHEA:22672		Q5R6U3	RHEA:22672																																																																																																																									
(2E,6E)-farnesyl diphosphate	CHEBI:175763	alpha-humulene	CHEBI:5768	A0A1V0E492	RHEA:31895		A0A1V0QSG6	RHEA:31895		A0A2U8U2L5	RHEA:31895		A0A4P8GFV8	RHEA:31895		A0A5S9I252	RHEA:31895		A0A7J6HK32	RHEA:31895		A0A8H7XP09	RHEA:31895		B1B1U3	RHEA:31895	not specified	B6SCF5	RHEA:31895	not specified	D5KXD2	RHEA:31895		E2E2N4	RHEA:31895		E2E2N5	RHEA:31895		F2XF97	RHEA:31895	not specified	G8H5M8	RHEA:31895		I7H727	RHEA:31895		Q4U3F6	RHEA:31895		Q84UU4	RHEA:31895																																																																																					
(2E,6E)-farnesyl diphosphate	CHEBI:175763	(3S,6E)-nerolidol	CHEBI:59958	D8RNZ9	RHEA:27530	not specified	P0CV94	RHEA:27530	not specified	P0CV95	RHEA:27530	not specified	P0CV96	RHEA:27530	not specified	Q29VN2	RHEA:27530																																																																																																																									
(2E,6E)-farnesyl diphosphate	CHEBI:175763	(3R,6E)-nerolidol	CHEBI:59959	A0A8H7XMX0	RHEA:27534		Q84ZW8	RHEA:27534																																																																																																																																		
(2E,6E)-farnesyl diphosphate	CHEBI:175763	alpha-selinene	CHEBI:59961	A0A385AJM6	RHEA:47052		A0A5Q0QMX1	RHEA:47052		A0A5Q0QRJ3	RHEA:47052		I7H727	RHEA:47052		P9WEW0	RHEA:47052		P9WEW1	RHEA:47052		P9WEW2	RHEA:47052		Q5SBP7	RHEA:47052	not specified																																																																																																															
(2E,6E)-farnesyl diphosphate	CHEBI:175763	presilphiperfolan-8beta-ol	CHEBI:60968	Q6WP50	RHEA:27954	not specified																																																																																																																																				
(2E,6E)-farnesyl diphosphate	CHEBI:175763	(5S,9S,10S)-drim-7-en-11-ol	CHEBI:61148	A0A0U5GNT1	RHEA:28290		U3KYL2	RHEA:28290		W0FFD7	RHEA:28290																																																																																																																															
(2E,6E)-farnesyl diphosphate	CHEBI:175763	germacrene C	CHEBI:61478	J9RLZ7	RHEA:28302	not specified	O64961	RHEA:28302																																																																																																																																		
(2E,6E)-farnesyl diphosphate	CHEBI:175763	(+)-alpha-santalene	CHEBI:61677	E3W202	RHEA:31435	not specified	E3W203	RHEA:31435	not specified	E3W204	RHEA:31435	not specified																																																																																																																														
(2E,6E)-farnesyl diphosphate	CHEBI:175763	cis-muurola-3,5-diene	CHEBI:61687	Q5W283	RHEA:29487	not specified																																																																																																																																				
(2E,6E)-farnesyl diphosphate	CHEBI:175763	cis-muurola-4(14),5-diene	CHEBI:61688	Q5W283	RHEA:29491	not specified																																																																																																																																				
(2E,6E)-farnesyl diphosphate	CHEBI:175763	(+)-alpha-barbatene	CHEBI:61690	Q4KSH9	RHEA:29499																																																																																																																																					
(2E,6E)-farnesyl diphosphate	CHEBI:175763	(+)-valencene	CHEBI:61700	A0A1V0QSF3	RHEA:29511		A0A1V0QSG6	RHEA:29511		A0A385AJM6	RHEA:29511		D0UZK2	RHEA:29511		G5CV52	RHEA:29511		G8H5N0	RHEA:29511		Q6Q3H2	RHEA:29511	not specified																																																																																																																		
(2E,6E)-farnesyl diphosphate	CHEBI:175763	(+)-thujopsene	CHEBI:61737	G8H5N1	RHEA:30375		Q4KSH9	RHEA:30375																																																																																																																																		
(2E,6E)-farnesyl diphosphate	CHEBI:175763	(+)-beta-chamigrene	CHEBI:61746	Q4KSH9	RHEA:30379																																																																																																																																					
(2E,6E)-farnesyl diphosphate	CHEBI:175763	(-)-7-epi-alpha-selinene	CHEBI:62224	A0A385AJM6	RHEA:30383		Q6Q3H2	RHEA:30383	not specified																																																																																																																																	
(2E,6E)-farnesyl diphosphate	CHEBI:175763	gamma-eudesmol	CHEBI:62513	A0A1V0QSF3	RHEA:80407																																																																																																																																					
(2E,6E)-farnesyl diphosphate	CHEBI:175763	10-epi-gamma-eudesmol	CHEBI:62514	B1B1U4	RHEA:30947	not specified																																																																																																																																				
(2E,6E)-farnesyl diphosphate	CHEBI:175763	alpha-longipinene	CHEBI:62753	C0PPM5	RHEA:31439	not specified																																																																																																																																				
(2E,6E)-farnesyl diphosphate	CHEBI:175763	(1S,5S,6R)-alpha-bergamotene	CHEBI:62756	A0A7G5KLV2	RHEA:31427		E3W202	RHEA:31427	not specified	E3W203	RHEA:31427	not specified	E3W204	RHEA:31427	not specified	G5CV52	RHEA:31427		G8H5N0	RHEA:31427		J7LQ09	RHEA:31427	not specified	Q2NM15	RHEA:31427		Q2XSC4	RHEA:31427	not specified	Q6JD73	RHEA:31427		U5PZT6	RHEA:31427																																																																																																							
(2E,6E)-farnesyl diphosphate	CHEBI:175763	(1S,2S,4R)-beta-elemene	CHEBI:62855	A0A385AJM6	RHEA:68712		A0A8H7XP09	RHEA:68712		A0A8H8CMW1	RHEA:68712		F0ZDD0	RHEA:68712		F0ZK52	RHEA:68712		F0ZL92	RHEA:68712		F1A1D4	RHEA:68712		I7H727	RHEA:68712		Q54TW4	RHEA:68712		Q84UU4	RHEA:68712		T1RRI5	RHEA:68712		T1RRJ6	RHEA:68712		T1RRS0	RHEA:68712																																																																																																	
(2E,6E)-farnesyl diphosphate	CHEBI:175763	(+)-(E)-beta-caryophyllene	CHEBI:63190	B1W019	RHEA:31815	not specified	J7LJN5	RHEA:31815	not specified																																																																																																																																	
(2E,6E)-farnesyl diphosphate	CHEBI:175763	(+)-gamma-cadinene	CHEBI:63205	B2KSJ5	RHEA:31827	not specified	Q5SBP5	RHEA:31827	not specified	U3LW50	RHEA:31827																																																																																																																															
(2E,6E)-farnesyl diphosphate	CHEBI:175763	alpha-guaiene	CHEBI:63443	D0VMR6	RHEA:31807	not specified	D0VMR7	RHEA:31807	not specified	D0VMR8	RHEA:31807	not specified	Q49SP3	RHEA:31807	not specified																																																																																																																											
(2E,6E)-farnesyl diphosphate	CHEBI:175763	viridiflorene	CHEBI:63444	A0A0C3FBR2	RHEA:31811		A0A0C9VD04	RHEA:31811		A0A5Q0QNJ2	RHEA:31811		A0A5Q0QSI8	RHEA:31811		G5CV45	RHEA:31811	not specified	G5CV46	RHEA:31811																																																																																																																						
(2E,6E)-farnesyl diphosphate	CHEBI:175763	5-epi-alpha-selinene	CHEBI:63445	B2J4A4	RHEA:31819	not specified																																																																																																																																				
(2E,6E)-farnesyl diphosphate	CHEBI:175763	cubebol	CHEBI:63446	A0A8H8CMW1	RHEA:31823		A8NU13	RHEA:31823	not specified																																																																																																																																	
(2E,6E)-farnesyl diphosphate	CHEBI:175763	delta-guaiene	CHEBI:63447	D0VMR6	RHEA:31831	not specified	D0VMR7	RHEA:31831	not specified	D0VMR8	RHEA:31831	not specified	Q49SP3	RHEA:31831	not specified																																																																																																																											
(2E,6E)-farnesyl diphosphate	CHEBI:175763	gamma-curcumene	CHEBI:63696	Q49SP7	RHEA:32031	not specified	Q6JD70	RHEA:32031		Q6JD73	RHEA:32031																																																																																																																															
(2E,6E)-farnesyl diphosphate	CHEBI:175763	(-)-alpha-cuprenene	CHEBI:63701	Q4KSH9	RHEA:32027																																																																																																																																					
(2E,6E)-farnesyl diphosphate	CHEBI:175763	avermitilol	CHEBI:63702	Q82RR7	RHEA:32023	not specified																																																																																																																																				
(2E,6E)-farnesyl diphosphate	CHEBI:175763	(-)-delta-cadinene	CHEBI:63703	B5GS26	RHEA:32015	not specified																																																																																																																																				
(2E,6E)-farnesyl diphosphate	CHEBI:175763	(+)-T-muurolol	CHEBI:63704	A0A8H8CMW1	RHEA:32011		A7NH01	RHEA:32011	not specified	B5GW45	RHEA:32011	not specified																																																																																																																														
(2E,6E)-farnesyl diphosphate	CHEBI:175763	bicyclogermacrene	CHEBI:63709	A0A0A2JP58	RHEA:31999		A0A348B782	RHEA:31999		E2E2N7	RHEA:31999		J7LMP2	RHEA:31999	not specified	U3LVL5	RHEA:31999																																																																																																																									
(2E,6E)-farnesyl diphosphate	CHEBI:175763	7-epi-sesquithujene	CHEBI:63710	Q6JD73	RHEA:31995																																																																																																																																					
(2E,6E)-farnesyl diphosphate	CHEBI:175763	sesquithujene	CHEBI:63711	Q6JD70	RHEA:31991																																																																																																																																					
(2E,6E)-farnesyl diphosphate	CHEBI:175763	beta-sesquiphellandrene	CHEBI:64361	C5YHI2	RHEA:32699	not specified	Q2NM15	RHEA:32699		Q4KSH9	RHEA:32699		U5PZT6	RHEA:32699																																																																																																																												
(2E,6E)-farnesyl diphosphate	CHEBI:175763	alpha-muurolene	CHEBI:64797	A0A348B779	RHEA:33103		A0A348B780	RHEA:33103		A0A5Q0QRJ3	RHEA:33103		A0A5Q0QU70	RHEA:33103		A8NE23	RHEA:33103	not specified	B8PD44	RHEA:33103		P9WEY4	RHEA:33103		P9WEY7	RHEA:33103		Q2NM15	RHEA:33103		Q4U3F6	RHEA:33103																																																																																																										
(2E,6E)-farnesyl diphosphate	CHEBI:175763	gamma-muurolene	CHEBI:64798	A0A348B779	RHEA:33107		A0A348B780	RHEA:33107		A0A5Q0QMX0	RHEA:33107		A0A5Q0QMX1	RHEA:33107		A0A5Q0QP64	RHEA:33107		A0A5Q0QRJ3	RHEA:33107		A0A5Q0QU70	RHEA:33107		A8NE23	RHEA:33107	not specified	B8PD44	RHEA:33107		P9WEY7	RHEA:33107		B5A435	RHEA:33107	not specified																																																																																																						
(2E,6E)-farnesyl diphosphate	CHEBI:175763	beta-copaene	CHEBI:64799	A0A142BX70	RHEA:33111		A0A348B779	RHEA:33111		A0A348B780	RHEA:33111		A0A5Q0QP64	RHEA:33111		A0A7G5KLV1	RHEA:33111		A0A8H8CMW1	RHEA:33111		A8NU13	RHEA:33111	not specified	B8PD44	RHEA:33111																																																																																																																
(2E,6E)-farnesyl diphosphate	CHEBI:175763	longifolene	CHEBI:6530	F2XFA0	RHEA:25464	not specified	O64405	RHEA:25464	not specified	Q675L0	RHEA:25464	not specified																																																																																																																														
(2E,6E)-farnesyl diphosphate	CHEBI:175763	valerena-4,7(11)-diene	CHEBI:68625	J9R5V4	RHEA:34467	not specified																																																																																																																																				
(2E,6E)-farnesyl diphosphate	CHEBI:175763	Delta(6)-protoilludene	CHEBI:68655	A0A0D2L718	RHEA:34695		A0A284RNH4	RHEA:34695	not specified	A0A348B784	RHEA:34695		A0A348B790	RHEA:34695		A0A4S8MAF3	RHEA:34695		A0A5Q0QN66	RHEA:34695		A0A5Q0QNH9	RHEA:34695		P0DL13	RHEA:34695	not specified	P9WEW0	RHEA:34695		P9WEW1	RHEA:34695		P9WEW2	RHEA:34695		W4JX79	RHEA:34695																																																																																																				
(2E,6E)-farnesyl diphosphate	CHEBI:175763	(+)-epi-alpha-bisabolol	CHEBI:68658	J7LH11	RHEA:34503	not specified																																																																																																																																				
(2E,6E)-farnesyl diphosphate	CHEBI:175763	(-)-alpha-isocomene	CHEBI:68666	I6R4V5	RHEA:34699	not specified																																																																																																																																				
(2E,6E)-farnesyl diphosphate	CHEBI:175763	(E)-2-epi-beta-caryophyllene	CHEBI:68667	A0A5S9I252	RHEA:34703		J9QS25	RHEA:34703	not specified																																																																																																																																	
(2E,6E)-farnesyl diphosphate	CHEBI:175763	kunzeaol	CHEBI:72776	K4LMW2	RHEA:36063	not specified																																																																																																																																				
(2E,6E)-farnesyl diphosphate	CHEBI:175763	patchoulol	CHEBI:7940	Q49SP3	RHEA:29503	not specified																																																																																																																																				
(2E,6E)-farnesyl diphosphate	CHEBI:175763	alpha-cadinene	CHEBI:80749	A0A1V0E4A6	RHEA:69444																																																																																																																																					
(2E,6E)-farnesyl diphosphate	CHEBI:175763	beta-gurjunene	CHEBI:80940	A0A067SEC9	RHEA:83287																																																																																																																																					
linalool	CHEBI:17580	(2E)-geraniol	CHEBI:17447	N6Z5E2	RHEA:54656																																																																																																																																					
linalool	CHEBI:17580	(6E)-8-oxolinalool	CHEBI:64259	Q59723	RHEA:32635	not specified																																																																																																																																				
N-(8'-hydroxygeranyl)-L-glutamate	CHEBI:176971	N-(8'-oxogeranyl)-L-glutamate	CHEBI:176972	A0A386KZI3	RHEA:68164																																																																																																																																					
N-(8'-oxogeranyl)-L-glutamate	CHEBI:176972	N-(7'-carboxy-7'-demethylgeranyl)-L-glutamate	CHEBI:172366	A0A386KZI3	RHEA:68168																																																																																																																																					
(2S)-naringenin	CHEBI:17846	(S)-eriodictyol	CHEBI:28412	A0A4D6Q415	RHEA:61096																																																																																																																																					
octanal	CHEBI:17935	octanoate	CHEBI:25646	C5I9X1	RHEA:59904																																																																																																																																					
preaspterpenacid acid I	CHEBI:191389	preaspterpenacid acid II	CHEBI:191390	P9WEV3	RHEA:71999		Q0CRW7	RHEA:71999																																																																																																																																		
discoidol	CHEBI:192996	discodiene	CHEBI:193096	Q1ZXA1	RHEA:74107																																																																																																																																					
[(1'E)-5'-(3',3'-dimethyloxiran-2'-yl)-3'-hydroxy-3'-methylpent-1'-en-1'-yl]-quinolinone B	CHEBI:193079	(1'E,3'E)-5-(3,3-dimethyloxiran-2-yl)-3-methylhexa-1,3-dienyl-quinolinone B	CHEBI:193561	Q5AR46	RHEA:74507																																																																																																																																					
N(6),N(6)-dimethyl-L-lysine	CHEBI:193107	N,N-dimethyl-cadaverine	CHEBI:193108	B8NHE2	RHEA:74527																																																																																																																																					
N,N-dimethyl-cadaverine	CHEBI:193108	pre-flavunoidine	CHEBI:194090	B8NHE1	RHEA:77079																																																																																																																																					
(+)-exo-beta-bergamotene	CHEBI:193166	5-dehydro-6-demethoxyfumagillol	CHEBI:193517	Q4WAZ6	RHEA:74591																																																																																																																																					
5-dehydro-6-demethoxyfumagillol	CHEBI:193517	5-dehydro-6-demethoxy-6-hydroxyfumagillol	CHEBI:193518	Q4WAZ3	RHEA:74635																																																																																																																																					
5-dehydro-6-demethoxy-6-hydroxyfumagillol	CHEBI:193518	5-dehydrofumagillol	CHEBI:193165	A0A067Z9B6	RHEA:74711																																																																																																																																					
prefumagillin	CHEBI:193520	fumagillin	CHEBI:194019	Q4WAZ2	RHEA:74627																																																																																																																																					
(2S)-5,5-dimethyl-2,3,4,5-tetrahydropyridine-2,6-dicarboxylate	CHEBI:194020	(6S)-3,3-dimethylpiperidine-2,6-dicarboxylate	CHEBI:194025	B8NHD7	RHEA:76579; RHEA:76583																																																																																																																																					
(6S)-3,3-dimethylpiperidine-2,6-dicarboxylate	CHEBI:194025	(2S)-5,5-dimethylpiperidine-2-carboxylate	CHEBI:194026	B8NHD6	RHEA:76587																																																																																																																																					
(2S)-5,5-dimethylpiperidine-2-carboxylate	CHEBI:194026	flavunoidine	CHEBI:194091	B8NHE4	RHEA:77007																																																																																																																																					
(1R,4R,5S)-acoradiene	CHEBI:194028	2,6,9-trimethyl-13-oxatetracyclo[6.3.1.1(6,9).0(1,5)]tridecane carbocation	CHEBI:195527	B8NHD9	RHEA:77075																																																																																																																																					
pre-flavunoidine	CHEBI:194090	10-hydroxy-pre-flavunoidine	CHEBI:195495	B8NHD8	RHEA:77083																																																																																																																																					
sartorypyrone D	CHEBI:201384	sartorypyrone A	CHEBI:203993	Q4WBI0	RHEA:80883																																																																																																																																					
variecoladiene	CHEBI:230481	variecolin	CHEBI:66349	A0A1L9WQK2	RHEA:79691																																																																																																																																					
(2E,6E,10E)-geranylgeranyl-triacetate lactone	CHEBI:231737	(S)-(2E,6E,10E)-epoxygeranylgeranyl-triacetate lactone	CHEBI:231738	A4DA41	RHEA:80867																																																																																																																																					
(S)-(2E,6E,10E)-epoxygeranylgeranyl-triacetate lactone	CHEBI:231738	sartorypyrone D	CHEBI:201384	Q4WBI3	RHEA:80875																																																																																																																																					
(S)-(2E,6E,10E)-epoxygeranylgeranyl-triacetate lactone	CHEBI:231738	sartorypyrone F	CHEBI:231739	Q4WBI3	RHEA:80871																																																																																																																																					
sartorypyrone F	CHEBI:231739	sartorypyrone G	CHEBI:231741	Q4WBI0	RHEA:80879																																																																																																																																					
(1S,5S)-carveol	CHEBI:232	(S)-carvone	CHEBI:15399	Q9RA05	RHEA:25848	not specified																																																																																																																																				
isomotiol	CHEBI:232471	2alpha-hydroxyisomotiol	CHEBI:232472	P9WEH0	RHEA:82727																																																																																																																																					
isomotiol	CHEBI:232471	3-O-(beta-D-glucopyranosyl)-isomotiol	CHEBI:232474	P9WEH1	RHEA:82735																																																																																																																																					
isomotiol	CHEBI:232471	19beta-hydroxyisomotiol	CHEBI:232481	P9WEG9	RHEA:82759																																																																																																																																					
2alpha-hydroxyisomotiol	CHEBI:232472	3-O-(beta-D-glucopyranosyl)-2alpha-hydroxyisomotiol	CHEBI:232475	P9WEH1	RHEA:82739																																																																																																																																					
2alpha-hydroxyisomotiol	CHEBI:232472	2alpha,19beta-dihydroxyisomotiol	CHEBI:232482	P9WEG9	RHEA:82763																																																																																																																																					
3-O-(beta-D-glucopyranosyl)-isomotiol	CHEBI:232474	2-deacetoxyfuscoatroside	CHEBI:232478	P9WEG9	RHEA:82747																																																																																																																																					
3-O-(beta-D-glucopyranosyl)-2alpha-hydroxyisomotiol	CHEBI:232475	3-O-(beta-D-glucopyranosyl)-2alpha-acetoxyisomotiol	CHEBI:232477	P9WEG8	RHEA:83523																																																																																																																																					
3-O-(beta-D-glucopyranosyl)-2alpha-hydroxyisomotiol	CHEBI:232475	2-deacetylfuscoatroside	CHEBI:232479	P9WEG9	RHEA:82751																																																																																																																																					
3-O-(beta-D-glucopyranosyl)-2alpha-acetoxyisomotiol	CHEBI:232477	fuscoatroside	CHEBI:232480	P9WEG9	RHEA:82755																																																																																																																																					
2-deacetylfuscoatroside	CHEBI:232479	fuscoatroside	CHEBI:232480	P9WEG8	RHEA:83527																																																																																																																																					
2alpha,19beta-dihydroxyisomotiol	CHEBI:232482	2alpha-hydroxyismotiol-19-one	CHEBI:232483	P9WEG9	RHEA:82767																																																																																																																																					
2alpha-hydroxyismotiol-19-one	CHEBI:232483	2-deacetyl,3-deglucopyranosyl-fuscoatroside	CHEBI:232484	P9WEG9	RHEA:82771																																																																																																																																					
(-)-longiborneol	CHEBI:233473	culmorin	CHEBI:143197	A0A098D1J7	RHEA:83903																																																																																																																																					
(-)-dauca-4(11),8-diene	CHEBI:234437	(8R,9S)-8,9-epoxydauca-4(11)ene-8-oate	CHEBI:234454	Q0CPG7	RHEA:85539																																																																																																																																					
africanol	CHEBI:234485	4-hydroxyafricanol	CHEBI:234487	P9WEE8	RHEA:85627																																																																																																																																					
4-hydroxyafricanol	CHEBI:234487	4-oxoafricanol	CHEBI:234488	P9WEE8	RHEA:85631																																																																																																																																					
2-dehydroxy-2-en-4-oxoafricanol	CHEBI:234489	ophiocerate	CHEBI:234490	P9WEE9	RHEA:85639																																																																																																																																					
(+)-5-epi-aristolochene	CHEBI:23925	capsidiol	CHEBI:28283	Q94FM7	RHEA:28226	not specified																																																																																																																																				
1,8-cineole	CHEBI:27961	2-endo-hydroxy-1,8-cineole	CHEBI:35811	Q8VQF6	RHEA:32899	not specified																																																																																																																																				
(9Z,12Z)-octadecadienoate	CHEBI:30245	(13R)-hydroxy-(9Z,11E)-octadecadienoate	CHEBI:136655	P11712	RHEA:52500																																																																																																																																					
(9Z,12Z)-octadecadienoate	CHEBI:30245	(9R)-hydroxy-(10E,12Z)-octadecadienoate	CHEBI:77895	P11712	RHEA:52504																																																																																																																																					
(1S,4R)-menthone	CHEBI:31	(4S,7R)-7-isopropyl-4-methyloxepan-2-one	CHEBI:138383	P82679	RHEA:54872																																																																																																																																					
(5Z,8Z,11Z,14Z)-eicosatetraenoate	CHEBI:32395	(14S,15R)-epoxy-(5Z,8Z,11Z)-eicosatrienoate	CHEBI:131964	P11712	RHEA:49856																																																																																																																																					
(5Z,8Z,11Z,14Z)-eicosatetraenoate	CHEBI:32395	(14R,15S)-epoxy-(5Z,8Z,11Z)-eicosatrienoate	CHEBI:131965	P11712	RHEA:49860		P33261	RHEA:49860																																																																																																																																		
(5Z,8Z,11Z,14Z)-eicosatetraenoate	CHEBI:32395	(11S,12R)-epoxy-(5Z,8Z,14Z)-eicosatrienoate	CHEBI:131969	P11712	RHEA:49876		P33261	RHEA:49876																																																																																																																																		
(5Z,8Z,11Z,14Z)-eicosatetraenoate	CHEBI:32395	(11R,12S)-epoxy-(5Z,8Z,14Z)-eicosatrienoate	CHEBI:131970	P11712	RHEA:49880		P33261	RHEA:49880																																																																																																																																		
(5Z,8Z,11Z,14Z)-eicosatetraenoate	CHEBI:32395	(8S,9R)-epoxy-(5Z,11Z,14Z)-eicosatrienoate	CHEBI:131974	P11712	RHEA:49928																																																																																																																																					
(5Z,8Z,11Z,14Z)-eicosatetraenoate	CHEBI:32395	(8R,9S)-epoxy-(5Z,11Z,14Z)-eicosatrienoate	CHEBI:131975	P11712	RHEA:49884		P33261	RHEA:49884																																																																																																																																		
(5Z,8Z,11Z,14Z)-eicosatetraenoate	CHEBI:32395	10-hydroxy-(5Z,8Z,11Z,14Z)-eicosatetraenoate	CHEBI:133345	P11712	RHEA:52296																																																																																																																																					
(5Z,8Z,11Z,14Z)-eicosatetraenoate	CHEBI:32395	13-hydroxy-(5Z,8Z,11Z,14Z)-eicosatetraenoate	CHEBI:136524	P11712	RHEA:52292																																																																																																																																					
(5Z,8Z,11Z,14Z)-eicosatetraenoate	CHEBI:32395	13(S)-hydroxy-(5Z,8Z,11Z,14Z)-eicosatetraenoate	CHEBI:136654	P11712	RHEA:52508																																																																																																																																					
(5Z,8Z,11Z,14Z)-eicosatetraenoate	CHEBI:32395	11,12-epoxy-(5Z,8Z,14Z)-eicosatrienoate	CHEBI:76625	P11712	RHEA:51480																																																																																																																																					
(5Z,8Z,11Z,14Z)-eicosatetraenoate	CHEBI:32395	19-hydroxy-(5Z,8Z,11Z,14Z)-eicosatetraenoate	CHEBI:76627	P11712	RHEA:39759		P33261	RHEA:39759																																																																																																																																		
(5Z,8Z,11Z,14Z)-eicosatetraenoate	CHEBI:32395	(11R)-hydroxy-(5Z,8Z,12E,14Z)-eicosatetraenoate	CHEBI:78836	P11712	RHEA:52492																																																																																																																																					
(5Z,8Z,11Z,14Z)-eicosatetraenoate	CHEBI:32395	(15R)-hydroxy-(5Z,8Z,11Z,13E)-eicosatetraenoate	CHEBI:78837	P11712	RHEA:52496																																																																																																																																					
(5Z,8Z,11Z,14Z)-eicosatetraenoate	CHEBI:32395	(12R)-hydroxy-(5Z,8Z,10E,14Z)-eicosatetraenoate	CHEBI:83343	P11712	RHEA:52300																																																																																																																																					
(5Z,8Z,11Z,14Z)-eicosatetraenoate	CHEBI:32395	14,15-epoxy-(5Z,8Z,11Z)-eicosatrienoate	CHEBI:84024	P11712	RHEA:51472																																																																																																																																					
fumagillol	CHEBI:324935	5-dehydrofumagillol	CHEBI:193165	Q4WAZ4	RHEA:74707																																																																																																																																					
fumagillol	CHEBI:324935	prefumagillin	CHEBI:193520	Q4WAY4	RHEA:74751																																																																																																																																					
nicotinate	CHEBI:32544	nicotinyl-CoA	CHEBI:149703	P9WEQ8	RHEA:64332		Q4WLD5	RHEA:64332																																																																																																																																		
L-lysine	CHEBI:32551	N(6),N(6)-dimethyl-L-lysine	CHEBI:193107	B8NHE3	RHEA:74523																																																																																																																																					
(2R,5R)-isomenthone	CHEBI:36492	(R)-pulegone	CHEBI:35596	Q6WAU0	RHEA:25645	not specified																																																																																																																																				
6-methylsalicylate	CHEBI:36658	3-methylphenol	CHEBI:17231	A0A2P1DP90	RHEA:23112																																																																																																																																					
(2R,5R)-isopulegone	CHEBI:37047	(6R)-isopiperitenone	CHEBI:15408	Q6WAU1	RHEA:25649	not specified																																																																																																																																				
(1S,4R)-1-hydroxylimonen-2-one	CHEBI:38249	(4R,7R)-7-hydroxy-4-isopropenyl-7-methyloxepan-2-one	CHEBI:138597	P82679	RHEA:53408																																																																																																																																					
(Z,S)-pyrethrolone	CHEBI:39111	pyrethrin II	CHEBI:27474	H6U1I8	RHEA:60748																																																																																																																																					
(Z,S)-pyrethrolone	CHEBI:39111	pyrethrin I	CHEBI:27815	H6U1I8	RHEA:60744																																																																																																																																					
(3S)-3-hydroxy-3-methylglutaryl-CoA	CHEBI:43074	acetoacetate	CHEBI:13705	Q9I2A0	RHEA:24404	not specified																																																																																																																																				
(3S)-3-hydroxy-3-methylglutaryl-CoA	CHEBI:43074	(R)-mevalonate	CHEBI:36464	A0A7J6H013	RHEA:15989		A0A803NI27	RHEA:15989																																																																																																																																		
(1E,4S,5E,7R)-germacra-1(10),5-dien-11-ol	CHEBI:46734	(-)-geosmin	CHEBI:46702	Q9X839	RHEA:30371	not specified																																																																																																																																				
(S)-beta-bisabolene	CHEBI:49263	(S)-beta-macrocarpene	CHEBI:61344	Q1EG72	RHEA:28282		Q5GJ60	RHEA:28282																																																																																																																																		
(1R,4S)-1-hydroxylimonen-2-one	CHEBI:50245	(4S,7S)-7-hydroxy-4-isopropenyl-7-methyloxepan-2-one	CHEBI:138596	P82679	RHEA:53412																																																																																																																																					
1-hydroxylimonen-2-one	CHEBI:50246	3-isopropenyl-6-oxoheptanoate	CHEBI:64234	P82679	RHEA:55004																																																																																																																																					
(+)-epi-isozizaene	CHEBI:51458	albaflavenone	CHEBI:51460	Q9K498	RHEA:32439																																																																																																																																					
(+)-epi-isozizaene	CHEBI:51458	(5R)-albaflavenol	CHEBI:51479	Q9K498	RHEA:25984																																																																																																																																					
(+)-epi-isozizaene	CHEBI:51458	(5S)-albaflavenol	CHEBI:51480	Q9K498	RHEA:25976																																																																																																																																					
(5R)-albaflavenol	CHEBI:51479	albaflavenone	CHEBI:51460	Q9K498	RHEA:25988																																																																																																																																					
(5S)-albaflavenol	CHEBI:51480	albaflavenone	CHEBI:51460	Q9K498	RHEA:25980																																																																																																																																					
(+)-amorpha-4,11-diene	CHEBI:52026	(+)-artemisinate	CHEBI:64782	Q1PS23	RHEA:32999																																																																																																																																					
presqualene diphosphate	CHEBI:57310	squalene	CHEBI:15440	P37268	RHEA:22228; RHEA:22232		P53798	RHEA:22228; RHEA:22232		Q02769	RHEA:22228; RHEA:22232		Q32KR6	RHEA:22228; RHEA:22232		Q5R6U3	RHEA:22228; RHEA:22232																																																																																																																									
3-hydroxy-3-(4-methylpent-3-en-1-yl)glutaryl-CoA	CHEBI:57341	7-methyl-3-oxooct-6-enoyl-CoA	CHEBI:71410	Q9I2A0	RHEA:23084	not specified																																																																																																																																				
malonyl-CoA	CHEBI:57384	3,5-dimethylorsellinate	CHEBI:131856	A0A097ZPE0	RHEA:49628		A0A0F7U103	RHEA:49628		A0A0U5GFS8	RHEA:49628		A0A1E1FFN8	RHEA:49628		A0A1Y0BRF1	RHEA:49628		A0A2I1BSV9	RHEA:49628		B6HV32	RHEA:49628		P9WEG1	RHEA:49628		Q0C8A4	RHEA:49628		Q5ATJ7	RHEA:49628																																																																																																										
malonyl-CoA	CHEBI:57384	orsellinate	CHEBI:16162	A0A455R5P9	RHEA:62972																																																																																																																																					
malonyl-CoA	CHEBI:57384	6-hydroxymellein	CHEBI:16368	A0A3G9GQ29	RHEA:65248																																																																																																																																					
malonyl-CoA	CHEBI:57384	triacetate lactone	CHEBI:16458	Q4WBH9	RHEA:63068																																																																																																																																					
malonyl-CoA	CHEBI:57384	6-methylsalicylate	CHEBI:36658	A0A2P1DP91	RHEA:12240																																																																																																																																					
geranylgeranyl diphosphate	CHEBI:57533	(S)-(+)-nephthenol	CHEBI:193073	A0A385AJN0	RHEA:73995																																																																																																																																					
geranylgeranyl diphosphate	CHEBI:57533	beta-araneosene	CHEBI:193074	A0A385AJM5	RHEA:73991																																																																																																																																					
geranylgeranyl diphosphate	CHEBI:57533	fusicocca-2,10(14)-diene	CHEBI:52463	A2PZA5	RHEA:26245	not specified	C9K2Q3	RHEA:26245	not specified																																																																																																																																	
geranylgeranyl diphosphate	CHEBI:57533	tuberculosinyl diphosphate	CHEBI:58822	O50406	RHEA:25621	not specified																																																																																																																																				
geranylgeranyl diphosphate	CHEBI:57533	(13E)-labda-7,13-dien-15-ol	CHEBI:63683	G1DGI7	RHEA:32075	not specified																																																																																																																																				
geranylgeranyl diphosphate	CHEBI:57533	cyclooctat-9-en-7-ol	CHEBI:78352	C9K1X5	RHEA:41628	not specified																																																																																																																																				
FMNH2	CHEBI:57618	FMN	CHEBI:58210	A0A455LLX4	RHEA:21620; RHEA:21624	not specified	A0A455LN84	RHEA:21620; RHEA:21624	not specified																																																																																																																																	
dimethylallyl diphosphate	CHEBI:57623	(2E)-4-hydroxy-3-methylbut-2-enyl diphosphate	CHEBI:128753	P62623	RHEA:24825	not specified																																																																																																																																				
dimethylallyl diphosphate	CHEBI:57623	prekainate	CHEBI:170011	A0A4D6IA24	RHEA:67476																																																																																																																																					
dimethylallyl diphosphate	CHEBI:57623	isoprene	CHEBI:35194	Q50L36	RHEA:13369		Q6EJ97	RHEA:13369	not specified	Q7XAS7	RHEA:13369	not specified	Q9AR86	RHEA:13369	not specified																																																																																																																											
dimethylallyl diphosphate	CHEBI:57623	(R,R)-chrysanthemyl diphosphate	CHEBI:58819	P0C565	RHEA:14009																																																																																																																																					
neryl diphosphate	CHEBI:57665	1,8-cineole	CHEBI:27961	B5GMG2	RHEA:56632	not specified																																																																																																																																				
neryl diphosphate	CHEBI:57665	nerol	CHEBI:29452	I1M2G5	RHEA:65828																																																																																																																																					
neryl diphosphate	CHEBI:57665	beta-phellandrene	CHEBI:48741	C1K5M3	RHEA:27830	not specified																																																																																																																																				
neryl diphosphate	CHEBI:57665	(2Z,6Z)-farnesyl diphosphate	CHEBI:60374	K7WQ45	RHEA:64572																																																																																																																																					
O-acetyl-L-homoserine	CHEBI:57716	(6S)-6-amino-3,3-dimethyl-2-oxoheptanedioate	CHEBI:193109	B8NHD6	RHEA:74631																																																																																																																																					
1-deoxy-D-xylulose 5-phosphate	CHEBI:57792	2-C-methyl-D-erythritol 4-phosphate	CHEBI:58262	A0A7J6G7L9	RHEA:13717																																																																																																																																					
(2E,6E,10E,14E)-geranylfarnesyl diphosphate	CHEBI:57907	sesterfisherol	CHEBI:138046	A1DN30	RHEA:54068																																																																																																																																					
(2E,6E,10E,14E)-geranylfarnesyl diphosphate	CHEBI:57907	stellata-2,6,19-triene	CHEBI:138048	A0A0P0ZEM1	RHEA:54076																																																																																																																																					
(2E,6E,10E,14E)-geranylfarnesyl diphosphate	CHEBI:57907	beta-geranylfarnesene	CHEBI:138226	M5AW86	RHEA:54500	not specified																																																																																																																																				
(2E,6E,10E,14E)-geranylfarnesyl diphosphate	CHEBI:57907	preasperterpenoid A	CHEBI:167511	A0A2Z6AQX6	RHEA:66832		A0A3Q9FFM1	RHEA:66832																																																																																																																																		
(2E,6E,10E,14E)-geranylfarnesyl diphosphate	CHEBI:57907	quiannulatene	CHEBI:167518	A0A1Y1C7Q5	RHEA:66864																																																																																																																																					
(2E,6E,10E,14E)-geranylfarnesyl diphosphate	CHEBI:57907	astellifadiene	CHEBI:172939	A0A169T193	RHEA:78399																																																																																																																																					
(2E,6E,10E,14E)-geranylfarnesyl diphosphate	CHEBI:57907	fusoxypene A	CHEBI:191385	P9WER6	RHEA:71979																																																																																																																																					
(2E,6E,10E,14E)-geranylfarnesyl diphosphate	CHEBI:57907	fusoxypene B	CHEBI:191386	P9WER6	RHEA:71983																																																																																																																																					
(2E,6E,10E,14E)-geranylfarnesyl diphosphate	CHEBI:57907	fusoxypene C	CHEBI:191387	P9WER6	RHEA:71987																																																																																																																																					
(2E,6E,10E,14E)-geranylfarnesyl diphosphate	CHEBI:57907	(-)-astellatene	CHEBI:191388	P9WER6	RHEA:71991																																																																																																																																					
(2E,6E,10E,14E)-geranylfarnesyl diphosphate	CHEBI:57907	preaspterpenacid acid I	CHEBI:191389	P9WEV2	RHEA:71995		Q0CRW6	RHEA:71995																																																																																																																																		
(2E,6E,10E,14E)-geranylfarnesyl diphosphate	CHEBI:57907	(R,2E)-alpha-cericerene	CHEBI:228261	A0A0P0ZD79	RHEA:78291																																																																																																																																					
(2E,6E,10E,14E)-geranylfarnesyl diphosphate	CHEBI:57907	variecoladiene	CHEBI:230481	A0A1L9WQI2	RHEA:79687																																																																																																																																					
(2E,6E,10E,14E)-geranylfarnesyl diphosphate	CHEBI:57907	ophiobolin F	CHEBI:78293	A0A0U5G0B1	RHEA:41552		A0A1V1FVQ6	RHEA:41552		A1C8C3	RHEA:41552		M2V8C1	RHEA:41552																																																																																																																												
(2E)-geranyl diphosphate	CHEBI:58057	alpha-terpinene	CHEBI:10334	A0A0M3Q1Q3	RHEA:32563		A0A1V0QSF4	RHEA:32563		A0A7G5KLV0	RHEA:32563		E2E2P0	RHEA:32563		W6HUT3	RHEA:32563																																																																																																																									
(2E)-geranyl diphosphate	CHEBI:58057	gamma-terpinene	CHEBI:10577	A0A0M3Q1Q3	RHEA:32559		A0A1D6LTV0	RHEA:32559		A0A1V0QSF4	RHEA:32559		E2E2P0	RHEA:32559		G5CV52	RHEA:32559		G8H5N0	RHEA:32559		Q8L5K4	RHEA:32559	not specified	R4JGL8	RHEA:32559		R4JND9	RHEA:32559		R4JQT5	RHEA:32559		W6HUT3	RHEA:32559		K9Y6Y9	RHEA:32559	not specified																																																																																																			
(2E)-geranyl diphosphate	CHEBI:58057	(S)-alpha-terpineol	CHEBI:128	A0A1D6LTV0	RHEA:32551		A5Y5L5	RHEA:32551		A6XH05	RHEA:32551		B3TPQ7	RHEA:32551	not specified	H2ELN1	RHEA:32551		H6WZF2	RHEA:32551		Q6PWU2	RHEA:32551	not specified	Q84KL4	RHEA:32551	not specified	R4JJJ1	RHEA:32551		R4JQS2	RHEA:32551		R9QMR5	RHEA:32551		R9QMZ0	RHEA:32551																																																																																																				
(2E)-geranyl diphosphate	CHEBI:58057	(-)-beta-phellandrene	CHEBI:129	C0PTH8	RHEA:25492	not specified	F2XFA1	RHEA:25492	not specified	F2XFA4	RHEA:25492	not specified	F2XFA5	RHEA:25492	not specified	Q9M7D1	RHEA:25492	not specified	R9QMR4	RHEA:25492		R9QMW1	RHEA:25492		R9QMW3	RHEA:25492		R9QMW7	RHEA:25492																																																																																																													
(2E)-geranyl diphosphate	CHEBI:58057	beta-thujene	CHEBI:138047	A0A7G5KLV0	RHEA:54072																																																																																																																																					
(2E)-geranyl diphosphate	CHEBI:58057	(4R)-limonene	CHEBI:15382	A0A1C9J6A7	RHEA:10940	not specified	A7IZZ1	RHEA:10940		E2E2N7	RHEA:10940		I7GPX8	RHEA:10940		Q2XSC6	RHEA:10940	not specified	Q8L5K3	RHEA:10940	not specified																																																																																																																					
(2E)-geranyl diphosphate	CHEBI:58057	(4S)-limonene	CHEBI:15383	A0A1D6LTV0	RHEA:12869		A0A1V0QSF3	RHEA:12869		A0A1V0QSF6	RHEA:12869		A0A1V0QSF9	RHEA:12869		A0A1V0QSG0	RHEA:12869		A0A1V0QSH2	RHEA:12869		A7IZZ1	RHEA:12869		A7IZZ2	RHEA:12869		F6M8I0	RHEA:12869		G1JUH1	RHEA:12869	not specified	O22340	RHEA:12869	not specified	Q1EG72	RHEA:12869		Q20HU7	RHEA:12869		Q5GJ60	RHEA:12869		Q9M7C9	RHEA:12869	not specified	R9QMR5	RHEA:12869																																																																																								
(2E)-geranyl diphosphate	CHEBI:58057	limonene	CHEBI:15384	A0A6P6W6H5	RHEA:68640		A5Y5L5	RHEA:68640		D5KXD2	RHEA:68640		G5CV52	RHEA:68640		G8H5M7	RHEA:68640		G8H5M8	RHEA:68640		G8H5M9	RHEA:68640		G8H5N0	RHEA:68640		G8H5N1	RHEA:68640		H2ELN1	RHEA:68640		H6WZF2	RHEA:68640		O64961	RHEA:68640		T1RR72	RHEA:68640		T1RRJ4	RHEA:68640		T1RRR9	RHEA:68640																																																																																											
(2E)-geranyl diphosphate	CHEBI:58057	(1S,2S,4R)-endo-fenchol	CHEBI:15405	Q5SBP2	RHEA:20565	not specified	T1RR72	RHEA:20565		T1RRJ4	RHEA:20565		T1RRR9	RHEA:20565																																																																																																																												
(2E)-geranyl diphosphate	CHEBI:58057	sabinene hydrate	CHEBI:16377	L0HAM7	RHEA:19565		L0HB77	RHEA:19565																																																																																																																																		
(2E)-geranyl diphosphate	CHEBI:58057	beta-myrcene	CHEBI:17221	A0A1D6LTV0	RHEA:16965		A0A1V0QSF3	RHEA:16965		A0A1V0QSF6	RHEA:16965		A0A1V0QSF8	RHEA:16965		A0A1V0QSG0	RHEA:16965		A0A1V0QSG6	RHEA:16965		A0A4Y5QWK5	RHEA:16965		A0A5Q0QP64	RHEA:16965		A0A6P6W6H5	RHEA:16965		A0A8H7XP09	RHEA:16965		A5Y5L5	RHEA:16965		A6XH05	RHEA:16965		A6XH06	RHEA:16965		A7IZZ1	RHEA:16965		A7IZZ2	RHEA:16965		B6SCF4	RHEA:16965	not specified	D5KXD2	RHEA:16965		G1JUH1	RHEA:16965	not specified	G5CV52	RHEA:16965		G8H5M7	RHEA:16965		G8H5M8	RHEA:16965		G8H5M9	RHEA:16965		G8H5N0	RHEA:16965		G8H5N1	RHEA:16965		H2ELN1	RHEA:16965		H6WZF2	RHEA:16965		O24474	RHEA:16965	not specified	O64961	RHEA:16965		P9WEY7	RHEA:16965		Q1EG72	RHEA:16965		Q54YE2	RHEA:16965		Q5GJ60	RHEA:16965		Q5SBP1	RHEA:16965	not specified	Q84NC9	RHEA:16965	not specified	Q84ND0	RHEA:16965	not specified	Q86II4	RHEA:16965		Q93X23	RHEA:16965	not specified	Q9LRZ6	RHEA:16965	not specified	Q9ZUH4	RHEA:16965		R4YXW8	RHEA:16965		R4YZC3	RHEA:16965		R9QMY8	RHEA:16965		R9QMZ0	RHEA:16965		W6HUT3	RHEA:16965				
(2E)-geranyl diphosphate	CHEBI:58057	N-geranyl-L-glutamate	CHEBI:172365	A0A386KZ50	RHEA:68156																																																																																																																																					
(2E)-geranyl diphosphate	CHEBI:58057	(2E)-geraniol	CHEBI:17447	A0A7D0AGU9	RHEA:32679	not specified	A0A7G5KLV3	RHEA:32679		A0A8H7XP09	RHEA:32679		A0A8H7XQ49	RHEA:32679		A0A8H8CFI5	RHEA:32679		C0KWV4	RHEA:32679		C0KWV6	RHEA:32679		E2E2N7	RHEA:32679		Q308N0	RHEA:32679		Q4JHG3	RHEA:32679		Q6USK1	RHEA:32679	not specified	Q84ZW8	RHEA:32679		Q8GUE4	RHEA:32679	not specified	R9QMR5	RHEA:32679																																																																																														
(2E)-geranyl diphosphate	CHEBI:58057	linalool	CHEBI:17580	A0A858E4Y6	RHEA:68708		A0A858E4Y8	RHEA:68708		A0A858E7J4	RHEA:68708		A0A858E899	RHEA:68708		C0KWV3	RHEA:68708		C0KWV5	RHEA:68708		C0KWV7	RHEA:68708		Q54YE2	RHEA:68708		Q7KWU0	RHEA:68708		Q86II4	RHEA:68708		R4YXW8	RHEA:68708		R4YZC3	RHEA:68708																																																																																																				
(2E)-geranyl diphosphate	CHEBI:58057	(1R,4S)-camphene	CHEBI:20	O81192	RHEA:32567	not specified																																																																																																																																				
(2E)-geranyl diphosphate	CHEBI:58057	(1R,2R)-menth-2-en-1-ol	CHEBI:234482	A0A8H7XQ49	RHEA:85619		A0A8H8CFI5	RHEA:85619																																																																																																																																		
(2E)-geranyl diphosphate	CHEBI:58057	4,16-didehydroxyvinigrol	CHEBI:234556	P9WEF0	RHEA:85767																																																																																																																																					
(2E)-geranyl diphosphate	CHEBI:58057	1,8-cineole	CHEBI:27961	A5Y5L5	RHEA:32543		A6XH05	RHEA:32543		B5GMG2	RHEA:32543	not specified	C0PT35	RHEA:32543	not specified	F2XF98	RHEA:32543	not specified	F2XFA2	RHEA:32543	not specified	H2ELN1	RHEA:32543		H6WZF2	RHEA:32543		O81191	RHEA:32543	not specified	P0DI76	RHEA:32543	not specified	P0DI77	RHEA:32543	not specified	R9QMZ0	RHEA:32543																																																																																																				
(2E)-geranyl diphosphate	CHEBI:58057	(R)-linalool	CHEBI:28	A0A4Y5QZ62	RHEA:15809		A0A8H7XMX0	RHEA:15809		A0A8H7XQ49	RHEA:15809		A0A8H8CFI5	RHEA:15809		C0PPR1	RHEA:15809	not specified	D5SL78	RHEA:15809	not specified	F2XF93	RHEA:15809	not specified	F2XFA6	RHEA:15809	not specified	Q1XBU5	RHEA:15809	not specified	Q2XSC5	RHEA:15809	not specified	Q5SBP3	RHEA:15809	not specified	Q84ZW8	RHEA:15809		Q8H2B4	RHEA:15809	not specified	Q9SPN0	RHEA:15809	not specified	Q9SPN1	RHEA:15809	not specified	U5PZT6	RHEA:15809																																																																																								
(2E)-geranyl diphosphate	CHEBI:58057	(1R,5R)-alpha-pinene	CHEBI:28261	A0A1V0QSF9	RHEA:32575		A0A1V0QSG0	RHEA:32575		A0A1V0QSH2	RHEA:32575		A7IZZ1	RHEA:32575		A7IZZ2	RHEA:32575		O81192	RHEA:32575	not specified	Q84KL3	RHEA:32575	not specified	R9QMR1	RHEA:32575		R9QMW2	RHEA:32575		R9QMY8	RHEA:32575																																																																																																										
(2E)-geranyl diphosphate	CHEBI:58057	(1S,5S)-beta-pinene	CHEBI:28359	F2XF95	RHEA:25496	not specified	F2XF96	RHEA:25496	not specified	F2XFA8	RHEA:25496	not specified	O24475	RHEA:25496	not specified	Q6XDB5	RHEA:25496	not specified	Q94G53	RHEA:25496	not specified	R9QMQ9	RHEA:25496		R9QMR0	RHEA:25496		R9QMR3	RHEA:25496		R9QMW1	RHEA:25496		R9QMW5	RHEA:25496		R9QMY8	RHEA:25496		R9QMY9	RHEA:25496																																																																																																	
(2E)-geranyl diphosphate	CHEBI:58057	(1S,5S)-alpha-pinene	CHEBI:28660	F2XF95	RHEA:25488	not specified	F2XF96	RHEA:25488	not specified	F2XFA8	RHEA:25488	not specified	O23945	RHEA:25488	not specified	O24475	RHEA:25488	not specified	Q6XDB5	RHEA:25488	not specified	Q84KL6	RHEA:25488	not specified	Q9M7C9	RHEA:25488	not specified	R9QMQ9	RHEA:25488		R9QMR0	RHEA:25488		R9QMR3	RHEA:25488		R9QMW1	RHEA:25488		R9QMW5	RHEA:25488		R9QMY8	RHEA:25488		R9QMY9	RHEA:25488																																																																																											
(2E)-geranyl diphosphate	CHEBI:58057	(R)-alpha-terpineol	CHEBI:300	A0A8H7XQ49	RHEA:32555		A0A8H8CFI5	RHEA:32555		B3TPQ7	RHEA:32555	not specified	B5A434	RHEA:32555	not specified	F6M8I0	RHEA:32555		R4JJJ1	RHEA:32555		R4JQS2	RHEA:32555		R9QMR5	RHEA:32555																																																																																																																
(2E)-geranyl diphosphate	CHEBI:58057	alpha-pinene	CHEBI:36740	A0A6P6W6H5	RHEA:25662		A5Y5L5	RHEA:25662		A6XH05	RHEA:25662		C3RSF5	RHEA:25662		H2ELN1	RHEA:25662		T1RR71	RHEA:25662		T1RR72	RHEA:25662		T1RRI8	RHEA:25662		T1RRJ4	RHEA:25662		T1RRL8	RHEA:25662		T1RRR9	RHEA:25662		W6HUT3	RHEA:25662																																																																																																				
(2E)-geranyl diphosphate	CHEBI:58057	camphene	CHEBI:3830	A0A1V0QSG0	RHEA:80391		A0A1V0QSH2	RHEA:80391																																																																																																																																		
(2E)-geranyl diphosphate	CHEBI:58057	beta-phellandrene	CHEBI:48741	A0A1V0QSH2	RHEA:25504		E2E2P1	RHEA:25504		E2E2P2	RHEA:25504		W6HUT3	RHEA:25504																																																																																																																												
(2E)-geranyl diphosphate	CHEBI:58057	beta-pinene	CHEBI:50025	A0A6P6W6H5	RHEA:25666		A0A7G5KLV0	RHEA:25666		A6XH05	RHEA:25666		W6HUT3	RHEA:25666																																																																																																																												
(2E)-geranyl diphosphate	CHEBI:58057	(1R,5R)-beta-pinene	CHEBI:50026	A7IZZ1	RHEA:32579		A7IZZ2	RHEA:32579																																																																																																																																		
(2E)-geranyl diphosphate	CHEBI:58057	sabinene	CHEBI:50027	A0A1V0QSF9	RHEA:68636		A0A1V0QSG0	RHEA:68636		A0A1V0QSH2	RHEA:68636		A0A6P6W6H5	RHEA:68636		A0A7G5KLV0	RHEA:68636		A5Y5L5	RHEA:68636		A6XH05	RHEA:68636		A6XH06	RHEA:68636		H2ELN1	RHEA:68636		H6WZF2	RHEA:68636		W6HUT3	RHEA:68636																																																																																																							
(2E)-geranyl diphosphate	CHEBI:58057	(1S,5S)-sabinene	CHEBI:50028	R9QMZ0	RHEA:25508																																																																																																																																					
(2E)-geranyl diphosphate	CHEBI:58057	(1R,5R)-sabinene	CHEBI:50029	E2E2P1	RHEA:32547		E2E2P2	RHEA:32547		F1CKJ1	RHEA:32547	not specified	G0Y7D3	RHEA:32547		O81193	RHEA:32547	not specified																																																																																																																								
(2E)-geranyl diphosphate	CHEBI:58057	alpha-thujene	CHEBI:50031	G0Y7D2	RHEA:68644		G0Y7D3	RHEA:68644																																																																																																																																		
(2E)-geranyl diphosphate	CHEBI:58057	(2S,4R)-bornyl diphosphate	CHEBI:57293	O81192	RHEA:18209	not specified																																																																																																																																				
(2E)-geranyl diphosphate	CHEBI:58057	(E)-2-methylgeranyl diphosphate	CHEBI:61984	A3KI18	RHEA:32519	not specified	A4FG18	RHEA:32519	not specified	D3KYU3	RHEA:32519	not specified	Q9F1Y5	RHEA:32519	not specified																																																																																																																											
(2E)-geranyl diphosphate	CHEBI:58057	tricyclene	CHEBI:64266	G1JUH1	RHEA:32687	not specified	Q5UB07	RHEA:32687	not specified	Q672F7	RHEA:32687	not specified	Q84NC8	RHEA:32687	not specified	Q84NC9	RHEA:32687	not specified	Q84ND0	RHEA:32687	not specified	Q9ZUH4	RHEA:32687		R9QMY8	RHEA:32687																																																																																																																
(2E)-geranyl diphosphate	CHEBI:58057	(E)-beta-ocimene	CHEBI:64280	A0A1V0QSH1	RHEA:32691		A0A858E4Y8	RHEA:32691		A0A858EAD5	RHEA:32691		A0A8H7XP09	RHEA:32691		A4FVP2	RHEA:32691		A5Y5L5	RHEA:32691		D5KXD2	RHEA:32691		E2E2N3	RHEA:32691		F2XF99	RHEA:32691	not specified	G0Y7D1	RHEA:32691		G5CV52	RHEA:32691		G8H5M8	RHEA:32691		G8H5N0	RHEA:32691		I6RE61	RHEA:32691	not specified	Q55E23	RHEA:32691		Q5UB07	RHEA:32691	not specified	Q672F7	RHEA:32691	not specified	Q84NC8	RHEA:32691	not specified	Q86II4	RHEA:32691		Q9ZUH4	RHEA:32691		R4YXW8	RHEA:32691		R4YZC3	RHEA:32691																																																																						
(2E)-geranyl diphosphate	CHEBI:58057	(+)-car-3-ene	CHEBI:7	C7ASI9	RHEA:32539	not specified	F1CKI6	RHEA:32539	not specified	F1CKI8	RHEA:32539	not specified	F1CKI9	RHEA:32539	not specified	F2XF94	RHEA:32539	not specified	Q84SM8	RHEA:32539	not specified	R9QMR6	RHEA:32539		R9QMW4	RHEA:32539		R9QMW8	RHEA:32539																																																																																																													
(2E)-geranyl diphosphate	CHEBI:58057	4-terpineol	CHEBI:78884	A0A1D6LTV0	RHEA:60028																																																																																																																																					
(2E)-geranyl diphosphate	CHEBI:58057	(Z)-beta-ocimene	CHEBI:87574	A0A1V0QSG1	RHEA:68824		A0A1V0QSH1	RHEA:68824		A0A8H7XP09	RHEA:68824		Q54YE2	RHEA:68824		Q55E23	RHEA:68824		Q7KWU0	RHEA:68824		Q86II4	RHEA:68824		R4YXW8	RHEA:68824		R4YZC3	RHEA:68824																																																																																																													
(2E)-geranyl diphosphate	CHEBI:58057	(2E)-geranyl phosphate	CHEBI:88107	M4I1C6	RHEA:47944	not specified																																																																																																																																				
(2E)-geranyl diphosphate	CHEBI:58057	isoterpinolene	CHEBI:88840	A0A1V0QSH2	RHEA:80395																																																																																																																																					
(2E)-geranyl diphosphate	CHEBI:58057	(1S,4R)-camphene	CHEBI:89	G1JUH1	RHEA:25484	not specified	Q948Z0	RHEA:25484	not specified	R9QMY8	RHEA:25484																																																																																																																															
(2E)-geranyl diphosphate	CHEBI:58057	terpinolene	CHEBI:9457	A0A1D6LTV0	RHEA:25500		A0A1V0QSG0	RHEA:25500		A0A6P6W6H5	RHEA:25500		A7IZZ1	RHEA:25500		D5KXD2	RHEA:25500		E2E2N7	RHEA:25500		G5CV52	RHEA:25500		G8H5M7	RHEA:25500		G8H5M8	RHEA:25500		G8H5N0	RHEA:25500		G8H5N1	RHEA:25500		O64961	RHEA:25500		Q1EG72	RHEA:25500		Q5GJ60	RHEA:25500		Q5SBP0	RHEA:25500	not specified	Q9M7D0	RHEA:25500	not specified	R9QMR5	RHEA:25500		R9QMW4	RHEA:25500		R9QMW8	RHEA:25500		W6HUT3	RHEA:25500																																																																												
(2E)-geranyl diphosphate	CHEBI:58057	(S)-linalool	CHEBI:98	A0A4Y5QWA6	RHEA:24116		A0A4Y5QZ62	RHEA:24116		D8RNZ9	RHEA:24116	not specified	Q1EG72	RHEA:24116		Q29VN2	RHEA:24116		Q5GJ60	RHEA:24116		Q6ZH94	RHEA:24116	not specified	Q84UV0	RHEA:24116		Q96376	RHEA:24116	not specified	U5PZT6	RHEA:24116																																																																																																										
D-ribulose 5-phosphate	CHEBI:58121	1-deoxy-D-xylulose 5-phosphate	CHEBI:57792	P77735	RHEA:56944	not specified																																																																																																																																				
all-trans-hexaprenyl diphosphate	CHEBI:58179	beta-hexaprene	CHEBI:138227	M5AW86	RHEA:54504	not specified																																																																																																																																				
all-trans-hexaprenyl diphosphate	CHEBI:58179	talaropentaene	CHEBI:192978	P9WER5	RHEA:77971																																																																																																																																					
all-trans-hexaprenyl diphosphate	CHEBI:58179	macrophomene	CHEBI:192980	K2SUY0	RHEA:77967																																																																																																																																					
all-trans-hexaprenyl diphosphate	CHEBI:58179	colleterpenol	CHEBI:192981	A0A8H4CUY8	RHEA:77979																																																																																																																																					
all-trans-heptaprenyl diphosphate	CHEBI:58206	beta-heptaprene	CHEBI:138228	M5AW86	RHEA:54508	not specified																																																																																																																																				
all-trans-heptaprenyl diphosphate	CHEBI:58206	(R)-tetraprenyl-beta-curcumene	CHEBI:64801	O34707	RHEA:33123	not specified																																																																																																																																				
ent-copalyl diphosphate	CHEBI:58553	ent-atiserene	CHEBI:138219	A0A1Z3GBK8	RHEA:54496		A0A5P8DI06	RHEA:54496		B9SIM3	RHEA:54496																																																																																																																															
ent-copalyl diphosphate	CHEBI:58553	dolabradiene	CHEBI:141822	A0A1D6KUI6	RHEA:58160																																																																																																																																					
ent-copalyl diphosphate	CHEBI:58553	ent-kaur-16-ene	CHEBI:15415	A0A075FBT3	RHEA:22220		A0A0U4CDK4	RHEA:22220		A0A1Z3GC64	RHEA:22220		A0A2K9RFY0	RHEA:22220		A0A3G1QTS7	RHEA:22220		A5A8G0	RHEA:22220		B9SIM2	RHEA:22220		B9SIM3	RHEA:22220		B9T625	RHEA:22220		O13284	RHEA:22220	not specified	Q0JA81	RHEA:22220		Q0JA82	RHEA:22220	not specified	Q39548	RHEA:22220	not specified	Q84ZW8	RHEA:22220		Q9SAK2	RHEA:22220		Q9UVY5	RHEA:22220	not specified	Q9XEH9	RHEA:22220		Q9XEI0	RHEA:22220		S0EA85	RHEA:22220	not specified	Q45222	RHEA:22220	not specified																																																																											
ent-copalyl diphosphate	CHEBI:58553	ent-beyerene	CHEBI:229601	A5A8G0	RHEA:79011		B9SIM3	RHEA:79011		Q0JA81	RHEA:79011																																																																																																																															
ent-copalyl diphosphate	CHEBI:58553	ent-trachylobane	CHEBI:231826	B9SIM2	RHEA:81219																																																																																																																																					
ent-copalyl diphosphate	CHEBI:58553	ent-(12E)-labda-8(17),12,14-triene	CHEBI:231828	B9SIL7	RHEA:81223																																																																																																																																					
ent-copalyl diphosphate	CHEBI:58553	16alpha-hydroxy-ent-kaurene	CHEBI:231830	A5A8G0	RHEA:81231																																																																																																																																					
ent-copalyl diphosphate	CHEBI:58553	ent-cassa-12,15-diene	CHEBI:50060	Q00G37	RHEA:25532	not specified	Q0E088	RHEA:25532	not specified																																																																																																																																	
ent-copalyl diphosphate	CHEBI:58553	ent-sandaracopimara-8(14),15-diene	CHEBI:50061	A5A8G0	RHEA:25536		B9SIL7	RHEA:25536		Q2QQJ5	RHEA:25536																																																																																																																															
ent-copalyl diphosphate	CHEBI:58553	ent-pimara-8(14),15-diene	CHEBI:50063	A0A1U8QHE3	RHEA:25540		Q6Z5J6	RHEA:25540																																																																																																																																		
ent-copalyl diphosphate	CHEBI:58553	ent-pimara-9(11),15-diene	CHEBI:50064	Q5KSN4	RHEA:25544	not specified																																																																																																																																				
ent-copalyl diphosphate	CHEBI:58553	ent-isokaurene	CHEBI:50783	A4KAG7	RHEA:25759		A4KAG8	RHEA:25759		A5A8G0	RHEA:25759																																																																																																																															
(5Z,8Z,11Z,14Z,17Z)-eicosapentaenoate	CHEBI:58562	8,9-epoxy-(5Z,11Z,14Z,17Z)-eicosatetraenoate	CHEBI:136439	P11712	RHEA:52168																																																																																																																																					
(5Z,8Z,11Z,14Z,17Z)-eicosapentaenoate	CHEBI:58562	11,12-epoxy-(5Z,8Z,14Z,17Z)-eicosatetraenoate	CHEBI:136441	P11712	RHEA:52172																																																																																																																																					
(5Z,8Z,11Z,14Z,17Z)-eicosapentaenoate	CHEBI:58562	14,15-epoxy-(5Z,8Z,11Z,17Z)-eicosatetraenoate	CHEBI:136443	P11712	RHEA:52176																																																																																																																																					
(5Z,8Z,11Z,14Z,17Z)-eicosapentaenoate	CHEBI:58562	(17R,18S)-epoxy-(5Z,8Z,11Z,14Z)-eicosatetraenoate	CHEBI:76634	P11712	RHEA:39779		P33261	RHEA:39779																																																																																																																																		
(5Z,8Z,11Z,14Z,17Z)-eicosapentaenoate	CHEBI:58562	19-hydroxy-(5Z,8Z,11Z,14Z,17Z)-eicosapentaenoate	CHEBI:76636	P33261	RHEA:39787																																																																																																																																					
kaempferol	CHEBI:58573	quercetin	CHEBI:57694	A0A4D6Q415	RHEA:61124																																																																																																																																					
9alpha-copalyl diphosphate	CHEBI:58622	syn-isopimara-7,15-diene	CHEBI:145566	A0A2K9RFZ9	RHEA:62188																																																																																																																																					
9alpha-copalyl diphosphate	CHEBI:58622	aphidicolan-16beta-ol	CHEBI:29519	Q96WT2	RHEA:26213	not specified																																																																																																																																				
9alpha-copalyl diphosphate	CHEBI:58622	9beta-pimara-7,15-diene	CHEBI:50067	Q0JEZ8	RHEA:25560		Q66QH3	RHEA:25560																																																																																																																																		
9alpha-copalyl diphosphate	CHEBI:58622	stemod-13(17)-ene	CHEBI:50068	Q1AHB2	RHEA:25556	not specified																																																																																																																																				
9alpha-copalyl diphosphate	CHEBI:58622	stemar-13-ene	CHEBI:50069	Q6BDZ9	RHEA:25552	not specified																																																																																																																																				
9alpha-copalyl diphosphate	CHEBI:58622	(12E)-9alpha-labda-8(17),12,14-triene	CHEBI:63707	Q2QQJ5	RHEA:32151																																																																																																																																					
9alpha-copalyl diphosphate	CHEBI:58622	(13S)-vitexifolin A	CHEBI:76954	A0A2K9RFZ2	RHEA:40027																																																																																																																																					
(+)-copalyl diphosphate	CHEBI:58635	nezukol	CHEBI:138166	A0A1X9ISH5	RHEA:54376																																																																																																																																					
(+)-copalyl diphosphate	CHEBI:58635	(12E)-labda-8(17),12,14-triene	CHEBI:138302	A0A0H5BN57	RHEA:54640	not specified	A0A0H5BN61	RHEA:54640	not specified																																																																																																																																	
(+)-copalyl diphosphate	CHEBI:58635	abieta-8(14),12-diene	CHEBI:29616	F2XFB2	RHEA:25548	not specified	H8ZM70	RHEA:25548	not specified	M4HXU6	RHEA:25548	not specified	M4HY05	RHEA:25548	not specified	M4HYC6	RHEA:25548	not specified	Q50EK2	RHEA:25548	not specified	Q675L4	RHEA:25548	not specified	Q947C4	RHEA:25548	not specified																																																																																																															
(+)-copalyl diphosphate	CHEBI:58635	neoabietadiene	CHEBI:29651	H8ZM70	RHEA:33987	not specified	M4HXU6	RHEA:33987	not specified	M4HY05	RHEA:33987	not specified	M4HYC6	RHEA:33987	not specified	Q38710	RHEA:33987	not specified	Q50EK2	RHEA:33987	not specified																																																																																																																					
(+)-copalyl diphosphate	CHEBI:58635	abieta-7,13-diene	CHEBI:30232	F2XFB2	RHEA:13873	not specified	H8ZM70	RHEA:13873	not specified	M4HXU6	RHEA:13873	not specified	M4HY05	RHEA:13873	not specified	M4HYC6	RHEA:13873	not specified	Q38710	RHEA:13873	not specified																																																																																																																					
(+)-copalyl diphosphate	CHEBI:58635	isopimara-7,15-diene	CHEBI:52280	H8ZM71	RHEA:26128	not specified	M4HXW5	RHEA:26128	not specified	M4HYP3	RHEA:26128	not specified	Q675L5	RHEA:26128	not specified																																																																																																																											
(+)-copalyl diphosphate	CHEBI:58635	phyllocladan-16alpha-ol	CHEBI:53643	B2DBF0	RHEA:26430	not specified																																																																																																																																				
(+)-copalyl diphosphate	CHEBI:58635	isopimara-8(14),15-diene	CHEBI:63708	A0A1Z3GCD1	RHEA:32003		F2XF92	RHEA:32003	not specified																																																																																																																																	
(+)-copalyl diphosphate	CHEBI:58635	miltiradiene	CHEBI:65037	A0A075FBG7	RHEA:33983		A0A1W6QDI7	RHEA:33983		A0A1X9ISH5	RHEA:33983		A0A5P8DI07	RHEA:33983		C8XPS0	RHEA:33983		G9MAN7	RHEA:33983	not specified																																																																																																																					
(+)-copalyl diphosphate	CHEBI:58635	(-)-pimara-8(14),15-diene	CHEBI:8210	M4HY08	RHEA:42984	not specified	M4HYC8	RHEA:42984	not specified																																																																																																																																	
(2E,6E,10E)-geranylgeranyl diphosphate	CHEBI:58756	(-)-spiroviolene	CHEBI:137523	P0DPK6	RHEA:53620	not specified																																																																																																																																				
(2E,6E,10E)-geranylgeranyl diphosphate	CHEBI:58756	tsukubadiene	CHEBI:137528	I2N045	RHEA:53624	not specified																																																																																																																																				
(2E,6E,10E)-geranylgeranyl diphosphate	CHEBI:58756	(3E,7E)-dolabella-3,7-dien-18-ol	CHEBI:137565	A0A178U9Y5	RHEA:16345	not specified	Q84UU9	RHEA:16345	not specified																																																																																																																																	
(2E,6E,10E)-geranylgeranyl diphosphate	CHEBI:58756	(3E,7E)-dolathalia-3,7,11-triene	CHEBI:138039	A0A178U9Y5	RHEA:54040	not specified																																																																																																																																				
(2E,6E,10E)-geranylgeranyl diphosphate	CHEBI:58756	pseudolaratriene	CHEBI:138050	A0A1L6Z3A0	RHEA:54116																																																																																																																																					
(2E,6E,10E)-geranylgeranyl diphosphate	CHEBI:58756	ent-8alpha-hydroxylabd-13-en-15-yl diphosphate	CHEBI:138223	A0A0U2D9C5	RHEA:54648																																																																																																																																					
(2E,6E,10E)-geranylgeranyl diphosphate	CHEBI:58756	peregrinol diphosphate	CHEBI:138232	A0A075FAK4	RHEA:54652		A0A2K9RFZ7	RHEA:54652																																																																																																																																		
(2E,6E,10E)-geranylgeranyl diphosphate	CHEBI:58756	cycloaraneosene	CHEBI:138247	A0A1B4XBG5	RHEA:54520																																																																																																																																					
(2E,6E,10E)-geranylgeranyl diphosphate	CHEBI:58756	(-)-kolavenyl diphosphate	CHEBI:138310	A0A0M4M0T9	RHEA:54684		A0A0M5L832	RHEA:54684		A0A1C7AAN2	RHEA:54684		A0A1S5RW73	RHEA:54684																																																																																																																												
(2E,6E,10E)-geranylgeranyl diphosphate	CHEBI:58756	(+)-kolavenyl diphosphate	CHEBI:138311	A0A2K9RG07	RHEA:54676		A9AWD5	RHEA:54676	not specified																																																																																																																																	
(2E,6E,10E)-geranylgeranyl diphosphate	CHEBI:58756	rhizathalene A	CHEBI:138656	O65435	RHEA:55216	not specified																																																																																																																																				
(2E,6E,10E)-geranylgeranyl diphosphate	CHEBI:58756	beta-pinacene	CHEBI:139494	Q54TW4	RHEA:58172																																																																																																																																					
(2E,6E,10E)-geranylgeranyl diphosphate	CHEBI:58756	hydropyrene	CHEBI:142541	D5SK09	RHEA:59224																																																																																																																																					
(2E,6E,10E)-geranylgeranyl diphosphate	CHEBI:58756	hydropyrenol	CHEBI:142542	D5SK09	RHEA:59232																																																																																																																																					
(2E,6E,10E)-geranylgeranyl diphosphate	CHEBI:58756	isoelisabethatriene	CHEBI:142543	D5SK09	RHEA:59236																																																																																																																																					
(2E,6E,10E)-geranylgeranyl diphosphate	CHEBI:58756	phomopsene	CHEBI:156237	A0A1G9VRW7	RHEA:64856																																																																																																																																					
(2E,6E,10E)-geranylgeranyl diphosphate	CHEBI:58756	casbene	CHEBI:17695	P59287	RHEA:14901	not specified																																																																																																																																				
(2E,6E,10E)-geranylgeranyl diphosphate	CHEBI:58756	variediene	CHEBI:177888	A0A0P0ZD79	RHEA:78287		A0A1L9UKS1	RHEA:78287																																																																																																																																		
(2E,6E,10E)-geranylgeranyl diphosphate	CHEBI:58756	(+)-penichrysol	CHEBI:177897	A0A348DU52	RHEA:78403																																																																																																																																					
(2E,6E,10E)-geranylgeranyl diphosphate	CHEBI:58756	(E,E,E)-alpha-springene	CHEBI:192746	A0A858E4Y8	RHEA:74543		A0A858EAD5	RHEA:74543																																																																																																																																		
(2E,6E,10E)-geranylgeranyl diphosphate	CHEBI:58756	(5R,12R,14S)-dolasta-1(15),8-diene	CHEBI:192990	P9WEV7	RHEA:77963																																																																																																																																					
(2E,6E,10E)-geranylgeranyl diphosphate	CHEBI:58756	delta-araneosene	CHEBI:192991	P9WEV7	RHEA:78275																																																																																																																																					
(2E,6E,10E)-geranylgeranyl diphosphate	CHEBI:58756	talarodiene	CHEBI:193158	A0A8K1AY78	RHEA:74547																																																																																																																																					
(2E,6E,10E)-geranylgeranyl diphosphate	CHEBI:58756	bonnadiene	CHEBI:219774	A0A1G9UQQ0	RHEA:78979																																																																																																																																					
(2E,6E,10E)-geranylgeranyl diphosphate	CHEBI:58756	allokutznerene	CHEBI:219780	A0A1G9VRW7	RHEA:78983																																																																																																																																					
(2E,6E,10E)-geranylgeranyl diphosphate	CHEBI:58756	cattleyene	CHEBI:226390	F8JK18	RHEA:78987																																																																																																																																					
(2E,6E,10E)-geranylgeranyl diphosphate	CHEBI:58756	taxa-4(5),11(12)-diene	CHEBI:30037	A0AA38CJ97	RHEA:20912		Q41594	RHEA:20912		Q93YA3	RHEA:20912		Q9FT37	RHEA:20912																																																																																																																												
(2E,6E,10E)-geranylgeranyl diphosphate	CHEBI:58756	ent-copalyl diphosphate	CHEBI:58553	A0A0U3LQ20	RHEA:14841		A0A1D6K6U5	RHEA:14841		A0A1U8QHE3	RHEA:14841		A0A1W6QDJ1	RHEA:14841		A0A1X9ISN9	RHEA:14841		A0A3G1QTU5	RHEA:14841		A0A5P8DI15	RHEA:14841		A5A8G0	RHEA:14841		G3E4M4	RHEA:14841		G3E4M6	RHEA:14841		O04408	RHEA:14841	not specified	O13284	RHEA:14841	not specified	Q38802	RHEA:14841		Q41771	RHEA:14841	not specified	Q5KSN5	RHEA:14841	not specified	Q5MQ85	RHEA:14841	not specified	Q6ET36	RHEA:14841	not specified	Q6Z5I0	RHEA:14841		Q9UVY5	RHEA:14841	not specified	S0EA85	RHEA:14841	not specified																																																																											
(2E,6E,10E)-geranylgeranyl diphosphate	CHEBI:58756	9alpha-copalyl diphosphate	CHEBI:58622	A0A2K9RFZ8	RHEA:25524		Q0JF02	RHEA:25524		Q6E7D7	RHEA:25524	not specified	Q96WT2	RHEA:25524	not specified																																																																																																																											
(2E,6E,10E)-geranylgeranyl diphosphate	CHEBI:58756	(+)-copalyl diphosphate	CHEBI:58635	A0A075FA51	RHEA:24316		A0A0H5BB10	RHEA:24316	not specified	A0A0H5BB17	RHEA:24316	not specified	A0A1X9IRP7	RHEA:24316		A0A1X9IRQ7	RHEA:24316		A0A348FUE1	RHEA:24316		A0A5P8DHZ6	RHEA:24316		B2DBF0	RHEA:24316	not specified	B2DBF1	RHEA:24316	not specified	B8PQ84	RHEA:24316		G9MAN7	RHEA:24316	not specified	H8ZM70	RHEA:24316	not specified	H8ZM71	RHEA:24316	not specified	J9QS23	RHEA:24316	not specified	J9R388	RHEA:24316	not specified	M4HXU6	RHEA:24316	not specified	M4HY05	RHEA:24316	not specified	M4HYC6	RHEA:24316	not specified	Q38710	RHEA:24316	not specified	Q50EK2	RHEA:24316	not specified	Q675L4	RHEA:24316	not specified	Q675L5	RHEA:24316	not specified	Q947C4	RHEA:24316	not specified																																																																		
(2E,6E,10E)-geranylgeranyl diphosphate	CHEBI:58756	terpentedienyl diphosphate	CHEBI:58821	Q9AJE4	RHEA:25613	not specified																																																																																																																																				
(2E,6E,10E)-geranylgeranyl diphosphate	CHEBI:58756	(13E)-labda-7,13-dien-15-yl diphosphate	CHEBI:63682	D5SJ87	RHEA:54692	not specified																																																																																																																																				
(2E,6E,10E)-geranylgeranyl diphosphate	CHEBI:58756	8-hydroxycopalyl diphosphate	CHEBI:64283	E2IHE0	RHEA:32703	not specified	G3CCC0	RHEA:32703	not specified	G8GJ95	RHEA:32703		G8GJ96	RHEA:32703		H8ZM73	RHEA:32703	not specified																																																																																																																								
(2E,6E,10E)-geranylgeranyl diphosphate	CHEBI:58756	(6E,10E)-geranyllinalool	CHEBI:74299	Q29VN2	RHEA:38155		Q93YV0	RHEA:38155	not specified																																																																																																																																	
(2E,6E,10E)-geranylgeranyl diphosphate	CHEBI:58756	cembrene C	CHEBI:82798	M1V9Q0	RHEA:42988	not specified																																																																																																																																				
(2E,6E,10E)-geranylgeranyl diphosphate	CHEBI:58756	(R)-nephthenol	CHEBI:82799	M1V9Q0	RHEA:42992	not specified	M1VDX3	RHEA:42992	not specified																																																																																																																																	
(2E,6E,10E)-geranylgeranyl diphosphate	CHEBI:58756	(R)-cembrene A	CHEBI:82800	M1VDX3	RHEA:42996	not specified																																																																																																																																				
(2E,6E,10E)-geranylgeranyl diphosphate	CHEBI:58756	(1S,4E,8E,12E)-2,2,5,9,13-pentamethylcyclopentadeca-4,8,12-trien-1-ol	CHEBI:82801	M1VDX3	RHEA:43000	not specified																																																																																																																																				
(R,R)-chrysanthemyl diphosphate	CHEBI:58819	(R,R)-chrysanthemol	CHEBI:143898	P0C565	RHEA:60024																																																																																																																																					
terpentedienyl diphosphate	CHEBI:58821	terpentetriene	CHEBI:50302	Q9AJE3	RHEA:25617	not specified																																																																																																																																				
D-glyceraldehyde 3-phosphate	CHEBI:59776	1-deoxy-D-xylulose 5-phosphate	CHEBI:57792	A0A7J6EK66	RHEA:12605		A0A803PDZ0	RHEA:12605																																																																																																																																		
(3S,6E)-nerolidol	CHEBI:59958	(3E)-4,8-dimethylnona-1,3,7-triene	CHEBI:60158	A0A1D6HSP4	RHEA:55424		Q9LSF8	RHEA:55424	not specified																																																																																																																																	
(2Z,6Z)-farnesyl diphosphate	CHEBI:60374	(-)-alpha-cedrene	CHEBI:10216	G8H5N1	RHEA:68540																																																																																																																																					
(2Z,6Z)-farnesyl diphosphate	CHEBI:60374	(E)-beta-farnesene	CHEBI:10418	G8H5N1	RHEA:68544																																																																																																																																					
(2Z,6Z)-farnesyl diphosphate	CHEBI:60374	nerylneryl diphosphate	CHEBI:139032	K7WQ45	RHEA:64580																																																																																																																																					
(2Z,6Z)-farnesyl diphosphate	CHEBI:60374	beta-acoradiene	CHEBI:172925	G8H5N1	RHEA:68516																																																																																																																																					
(2Z,6Z)-farnesyl diphosphate	CHEBI:60374	alpha-acoradiene	CHEBI:172926	G8H5N1	RHEA:68512																																																																																																																																					
(2Z,6Z)-farnesyl diphosphate	CHEBI:60374	germacrene A	CHEBI:36517	G8H5M7	RHEA:68776																																																																																																																																					
(2Z,6Z)-farnesyl diphosphate	CHEBI:60374	(Z)-beta-farnesene	CHEBI:39242	G8H5N1	RHEA:68504																																																																																																																																					
(2Z,6Z)-farnesyl diphosphate	CHEBI:60374	(Z)-gamma-bisabolene	CHEBI:49238	D5KXD2	RHEA:68788		G5CV52	RHEA:68788		G8H5M8	RHEA:68788		G8H5N0	RHEA:68788																																																																																																																												
(2Z,6Z)-farnesyl diphosphate	CHEBI:60374	(E)-gamma-bisabolene	CHEBI:49239	G5CV52	RHEA:68468		G5CV54	RHEA:68468		G8H5N0	RHEA:68468		G8H5N1	RHEA:68468																																																																																																																												
(2Z,6Z)-farnesyl diphosphate	CHEBI:60374	(E)-alpha-bisabolene	CHEBI:49242	G5CV54	RHEA:68472		G8H5N1	RHEA:68472																																																																																																																																		
(2Z,6Z)-farnesyl diphosphate	CHEBI:60374	beta-bisabolene	CHEBI:49249	D5KXD2	RHEA:68524		G5CV52	RHEA:68524		G5CV54	RHEA:68524		G8H5M8	RHEA:68524		G8H5N0	RHEA:68524		G8H5N1	RHEA:68524																																																																																																																						
(2Z,6Z)-farnesyl diphosphate	CHEBI:60374	alpha-humulene	CHEBI:5768	G8H5M7	RHEA:68780																																																																																																																																					
(2Z,6Z)-farnesyl diphosphate	CHEBI:60374	germacrene C	CHEBI:61478	O64961	RHEA:68772																																																																																																																																					
(2Z,6Z)-farnesyl diphosphate	CHEBI:60374	(+)-alpha-santalene	CHEBI:61677	B8XA41	RHEA:30463	not specified																																																																																																																																				
(2Z,6Z)-farnesyl diphosphate	CHEBI:60374	(+)-endo-beta-bergamotene	CHEBI:61678	B8XA41	RHEA:30467	not specified																																																																																																																																				
(2Z,6Z)-farnesyl diphosphate	CHEBI:60374	(1S,5S,6S)-alpha-bergamotene	CHEBI:61679	B8XA41	RHEA:30471	not specified	G5CV52	RHEA:30471		G8H5N0	RHEA:30471		Q6JD70	RHEA:30471																																																																																																																												
(2Z,6Z)-farnesyl diphosphate	CHEBI:60374	gamma-curcumene	CHEBI:63696	D5KXD2	RHEA:68784		G8H5M8	RHEA:68784																																																																																																																																		
(S)-beta-macrocarpene	CHEBI:61344	zealexin A1	CHEBI:141852	B4FVP3	RHEA:57544																																																																																																																																					
(-)-alpha-gurjunene	CHEBI:61699	(2E,6E)-farnesyl diphosphate	CHEBI:175763	A0A1L5YKS7	RHEA:29507																																																																																																																																					
(E)-2-methylgeranyl diphosphate	CHEBI:61984	2-methylisoborneol	CHEBI:61987	A3KI17	RHEA:32571	not specified	A4FG19	RHEA:32571	not specified	D3KYU2	RHEA:32571	not specified	Q9F1V8	RHEA:32571	not specified	Q9F1Y6	RHEA:32571	not specified																																																																																																																								
arabidiol	CHEBI:62417	(S)-2,3-epoxysqualene	CHEBI:15441	Q9FR95	RHEA:31035	not specified																																																																																																																																				
abscisate(out)	CHEBI:62432	abscisate(in)	CHEBI:62432	Q9M9E1	RHEA:63960																																																																																																																																					
lupan-3beta,20-diol	CHEBI:62735	(S)-2,3-epoxysqualene	CHEBI:15441	Q9C5M3	RHEA:31351	not specified																																																																																																																																				
(+)-(E)-beta-caryophyllene	CHEBI:63190	(+)-caryolan-1-ol	CHEBI:63196	B1W019	RHEA:31795	not specified																																																																																																																																				
(13E)-labda-7,13-dien-15-yl diphosphate	CHEBI:63682	labda-7,13(16),14-triene	CHEBI:138301	B5GRC8	RHEA:54636	not specified																																																																																																																																				
10-hydroxy-alpha-humulene	CHEBI:63893	zerumbone	CHEBI:63892	F1SWA0	RHEA:32327	not specified																																																																																																																																				
(6E)-8-oxogeranial	CHEBI:64239	(S)-8-oxocitronellyl enol	CHEBI:144481	K7WDL7	RHEA:62592; RHEA:62596																																																																																																																																					
8-hydroxycopalyl diphosphate	CHEBI:64283	(13R)-manoyl oxide	CHEBI:138234	A0A075FBG7	RHEA:54516	not specified																																																																																																																																				
8-hydroxycopalyl diphosphate	CHEBI:64283	cis-abienol	CHEBI:68624	G3CCC1	RHEA:34463	not specified	H8ZM73	RHEA:34463	not specified																																																																																																																																	
8-hydroxycopalyl diphosphate	CHEBI:64283	sclareol	CHEBI:9053	G8GJ94	RHEA:34459																																																																																																																																					
(+)-artemisinic aldehyde	CHEBI:64688	(11R)-dihydroartemisinic aldehyde	CHEBI:64691	C5H429	RHEA:32883																																																																																																																																					
(+)-artemisinic aldehyde	CHEBI:64688	(+)-artemisinate	CHEBI:64782	C5I9X1	RHEA:60680																																																																																																																																					
(11R)-dihydroartemisinic aldehyde	CHEBI:64691	(11R)-dihydroartemisinate	CHEBI:143905	C5I9X1	RHEA:60684; RHEA:60688																																																																																																																																					
[(1R)-2,2,3-trimethyl-5-oxocyclopent-3-enyl]acetyl-CoA	CHEBI:64784	[(2R)-3,3,4-trimethyl-6-oxo-3,6-dihydro-1H-pyran-2-yl]acetyl-CoA	CHEBI:64785	H3JQW0	RHEA:33015	not specified																																																																																																																																				
sporulenol	CHEBI:67182	(R)-tetraprenyl-beta-curcumene	CHEBI:64801	Q796C3	RHEA:34255	not specified																																																																																																																																				
preaustinoid A	CHEBI:69023	berkeleytrione	CHEBI:69022	A0A1E1FFL0	RHEA:65192																																																																																																																																					
preaustinoid A	CHEBI:69023	preaustinoid A1	CHEBI:69026	A0A0F7TXA5	RHEA:65168		A0A0U5HAQ4	RHEA:65168		A0A1E1FFN4	RHEA:65168		C8VE79	RHEA:65168																																																																																																																												
berkeleyone A	CHEBI:69024	preaustinoid A	CHEBI:69023	A0A0F7TZD6	RHEA:65144		A0A0U5GHG9	RHEA:65144		Q5AR34	RHEA:65144																																																																																																																															
berkeleyone B	CHEBI:69025	berkeleydione	CHEBI:69021	A0A1E1FFL0	RHEA:65188																																																																																																																																					
preaustinoid A1	CHEBI:69026	preaustinoid A2	CHEBI:156343	A0A0F7TZD6	RHEA:65132		A0A0U5GHG9	RHEA:65132		Q5AR34	RHEA:65132																																																																																																																															
preaustinoid A1	CHEBI:69026	berkeleyone B	CHEBI:69025	A0A1E1FFL0	RHEA:65184																																																																																																																																					
(6E,10E)-geranyllinalool	CHEBI:74299	(3E,7E)-4,8,12-trimethyltrideca 1,3,7,11-tetraene	CHEBI:74322	A0A1D6F9Y9	RHEA:13545		A0A1D6HSP4	RHEA:13545		Q9LSF8	RHEA:13545	not specified																																																																																																																														
(20S)-protopanaxadiol	CHEBI:75950	(20S)-ginsenoside Rh2	CHEBI:77147	A0A0A6ZFR4	RHEA:57996		A0A0D5ZDC8	RHEA:57996																																																																																																																																		
(4Z,7Z,10Z,13Z,16Z,19Z)-docosahexaenoate	CHEBI:77016	21-hydroxy-(4Z,7Z,10Z,13Z,16Z,19Z)-docosahexaenoate	CHEBI:132025	P33261	RHEA:50088																																																																																																																																					
(4Z,7Z,10Z,13Z,16Z,19Z)-docosahexaenoate	CHEBI:77016	(19R,20S)-epoxy-(4Z,7Z,10Z,13Z,16Z)-docosapentaenoate	CHEBI:136410	P33261	RHEA:52120																																																																																																																																					
(4Z,7Z,10Z,13Z,16Z,19Z)-docosahexaenoate	CHEBI:77016	(19S,20R)-epoxy-(4Z,7Z,10Z,13Z,16Z)-docosapentaenoate	CHEBI:136411	P33261	RHEA:52124																																																																																																																																					
fenbendazole	CHEBI:77092	4'-hydroxyfenbendazole	CHEBI:140184	P33261	RHEA:56292	not specified																																																																																																																																				
(20S)-ginsenoside F2	CHEBI:77145	(20S)-ginsenoside Rd	CHEBI:67988	A0A0A6ZFY4	RHEA:58004																																																																																																																																					
(20S)-ginsenoside C-K	CHEBI:77146	(20S)-ginsenoside F2	CHEBI:77145	A0A0A6ZFR4	RHEA:57992																																																																																																																																					
(20S)-ginsenoside Rh2	CHEBI:77147	(20S)-ginsenoside Rg3	CHEBI:67991	A0A0A6ZFY4	RHEA:58000																																																																																																																																					
(5Z,8Z,11Z)-eicosatrienoate	CHEBI:78043	19-hydroxy-(5Z,8Z,11Z)-eicosatrienoate	CHEBI:132024	P33261	RHEA:50076																																																																																																																																					
ophiobolin F	CHEBI:78293	ophiobolin C	CHEBI:167548	A0A1V1FNM9	RHEA:66896		M2V933	RHEA:66896																																																																																																																																		
cyclooctat-9-en-7-ol	CHEBI:78352	cyclooctat-9-ene-5,7-diol	CHEBI:141020	C9K1X6	RHEA:56820																																																																																																																																					
(S)-linalool	CHEBI:98	beta-myrcene	CHEBI:17221	E1XUJ2	RHEA:30711	not specified																																																																																																																																				
holo-[peptidyl-carrier protein]	GENERIC:11480	L-prolyl-[peptidyl-carrier protein]	GENERIC:14109	A0A1L9WUW3	RHEA:11656																																																																																																																																					
reduced [2Fe-2S]-[putidaredoxin]	GENERIC:14158	(1R,4R,5R)-5-hydroxycamphor	CHEBI:15398	P00183	RHEA:13525	not specified																																																																																																																																				
reduced [2Fe-2S]-[putidaredoxin]	GENERIC:14158	oxidized [2Fe-2S]-[putidaredoxin]	GENERIC:14157	P16640	RHEA:33063	not specified																																																																																																																																				
holo-[polyketide synthase]	GENERIC:18421	dodecapentaneoyl-[polyketide synthase]	GENERIC:18432	Q4WAY3	RHEA:74727																																																																																																																																					
