Entry	GO ID	GO Term	GO Link
A0A075FBG7	GO:0009686	gibberellin biosynthetic process	https://www.ebi.ac.uk/QuickGO/term/GO:0009686
A0A075FBG7	GO:1901946	miltiradiene biosynthetic process	https://www.ebi.ac.uk/QuickGO/term/GO:1901946
A0A0A6ZFY4	GO:0002238	response to molecule of fungal origin	https://www.ebi.ac.uk/QuickGO/term/GO:0002238
A0A0A6ZFY4	GO:0016135	saponin biosynthetic process	https://www.ebi.ac.uk/QuickGO/term/GO:0016135
A0A0A6ZFY4	GO:0046246	terpene biosynthetic process	https://www.ebi.ac.uk/QuickGO/term/GO:0046246
A0A0A6ZFY4	GO:0016114	terpenoid biosynthetic process	https://www.ebi.ac.uk/QuickGO/term/GO:0016114
A0A0E3D8M9	GO:0046165	alcohol biosynthetic process	https://www.ebi.ac.uk/QuickGO/term/GO:0046165
A0A0E3D8M9	GO:0008299	isoprenoid biosynthetic process	https://www.ebi.ac.uk/QuickGO/term/GO:0008299
A0A0E3D8M9	GO:0043386	mycotoxin biosynthetic process	https://www.ebi.ac.uk/QuickGO/term/GO:0043386
A0A0E3D8P4	GO:0046165	alcohol biosynthetic process	https://www.ebi.ac.uk/QuickGO/term/GO:0046165
A0A0E3D8P4	GO:0008299	isoprenoid biosynthetic process	https://www.ebi.ac.uk/QuickGO/term/GO:0008299
A0A0E3D8P4	GO:0043386	mycotoxin biosynthetic process	https://www.ebi.ac.uk/QuickGO/term/GO:0043386
A0A0M3Q1Q3	GO:0016102	diterpenoid biosynthetic process	https://www.ebi.ac.uk/QuickGO/term/GO:0016102
A0A0M3Q1Q3	GO:0009753	response to jasmonic acid	https://www.ebi.ac.uk/QuickGO/term/GO:0009753
A0A0M3Q1Q3	GO:0009751	response to salicylic acid	https://www.ebi.ac.uk/QuickGO/term/GO:0009751
A0A0M3Q1Q3	GO:0010225	response to UV-C	https://www.ebi.ac.uk/QuickGO/term/GO:0010225
A0A0P0ZD79	GO:0046165	alcohol biosynthetic process	https://www.ebi.ac.uk/QuickGO/term/GO:0046165
A0A0P0ZD79	GO:0043386	mycotoxin biosynthetic process	https://www.ebi.ac.uk/QuickGO/term/GO:0043386
A0A0P0ZD79	GO:0016114	terpenoid biosynthetic process	https://www.ebi.ac.uk/QuickGO/term/GO:0016114
A0A140JWS2	GO:0046165	alcohol biosynthetic process	https://www.ebi.ac.uk/QuickGO/term/GO:0046165
A0A140JWS2	GO:0008299	isoprenoid biosynthetic process	https://www.ebi.ac.uk/QuickGO/term/GO:0008299
A0A140JWS2	GO:0043386	mycotoxin biosynthetic process	https://www.ebi.ac.uk/QuickGO/term/GO:0043386
A0A1D6EFT8	GO:0050832	defense response to fungus	https://www.ebi.ac.uk/QuickGO/term/GO:0050832
A0A1D6EFT8	GO:0016102	diterpenoid biosynthetic process	https://www.ebi.ac.uk/QuickGO/term/GO:0016102
A0A1D6EFT8	GO:0051762	sesquiterpene biosynthetic process	https://www.ebi.ac.uk/QuickGO/term/GO:0051762
A0A1D6EFT8	GO:0046246	terpene biosynthetic process	https://www.ebi.ac.uk/QuickGO/term/GO:0046246
A0A1D6HSP4	GO:0006952	defense response	https://www.ebi.ac.uk/QuickGO/term/GO:0006952
A0A1D6HSP4	GO:0080027	response to herbivore	https://www.ebi.ac.uk/QuickGO/term/GO:0080027
A0A1D6HSP4	GO:0016114	terpenoid biosynthetic process	https://www.ebi.ac.uk/QuickGO/term/GO:0016114
A0A1D6K6U5	GO:0006952	defense response	https://www.ebi.ac.uk/QuickGO/term/GO:0006952
A0A1D6K6U5	GO:0051502	diterpene phytoalexin biosynthetic process	https://www.ebi.ac.uk/QuickGO/term/GO:0051502
A0A1D6K6U5	GO:0016102	diterpenoid biosynthetic process	https://www.ebi.ac.uk/QuickGO/term/GO:0016102
A0A1D6K6U5	GO:0009686	gibberellin biosynthetic process	https://www.ebi.ac.uk/QuickGO/term/GO:0009686
A0A1D6LTV0	GO:0016102	diterpenoid biosynthetic process	https://www.ebi.ac.uk/QuickGO/term/GO:0016102
A0A1D6LTV0	GO:0009611	response to wounding	https://www.ebi.ac.uk/QuickGO/term/GO:0009611
A0A1D6LTV0	GO:0046246	terpene biosynthetic process	https://www.ebi.ac.uk/QuickGO/term/GO:0046246
A0A1D6LTV0	GO:0016114	terpenoid biosynthetic process	https://www.ebi.ac.uk/QuickGO/term/GO:0016114
A0A1E1FFL0	GO:0140874	paraherquonin biosynthetic process	https://www.ebi.ac.uk/QuickGO/term/GO:0140874
A0A1L6Z3A0	GO:0016102	diterpenoid biosynthetic process	https://www.ebi.ac.uk/QuickGO/term/GO:0016102
A0A1S5RW73	GO:0016102	diterpenoid biosynthetic process	https://www.ebi.ac.uk/QuickGO/term/GO:0016102
A0A1S5RW73	GO:0009686	gibberellin biosynthetic process	https://www.ebi.ac.uk/QuickGO/term/GO:0009686
A0A1V0E492	GO:1901937	beta-caryophyllene biosynthetic process	https://www.ebi.ac.uk/QuickGO/term/GO:1901937
A0A1V0E492	GO:0016102	diterpenoid biosynthetic process	https://www.ebi.ac.uk/QuickGO/term/GO:0016102
A0A1V0E492	GO:0010597	green leaf volatile biosynthetic process	https://www.ebi.ac.uk/QuickGO/term/GO:0010597
A0A1V0E492	GO:0051762	sesquiterpene biosynthetic process	https://www.ebi.ac.uk/QuickGO/term/GO:0051762
A0A1V0E4A6	GO:1901928	cadinene biosynthetic process	https://www.ebi.ac.uk/QuickGO/term/GO:1901928
A0A1V0E4A6	GO:0016102	diterpenoid biosynthetic process	https://www.ebi.ac.uk/QuickGO/term/GO:0016102
A0A1V0E4A6	GO:0010597	green leaf volatile biosynthetic process	https://www.ebi.ac.uk/QuickGO/term/GO:0010597
A0A1V0E4A6	GO:0051762	sesquiterpene biosynthetic process	https://www.ebi.ac.uk/QuickGO/term/GO:0051762
A0A1V0QSF9	GO:0016102	diterpenoid biosynthetic process	https://www.ebi.ac.uk/QuickGO/term/GO:0016102
A0A1V0QSG0	GO:0016102	diterpenoid biosynthetic process	https://www.ebi.ac.uk/QuickGO/term/GO:0016102
A0A1V0QSG6	GO:0016102	diterpenoid biosynthetic process	https://www.ebi.ac.uk/QuickGO/term/GO:0016102
A0A1V0QSH2	GO:0016102	diterpenoid biosynthetic process	https://www.ebi.ac.uk/QuickGO/term/GO:0016102
A0A1W6QDI7	GO:0009686	gibberellin biosynthetic process	https://www.ebi.ac.uk/QuickGO/term/GO:0009686
A0A1W6QDI7	GO:1901946	miltiradiene biosynthetic process	https://www.ebi.ac.uk/QuickGO/term/GO:1901946
A0A1W6QDI7	GO:0016114	terpenoid biosynthetic process	https://www.ebi.ac.uk/QuickGO/term/GO:0016114
A0A2K9RFZ2	GO:0009686	gibberellin biosynthetic process	https://www.ebi.ac.uk/QuickGO/term/GO:0009686
A0A2P2GK84			
A0A2R4QKX7	GO:1901931	alpha-copaene biosynthetic process	https://www.ebi.ac.uk/QuickGO/term/GO:1901931
A0A2R4QKX7	GO:0016102	diterpenoid biosynthetic process	https://www.ebi.ac.uk/QuickGO/term/GO:0016102
A0A2R4QKX7	GO:0010597	green leaf volatile biosynthetic process	https://www.ebi.ac.uk/QuickGO/term/GO:0010597
A0A2R4QKX7	GO:0051762	sesquiterpene biosynthetic process	https://www.ebi.ac.uk/QuickGO/term/GO:0051762
A0A348FUE1	GO:0046165	alcohol biosynthetic process	https://www.ebi.ac.uk/QuickGO/term/GO:0046165
A0A348FUE1	GO:0008299	isoprenoid biosynthetic process	https://www.ebi.ac.uk/QuickGO/term/GO:0008299
A0A348FUE1	GO:0043386	mycotoxin biosynthetic process	https://www.ebi.ac.uk/QuickGO/term/GO:0043386
A0A386KZ50	GO:0071244	cellular response to carbon dioxide	https://www.ebi.ac.uk/QuickGO/term/GO:0071244
A0A386KZ50	GO:0016036	cellular response to phosphate starvation	https://www.ebi.ac.uk/QuickGO/term/GO:0016036
A0A3S5XFG0	GO:0046165	alcohol biosynthetic process	https://www.ebi.ac.uk/QuickGO/term/GO:0046165
A0A3S5XFG0	GO:0008299	isoprenoid biosynthetic process	https://www.ebi.ac.uk/QuickGO/term/GO:0008299
A0A3S5XFG0	GO:0043386	mycotoxin biosynthetic process	https://www.ebi.ac.uk/QuickGO/term/GO:0043386
A0A455R4Z0	GO:0016114	terpenoid biosynthetic process	https://www.ebi.ac.uk/QuickGO/term/GO:0016114
A0A5S9I252	GO:0008299	isoprenoid biosynthetic process	https://www.ebi.ac.uk/QuickGO/term/GO:0008299
A0A6P6W6H5	GO:0046248	alpha-pinene biosynthetic process	https://www.ebi.ac.uk/QuickGO/term/GO:0046248
A0A6P6W6H5	GO:0016102	diterpenoid biosynthetic process	https://www.ebi.ac.uk/QuickGO/term/GO:0016102
A0A6P6W6H5	GO:0046250	limonene biosynthetic process	https://www.ebi.ac.uk/QuickGO/term/GO:0046250
A0A6P6W6H5	GO:0016098	monoterpenoid metabolic process	https://www.ebi.ac.uk/QuickGO/term/GO:0016098
A0A858E6N7	GO:0008299	isoprenoid biosynthetic process	https://www.ebi.ac.uk/QuickGO/term/GO:0008299
A0A858E7G0	GO:0008299	isoprenoid biosynthetic process	https://www.ebi.ac.uk/QuickGO/term/GO:0008299
A0A8D5M3Y5	GO:0046165	alcohol biosynthetic process	https://www.ebi.ac.uk/QuickGO/term/GO:0046165
A0A8D5M3Y5	GO:0008299	isoprenoid biosynthetic process	https://www.ebi.ac.uk/QuickGO/term/GO:0008299
A0A8D5M3Y5	GO:0043386	mycotoxin biosynthetic process	https://www.ebi.ac.uk/QuickGO/term/GO:0043386
A0A8H7XP09	GO:0008299	isoprenoid biosynthetic process	https://www.ebi.ac.uk/QuickGO/term/GO:0008299
A0A8H8CMW1	GO:0008299	isoprenoid biosynthetic process	https://www.ebi.ac.uk/QuickGO/term/GO:0008299
A1C8C3	GO:0046165	alcohol biosynthetic process	https://www.ebi.ac.uk/QuickGO/term/GO:0046165
A1C8C3	GO:0043386	mycotoxin biosynthetic process	https://www.ebi.ac.uk/QuickGO/term/GO:0043386
A1C8C3	GO:0016114	terpenoid biosynthetic process	https://www.ebi.ac.uk/QuickGO/term/GO:0016114
A1DN30	GO:0046165	alcohol biosynthetic process	https://www.ebi.ac.uk/QuickGO/term/GO:0046165
A1DN30	GO:0043386	mycotoxin biosynthetic process	https://www.ebi.ac.uk/QuickGO/term/GO:0043386
A1DN30	GO:0016114	terpenoid biosynthetic process	https://www.ebi.ac.uk/QuickGO/term/GO:0016114
A2PZA5	GO:0046165	alcohol biosynthetic process	https://www.ebi.ac.uk/QuickGO/term/GO:0046165
A2PZA5	GO:0008299	isoprenoid biosynthetic process	https://www.ebi.ac.uk/QuickGO/term/GO:0008299
A2PZA5	GO:0043386	mycotoxin biosynthetic process	https://www.ebi.ac.uk/QuickGO/term/GO:0043386
A4FVP2	GO:0016102	diterpenoid biosynthetic process	https://www.ebi.ac.uk/QuickGO/term/GO:0016102
A4FVP2	GO:0080027	response to herbivore	https://www.ebi.ac.uk/QuickGO/term/GO:0080027
A4FVP2	GO:0009625	response to insect	https://www.ebi.ac.uk/QuickGO/term/GO:0009625
A4FVP2	GO:0009753	response to jasmonic acid	https://www.ebi.ac.uk/QuickGO/term/GO:0009753
A4FVP2	GO:0009611	response to wounding	https://www.ebi.ac.uk/QuickGO/term/GO:0009611
A4FVP2	GO:0016106	sesquiterpenoid biosynthetic process	https://www.ebi.ac.uk/QuickGO/term/GO:0016106
A4FVP2	GO:0046246	terpene biosynthetic process	https://www.ebi.ac.uk/QuickGO/term/GO:0046246
A5A8G0	GO:0016102	diterpenoid biosynthetic process	https://www.ebi.ac.uk/QuickGO/term/GO:0016102
A5A8G0	GO:0033332	ent-kaurene biosynthetic process	https://www.ebi.ac.uk/QuickGO/term/GO:0033332
A5PHD6	GO:0006633	fatty acid biosynthetic process	https://www.ebi.ac.uk/QuickGO/term/GO:0006633
A5PHD6	GO:0032259	methylation	https://www.ebi.ac.uk/QuickGO/term/GO:0032259
A5PHD6	GO:0044550	secondary metabolite biosynthetic process	https://www.ebi.ac.uk/QuickGO/term/GO:0044550
A5PHD6	GO:0016114	terpenoid biosynthetic process	https://www.ebi.ac.uk/QuickGO/term/GO:0016114
A5Y5L5	GO:0046248	alpha-pinene biosynthetic process	https://www.ebi.ac.uk/QuickGO/term/GO:0046248
A5Y5L5	GO:0007623	circadian rhythm	https://www.ebi.ac.uk/QuickGO/term/GO:0007623
A5Y5L5	GO:0016102	diterpenoid biosynthetic process	https://www.ebi.ac.uk/QuickGO/term/GO:0016102
A5Y5L5	GO:0010597	green leaf volatile biosynthetic process	https://www.ebi.ac.uk/QuickGO/term/GO:0010597
A5Y5L5	GO:0046250	limonene biosynthetic process	https://www.ebi.ac.uk/QuickGO/term/GO:0046250
A5Y5L5	GO:0043693	monoterpene biosynthetic process	https://www.ebi.ac.uk/QuickGO/term/GO:0043693
A6XH05	GO:0046248	alpha-pinene biosynthetic process	https://www.ebi.ac.uk/QuickGO/term/GO:0046248
A6XH05	GO:0016102	diterpenoid biosynthetic process	https://www.ebi.ac.uk/QuickGO/term/GO:0016102
A6XH05	GO:0010597	green leaf volatile biosynthetic process	https://www.ebi.ac.uk/QuickGO/term/GO:0010597
A6XH05	GO:0016099	monoterpenoid biosynthetic process	https://www.ebi.ac.uk/QuickGO/term/GO:0016099
A6XH06	GO:0016102	diterpenoid biosynthetic process	https://www.ebi.ac.uk/QuickGO/term/GO:0016102
A6XH06	GO:0010597	green leaf volatile biosynthetic process	https://www.ebi.ac.uk/QuickGO/term/GO:0010597
A6XH06	GO:0016099	monoterpenoid biosynthetic process	https://www.ebi.ac.uk/QuickGO/term/GO:0016099
A7IZZ1	GO:0016102	diterpenoid biosynthetic process	https://www.ebi.ac.uk/QuickGO/term/GO:0016102
A7IZZ2	GO:0046248	alpha-pinene biosynthetic process	https://www.ebi.ac.uk/QuickGO/term/GO:0046248
A7IZZ2	GO:0016102	diterpenoid biosynthetic process	https://www.ebi.ac.uk/QuickGO/term/GO:0016102
B1W019	GO:0051762	sesquiterpene biosynthetic process	https://www.ebi.ac.uk/QuickGO/term/GO:0051762
B1W019	GO:0016106	sesquiterpenoid biosynthetic process	https://www.ebi.ac.uk/QuickGO/term/GO:0016106
B2C4D0	GO:1901937	beta-caryophyllene biosynthetic process	https://www.ebi.ac.uk/QuickGO/term/GO:1901937
B2C4D0	GO:0002213	defense response to insect	https://www.ebi.ac.uk/QuickGO/term/GO:0002213
B2C4D0	GO:0016102	diterpenoid biosynthetic process	https://www.ebi.ac.uk/QuickGO/term/GO:0016102
B2C4D0	GO:0045339	farnesyl diphosphate catabolic process	https://www.ebi.ac.uk/QuickGO/term/GO:0045339
B2C4D0	GO:0080027	response to herbivore	https://www.ebi.ac.uk/QuickGO/term/GO:0080027
B2C4D0	GO:0009625	response to insect	https://www.ebi.ac.uk/QuickGO/term/GO:0009625
B2C4D0	GO:0051762	sesquiterpene biosynthetic process	https://www.ebi.ac.uk/QuickGO/term/GO:0051762
B2C4D0	GO:0046246	terpene biosynthetic process	https://www.ebi.ac.uk/QuickGO/term/GO:0046246
B2C4D0	GO:0016114	terpenoid biosynthetic process	https://www.ebi.ac.uk/QuickGO/term/GO:0016114
B5HDJ6	GO:0016114	terpenoid biosynthetic process	https://www.ebi.ac.uk/QuickGO/term/GO:0016114
B7FXW1	GO:0016126	sterol biosynthetic process	https://www.ebi.ac.uk/QuickGO/term/GO:0016126
C5H429	GO:0009695	jasmonic acid biosynthetic process	https://www.ebi.ac.uk/QuickGO/term/GO:0009695
C5H429	GO:0031408	oxylipin biosynthetic process	https://www.ebi.ac.uk/QuickGO/term/GO:0031408
C5I9X1			
C5I9X1			
C5I9X1			
C5I9X1			
C5I9X1			
D5KXD2	GO:0016102	diterpenoid biosynthetic process	https://www.ebi.ac.uk/QuickGO/term/GO:0016102
D5KXD2	GO:0046246	terpene biosynthetic process	https://www.ebi.ac.uk/QuickGO/term/GO:0046246
D5KXD2	GO:0016114	terpenoid biosynthetic process	https://www.ebi.ac.uk/QuickGO/term/GO:0016114
E1XUJ2	GO:0043694	monoterpene catabolic process	https://www.ebi.ac.uk/QuickGO/term/GO:0043694
E1XUJ2	GO:0016098	monoterpenoid metabolic process	https://www.ebi.ac.uk/QuickGO/term/GO:0016098
E2E2N7	GO:0016102	diterpenoid biosynthetic process	https://www.ebi.ac.uk/QuickGO/term/GO:0016102
E2E2P0	GO:0002213	defense response to insect	https://www.ebi.ac.uk/QuickGO/term/GO:0002213
E2E2P0	GO:0016102	diterpenoid biosynthetic process	https://www.ebi.ac.uk/QuickGO/term/GO:0016102
E2E2P0	GO:0033383	geranyl diphosphate metabolic process	https://www.ebi.ac.uk/QuickGO/term/GO:0033383
E2E2P0	GO:0009625	response to insect	https://www.ebi.ac.uk/QuickGO/term/GO:0009625
E2E2P0	GO:0009414	response to water deprivation	https://www.ebi.ac.uk/QuickGO/term/GO:0009414
E4MYY0	GO:0016114	terpenoid biosynthetic process	https://www.ebi.ac.uk/QuickGO/term/GO:0016114
E9F5E9	GO:0046165	alcohol biosynthetic process	https://www.ebi.ac.uk/QuickGO/term/GO:0046165
E9F5E9	GO:0043386	mycotoxin biosynthetic process	https://www.ebi.ac.uk/QuickGO/term/GO:0043386
E9F5E9	GO:0016114	terpenoid biosynthetic process	https://www.ebi.ac.uk/QuickGO/term/GO:0016114
F1CKI6	GO:0016102	diterpenoid biosynthetic process	https://www.ebi.ac.uk/QuickGO/term/GO:0016102
F1CKI6	GO:0010597	green leaf volatile biosynthetic process	https://www.ebi.ac.uk/QuickGO/term/GO:0010597
F1CKI6	GO:0043693	monoterpene biosynthetic process	https://www.ebi.ac.uk/QuickGO/term/GO:0043693
F1CKI6	GO:0016099	monoterpenoid biosynthetic process	https://www.ebi.ac.uk/QuickGO/term/GO:0016099
F1CKI6	GO:0009753	response to jasmonic acid	https://www.ebi.ac.uk/QuickGO/term/GO:0009753
F2XF95	GO:0046248	alpha-pinene biosynthetic process	https://www.ebi.ac.uk/QuickGO/term/GO:0046248
F2XF95	GO:0016102	diterpenoid biosynthetic process	https://www.ebi.ac.uk/QuickGO/term/GO:0016102
F2XF95	GO:0010597	green leaf volatile biosynthetic process	https://www.ebi.ac.uk/QuickGO/term/GO:0010597
F2XF95	GO:0016099	monoterpenoid biosynthetic process	https://www.ebi.ac.uk/QuickGO/term/GO:0016099
F2XF96	GO:0046248	alpha-pinene biosynthetic process	https://www.ebi.ac.uk/QuickGO/term/GO:0046248
F2XF96	GO:0016102	diterpenoid biosynthetic process	https://www.ebi.ac.uk/QuickGO/term/GO:0016102
F2XF96	GO:0010597	green leaf volatile biosynthetic process	https://www.ebi.ac.uk/QuickGO/term/GO:0010597
F2XF96	GO:0016099	monoterpenoid biosynthetic process	https://www.ebi.ac.uk/QuickGO/term/GO:0016099
F2XF99	GO:0016102	diterpenoid biosynthetic process	https://www.ebi.ac.uk/QuickGO/term/GO:0016102
F2XF99	GO:0010597	green leaf volatile biosynthetic process	https://www.ebi.ac.uk/QuickGO/term/GO:0010597
F2XF99	GO:0016099	monoterpenoid biosynthetic process	https://www.ebi.ac.uk/QuickGO/term/GO:0016099
F2XF99	GO:0016106	sesquiterpenoid biosynthetic process	https://www.ebi.ac.uk/QuickGO/term/GO:0016106
F2XFA8	GO:0046248	alpha-pinene biosynthetic process	https://www.ebi.ac.uk/QuickGO/term/GO:0046248
F2XFA8	GO:0016102	diterpenoid biosynthetic process	https://www.ebi.ac.uk/QuickGO/term/GO:0016102
F2XFA8	GO:0010597	green leaf volatile biosynthetic process	https://www.ebi.ac.uk/QuickGO/term/GO:0010597
F2XFA8	GO:0016099	monoterpenoid biosynthetic process	https://www.ebi.ac.uk/QuickGO/term/GO:0016099
F2XFB2	GO:0016102	diterpenoid biosynthetic process	https://www.ebi.ac.uk/QuickGO/term/GO:0016102
F2XFB2	GO:0010597	green leaf volatile biosynthetic process	https://www.ebi.ac.uk/QuickGO/term/GO:0010597
F2XFB2	GO:0009611	response to wounding	https://www.ebi.ac.uk/QuickGO/term/GO:0009611
F8JK18			
G0Y7D3	GO:0016102	diterpenoid biosynthetic process	https://www.ebi.ac.uk/QuickGO/term/GO:0016102
G0Y7D3	GO:0010597	green leaf volatile biosynthetic process	https://www.ebi.ac.uk/QuickGO/term/GO:0010597
G0Y7D3	GO:0043693	monoterpene biosynthetic process	https://www.ebi.ac.uk/QuickGO/term/GO:0043693
G1JUH1	GO:0016102	diterpenoid biosynthetic process	https://www.ebi.ac.uk/QuickGO/term/GO:0016102
G1JUH1	GO:0046246	terpene biosynthetic process	https://www.ebi.ac.uk/QuickGO/term/GO:0046246
G5CV52	GO:0016102	diterpenoid biosynthetic process	https://www.ebi.ac.uk/QuickGO/term/GO:0016102
G5CV52	GO:0009753	response to jasmonic acid	https://www.ebi.ac.uk/QuickGO/term/GO:0009753
G5CV52	GO:0046246	terpene biosynthetic process	https://www.ebi.ac.uk/QuickGO/term/GO:0046246
G5CV52	GO:0016114	terpenoid biosynthetic process	https://www.ebi.ac.uk/QuickGO/term/GO:0016114
G5CV54	GO:0016102	diterpenoid biosynthetic process	https://www.ebi.ac.uk/QuickGO/term/GO:0016102
G5CV54	GO:0046246	terpene biosynthetic process	https://www.ebi.ac.uk/QuickGO/term/GO:0046246
G5CV54	GO:0016114	terpenoid biosynthetic process	https://www.ebi.ac.uk/QuickGO/term/GO:0016114
G8H5M7	GO:0016102	diterpenoid biosynthetic process	https://www.ebi.ac.uk/QuickGO/term/GO:0016102
G8H5M7	GO:0016114	terpenoid biosynthetic process	https://www.ebi.ac.uk/QuickGO/term/GO:0016114
G8H5M8	GO:0016102	diterpenoid biosynthetic process	https://www.ebi.ac.uk/QuickGO/term/GO:0016102
G8H5M8	GO:0016114	terpenoid biosynthetic process	https://www.ebi.ac.uk/QuickGO/term/GO:0016114
G8H5M9	GO:0016102	diterpenoid biosynthetic process	https://www.ebi.ac.uk/QuickGO/term/GO:0016102
G8H5M9	GO:0016114	terpenoid biosynthetic process	https://www.ebi.ac.uk/QuickGO/term/GO:0016114
G8H5N0	GO:0016102	diterpenoid biosynthetic process	https://www.ebi.ac.uk/QuickGO/term/GO:0016102
G8H5N0	GO:0016114	terpenoid biosynthetic process	https://www.ebi.ac.uk/QuickGO/term/GO:0016114
G8H5N1	GO:0016102	diterpenoid biosynthetic process	https://www.ebi.ac.uk/QuickGO/term/GO:0016102
G8H5N1	GO:0016114	terpenoid biosynthetic process	https://www.ebi.ac.uk/QuickGO/term/GO:0016114
G9MAN7	GO:1901949	5alpha,9alpha,10beta-labda-8(20),13-dien-15-yl diphosphate biosynthetic process	https://www.ebi.ac.uk/QuickGO/term/GO:1901949
G9MAN7	GO:1901948	5alpha,9alpha,10beta-labda-8(20),13-dien-15-yl diphosphate catabolic process	https://www.ebi.ac.uk/QuickGO/term/GO:1901948
G9MAN7	GO:0016102	diterpenoid biosynthetic process	https://www.ebi.ac.uk/QuickGO/term/GO:0016102
G9MAN7	GO:1901946	miltiradiene biosynthetic process	https://www.ebi.ac.uk/QuickGO/term/GO:1901946
H1VQB1	GO:0046165	alcohol biosynthetic process	https://www.ebi.ac.uk/QuickGO/term/GO:0046165
H1VQB1	GO:0043386	mycotoxin biosynthetic process	https://www.ebi.ac.uk/QuickGO/term/GO:0043386
H1VQB1	GO:0016114	terpenoid biosynthetic process	https://www.ebi.ac.uk/QuickGO/term/GO:0016114
H1ZV37	GO:0043694	monoterpene catabolic process	https://www.ebi.ac.uk/QuickGO/term/GO:0043694
H1ZV37	GO:0016098	monoterpenoid metabolic process	https://www.ebi.ac.uk/QuickGO/term/GO:0016098
H1ZV38	GO:0043694	monoterpene catabolic process	https://www.ebi.ac.uk/QuickGO/term/GO:0043694
H1ZV38	GO:0016098	monoterpenoid metabolic process	https://www.ebi.ac.uk/QuickGO/term/GO:0016098
H2ELN1	GO:0046248	alpha-pinene biosynthetic process	https://www.ebi.ac.uk/QuickGO/term/GO:0046248
H2ELN1	GO:0007623	circadian rhythm	https://www.ebi.ac.uk/QuickGO/term/GO:0007623
H2ELN1	GO:0016102	diterpenoid biosynthetic process	https://www.ebi.ac.uk/QuickGO/term/GO:0016102
H2ELN1	GO:0010597	green leaf volatile biosynthetic process	https://www.ebi.ac.uk/QuickGO/term/GO:0010597
H2ELN1	GO:0046250	limonene biosynthetic process	https://www.ebi.ac.uk/QuickGO/term/GO:0046250
H2ELN1	GO:0016114	terpenoid biosynthetic process	https://www.ebi.ac.uk/QuickGO/term/GO:0016114
H3JQW0	GO:0019383	(+)-camphor catabolic process	https://www.ebi.ac.uk/QuickGO/term/GO:0019383
H6U1I8	GO:0008299	isoprenoid biosynthetic process	https://www.ebi.ac.uk/QuickGO/term/GO:0008299
H6U1I8	GO:0016042	lipid catabolic process	https://www.ebi.ac.uk/QuickGO/term/GO:0016042
H6U1I8	GO:0009611	response to wounding	https://www.ebi.ac.uk/QuickGO/term/GO:0009611
H6WZF2	GO:0007623	circadian rhythm	https://www.ebi.ac.uk/QuickGO/term/GO:0007623
H6WZF2	GO:0016102	diterpenoid biosynthetic process	https://www.ebi.ac.uk/QuickGO/term/GO:0016102
H6WZF2	GO:0010597	green leaf volatile biosynthetic process	https://www.ebi.ac.uk/QuickGO/term/GO:0010597
H6WZF2	GO:0046250	limonene biosynthetic process	https://www.ebi.ac.uk/QuickGO/term/GO:0046250
H6WZF2	GO:0016114	terpenoid biosynthetic process	https://www.ebi.ac.uk/QuickGO/term/GO:0016114
H8ZM70	GO:0016102	diterpenoid biosynthetic process	https://www.ebi.ac.uk/QuickGO/term/GO:0016102
I1RL14	GO:0046165	alcohol biosynthetic process	https://www.ebi.ac.uk/QuickGO/term/GO:0046165
I1RL14	GO:0043386	mycotoxin biosynthetic process	https://www.ebi.ac.uk/QuickGO/term/GO:0043386
I1RL14	GO:0016114	terpenoid biosynthetic process	https://www.ebi.ac.uk/QuickGO/term/GO:0016114
I7H727	GO:0016102	diterpenoid biosynthetic process	https://www.ebi.ac.uk/QuickGO/term/GO:0016102
I7H727	GO:0051762	sesquiterpene biosynthetic process	https://www.ebi.ac.uk/QuickGO/term/GO:0051762
J7FIX8	GO:0046165	alcohol biosynthetic process	https://www.ebi.ac.uk/QuickGO/term/GO:0046165
J7FIX8	GO:0008299	isoprenoid biosynthetic process	https://www.ebi.ac.uk/QuickGO/term/GO:0008299
J7FIX8	GO:0043386	mycotoxin biosynthetic process	https://www.ebi.ac.uk/QuickGO/term/GO:0043386
K7WDL7	GO:0016099	monoterpenoid biosynthetic process	https://www.ebi.ac.uk/QuickGO/term/GO:0016099
K7WQ45	GO:0009668	plastid membrane organization	https://www.ebi.ac.uk/QuickGO/term/GO:0009668
K7WQ45	GO:0016094	polyprenol biosynthetic process	https://www.ebi.ac.uk/QuickGO/term/GO:0016094
K7WQ45	GO:0009409	response to cold	https://www.ebi.ac.uk/QuickGO/term/GO:0009409
N4V6D4	GO:0046165	alcohol biosynthetic process	https://www.ebi.ac.uk/QuickGO/term/GO:0046165
N4V6D4	GO:0043386	mycotoxin biosynthetic process	https://www.ebi.ac.uk/QuickGO/term/GO:0043386
N4V6D4	GO:0016114	terpenoid biosynthetic process	https://www.ebi.ac.uk/QuickGO/term/GO:0016114
O48651	GO:0009723	response to ethylene	https://www.ebi.ac.uk/QuickGO/term/GO:0009723
O48651	GO:0042542	response to hydrogen peroxide	https://www.ebi.ac.uk/QuickGO/term/GO:0042542
O48651	GO:0009753	response to jasmonic acid	https://www.ebi.ac.uk/QuickGO/term/GO:0009753
O48651	GO:0010038	response to metal ion	https://www.ebi.ac.uk/QuickGO/term/GO:0010038
O48651	GO:0002238	response to molecule of fungal origin	https://www.ebi.ac.uk/QuickGO/term/GO:0002238
O48651	GO:0071731	response to nitric oxide	https://www.ebi.ac.uk/QuickGO/term/GO:0071731
O48651	GO:0009751	response to salicylic acid	https://www.ebi.ac.uk/QuickGO/term/GO:0009751
O48651	GO:1902438	response to vanadate(3-)	https://www.ebi.ac.uk/QuickGO/term/GO:1902438
O48651	GO:0016126	sterol biosynthetic process	https://www.ebi.ac.uk/QuickGO/term/GO:0016126
O48651	GO:0046246	terpene biosynthetic process	https://www.ebi.ac.uk/QuickGO/term/GO:0046246
O48666	GO:0045338	farnesyl diphosphate metabolic process	https://www.ebi.ac.uk/QuickGO/term/GO:0045338
O48666	GO:0009723	response to ethylene	https://www.ebi.ac.uk/QuickGO/term/GO:0009723
O48666	GO:0042542	response to hydrogen peroxide	https://www.ebi.ac.uk/QuickGO/term/GO:0042542
O48666	GO:0009753	response to jasmonic acid	https://www.ebi.ac.uk/QuickGO/term/GO:0009753
O48666	GO:0002238	response to molecule of fungal origin	https://www.ebi.ac.uk/QuickGO/term/GO:0002238
O48666	GO:0071731	response to nitric oxide	https://www.ebi.ac.uk/QuickGO/term/GO:0071731
O48666	GO:0009751	response to salicylic acid	https://www.ebi.ac.uk/QuickGO/term/GO:0009751
O48666	GO:1902438	response to vanadate(3-)	https://www.ebi.ac.uk/QuickGO/term/GO:1902438
O48666	GO:0016135	saponin biosynthetic process	https://www.ebi.ac.uk/QuickGO/term/GO:0016135
O48666	GO:0016104	triterpenoid biosynthetic process	https://www.ebi.ac.uk/QuickGO/term/GO:0016104
O50406	GO:0010350	cellular response to magnesium starvation	https://www.ebi.ac.uk/QuickGO/term/GO:0010350
O50406	GO:0033385	geranylgeranyl diphosphate metabolic process	https://www.ebi.ac.uk/QuickGO/term/GO:0033385
O50406	GO:0035440	tuberculosinol biosynthetic process	https://www.ebi.ac.uk/QuickGO/term/GO:0035440
O64961	GO:0016102	diterpenoid biosynthetic process	https://www.ebi.ac.uk/QuickGO/term/GO:0016102
O64961	GO:0046246	terpene biosynthetic process	https://www.ebi.ac.uk/QuickGO/term/GO:0046246
O64961	GO:0016114	terpenoid biosynthetic process	https://www.ebi.ac.uk/QuickGO/term/GO:0016114
O81192	GO:0046211	(+)-camphor biosynthetic process	https://www.ebi.ac.uk/QuickGO/term/GO:0046211
O81192	GO:0016102	diterpenoid biosynthetic process	https://www.ebi.ac.uk/QuickGO/term/GO:0016102
O82140	GO:0009723	response to ethylene	https://www.ebi.ac.uk/QuickGO/term/GO:0009723
O82140	GO:0042542	response to hydrogen peroxide	https://www.ebi.ac.uk/QuickGO/term/GO:0042542
O82140	GO:0009753	response to jasmonic acid	https://www.ebi.ac.uk/QuickGO/term/GO:0009753
O82140	GO:0010038	response to metal ion	https://www.ebi.ac.uk/QuickGO/term/GO:0010038
O82140	GO:0002238	response to molecule of fungal origin	https://www.ebi.ac.uk/QuickGO/term/GO:0002238
O82140	GO:0071731	response to nitric oxide	https://www.ebi.ac.uk/QuickGO/term/GO:0071731
O82140	GO:0016104	triterpenoid biosynthetic process	https://www.ebi.ac.uk/QuickGO/term/GO:0016104
P0C565	GO:0045337	farnesyl diphosphate biosynthetic process	https://www.ebi.ac.uk/QuickGO/term/GO:0045337
P0C565	GO:0008299	isoprenoid biosynthetic process	https://www.ebi.ac.uk/QuickGO/term/GO:0008299
P0DI76	GO:0050832	defense response to fungus	https://www.ebi.ac.uk/QuickGO/term/GO:0050832
P0DI76	GO:0016102	diterpenoid biosynthetic process	https://www.ebi.ac.uk/QuickGO/term/GO:0016102
P0DI76	GO:0016099	monoterpenoid biosynthetic process	https://www.ebi.ac.uk/QuickGO/term/GO:0016099
P0DI76	GO:0048364	root development	https://www.ebi.ac.uk/QuickGO/term/GO:0048364
P0DI76	GO:0046246	terpene biosynthetic process	https://www.ebi.ac.uk/QuickGO/term/GO:0046246
P0DI77	GO:0050832	defense response to fungus	https://www.ebi.ac.uk/QuickGO/term/GO:0050832
P0DI77	GO:0016102	diterpenoid biosynthetic process	https://www.ebi.ac.uk/QuickGO/term/GO:0016102
P0DI77	GO:0016099	monoterpenoid biosynthetic process	https://www.ebi.ac.uk/QuickGO/term/GO:0016099
P0DI77	GO:0048364	root development	https://www.ebi.ac.uk/QuickGO/term/GO:0048364
P0DI77	GO:0046246	terpene biosynthetic process	https://www.ebi.ac.uk/QuickGO/term/GO:0046246
P0DO35	GO:0002213	defense response to insect	https://www.ebi.ac.uk/QuickGO/term/GO:0002213
P0DO35	GO:0009625	response to insect	https://www.ebi.ac.uk/QuickGO/term/GO:0009625
P0DO35	GO:0009753	response to jasmonic acid	https://www.ebi.ac.uk/QuickGO/term/GO:0009753
P0DO35	GO:0009751	response to salicylic acid	https://www.ebi.ac.uk/QuickGO/term/GO:0009751
P0DO35	GO:0010225	response to UV-C	https://www.ebi.ac.uk/QuickGO/term/GO:0010225
P0DO35	GO:0016114	terpenoid biosynthetic process	https://www.ebi.ac.uk/QuickGO/term/GO:0016114
P0DO38	GO:0009753	response to jasmonic acid	https://www.ebi.ac.uk/QuickGO/term/GO:0009753
P0DO38	GO:0009751	response to salicylic acid	https://www.ebi.ac.uk/QuickGO/term/GO:0009751
P0DO38	GO:0010225	response to UV-C	https://www.ebi.ac.uk/QuickGO/term/GO:0010225
P0DO38	GO:0016114	terpenoid biosynthetic process	https://www.ebi.ac.uk/QuickGO/term/GO:0016114
P0DO39	GO:0002213	defense response to insect	https://www.ebi.ac.uk/QuickGO/term/GO:0002213
P0DO39	GO:0009625	response to insect	https://www.ebi.ac.uk/QuickGO/term/GO:0009625
P0DO39	GO:0009414	response to water deprivation	https://www.ebi.ac.uk/QuickGO/term/GO:0009414
P0DO39	GO:0016114	terpenoid biosynthetic process	https://www.ebi.ac.uk/QuickGO/term/GO:0016114
P0DO41	GO:0009625	response to insect	https://www.ebi.ac.uk/QuickGO/term/GO:0009625
P0DO41	GO:0016114	terpenoid biosynthetic process	https://www.ebi.ac.uk/QuickGO/term/GO:0016114
P0DO42	GO:0016114	terpenoid biosynthetic process	https://www.ebi.ac.uk/QuickGO/term/GO:0016114
P11712	GO:0008203	cholesterol metabolic process	https://www.ebi.ac.uk/QuickGO/term/GO:0008203
P11712	GO:0019373	epoxygenase P450 pathway	https://www.ebi.ac.uk/QuickGO/term/GO:0019373
P11712	GO:0008210	estrogen metabolic process	https://www.ebi.ac.uk/QuickGO/term/GO:0008210
P11712	GO:0046456	icosanoid biosynthetic process	https://www.ebi.ac.uk/QuickGO/term/GO:0046456
P11712	GO:0042759	long-chain fatty acid biosynthetic process	https://www.ebi.ac.uk/QuickGO/term/GO:0042759
P11712	GO:0032787	monocarboxylic acid metabolic process	https://www.ebi.ac.uk/QuickGO/term/GO:0032787
P11712	GO:0016098	monoterpenoid metabolic process	https://www.ebi.ac.uk/QuickGO/term/GO:0016098
P11712	GO:0097267	omega-hydroxylase P450 pathway	https://www.ebi.ac.uk/QuickGO/term/GO:0097267
P11712	GO:0090346	organofluorine metabolic process	https://www.ebi.ac.uk/QuickGO/term/GO:0090346
P11712	GO:0070989	oxidative demethylation	https://www.ebi.ac.uk/QuickGO/term/GO:0070989
P11712	GO:0008202	steroid metabolic process	https://www.ebi.ac.uk/QuickGO/term/GO:0008202
P11712	GO:0019627	urea metabolic process	https://www.ebi.ac.uk/QuickGO/term/GO:0019627
P11712	GO:0042178	xenobiotic catabolic process	https://www.ebi.ac.uk/QuickGO/term/GO:0042178
P11712	GO:0006805	xenobiotic metabolic process	https://www.ebi.ac.uk/QuickGO/term/GO:0006805
P13513	GO:0016106	sesquiterpenoid biosynthetic process	https://www.ebi.ac.uk/QuickGO/term/GO:0016106
P29704	GO:0006696	ergosterol biosynthetic process	https://www.ebi.ac.uk/QuickGO/term/GO:0006696
P29704	GO:0045338	farnesyl diphosphate metabolic process	https://www.ebi.ac.uk/QuickGO/term/GO:0045338
P29704	GO:0008299	isoprenoid biosynthetic process	https://www.ebi.ac.uk/QuickGO/term/GO:0008299
P32476	GO:0006696	ergosterol biosynthetic process	https://www.ebi.ac.uk/QuickGO/term/GO:0006696
P33247	GO:0016104	triterpenoid biosynthetic process	https://www.ebi.ac.uk/QuickGO/term/GO:0016104
P33261	GO:0019373	epoxygenase P450 pathway	https://www.ebi.ac.uk/QuickGO/term/GO:0019373
P33261	GO:0001676	long-chain fatty acid metabolic process	https://www.ebi.ac.uk/QuickGO/term/GO:0001676
P33261	GO:0016098	monoterpenoid metabolic process	https://www.ebi.ac.uk/QuickGO/term/GO:0016098
P33261	GO:0097267	omega-hydroxylase P450 pathway	https://www.ebi.ac.uk/QuickGO/term/GO:0097267
P33261	GO:0008202	steroid metabolic process	https://www.ebi.ac.uk/QuickGO/term/GO:0008202
P33261	GO:0042178	xenobiotic catabolic process	https://www.ebi.ac.uk/QuickGO/term/GO:0042178
P33261	GO:0006805	xenobiotic metabolic process	https://www.ebi.ac.uk/QuickGO/term/GO:0006805
P36596	GO:0006696	ergosterol biosynthetic process	https://www.ebi.ac.uk/QuickGO/term/GO:0006696
P36596	GO:0045338	farnesyl diphosphate metabolic process	https://www.ebi.ac.uk/QuickGO/term/GO:0045338
P36596	GO:1902767	isoprenoid biosynthetic process via mevalonate	https://www.ebi.ac.uk/QuickGO/term/GO:1902767
P37268	GO:0006695	cholesterol biosynthetic process	https://www.ebi.ac.uk/QuickGO/term/GO:0006695
P37268	GO:0033489	cholesterol biosynthetic process via desmosterol	https://www.ebi.ac.uk/QuickGO/term/GO:0033489
P37268	GO:0033490	cholesterol biosynthetic process via lathosterol	https://www.ebi.ac.uk/QuickGO/term/GO:0033490
P37268	GO:0045338	farnesyl diphosphate metabolic process	https://www.ebi.ac.uk/QuickGO/term/GO:0045338
P37268	GO:0006694	steroid biosynthetic process	https://www.ebi.ac.uk/QuickGO/term/GO:0006694
P37268	GO:0036197	zymosterol biosynthetic process	https://www.ebi.ac.uk/QuickGO/term/GO:0036197
P38604	GO:0006696	ergosterol biosynthetic process	https://www.ebi.ac.uk/QuickGO/term/GO:0006696
P38604	GO:0016104	triterpenoid biosynthetic process	https://www.ebi.ac.uk/QuickGO/term/GO:0016104
P38605	GO:0019745	pentacyclic triterpenoid biosynthetic process	https://www.ebi.ac.uk/QuickGO/term/GO:0019745
P38605	GO:0009555	pollen development	https://www.ebi.ac.uk/QuickGO/term/GO:0009555
P38605	GO:0010027	thylakoid membrane organization	https://www.ebi.ac.uk/QuickGO/term/GO:0010027
P48449	GO:0006695	cholesterol biosynthetic process	https://www.ebi.ac.uk/QuickGO/term/GO:0006695
P48449	GO:0033489	cholesterol biosynthetic process via desmosterol	https://www.ebi.ac.uk/QuickGO/term/GO:0033489
P48449	GO:0033490	cholesterol biosynthetic process via lathosterol	https://www.ebi.ac.uk/QuickGO/term/GO:0033490
P48449	GO:0031647	regulation of protein stability	https://www.ebi.ac.uk/QuickGO/term/GO:0031647
P48449	GO:0006694	steroid biosynthetic process	https://www.ebi.ac.uk/QuickGO/term/GO:0006694
P48449	GO:0016104	triterpenoid biosynthetic process	https://www.ebi.ac.uk/QuickGO/term/GO:0016104
P48449	GO:0036197	zymosterol biosynthetic process	https://www.ebi.ac.uk/QuickGO/term/GO:0036197
P48450	GO:0006695	cholesterol biosynthetic process	https://www.ebi.ac.uk/QuickGO/term/GO:0006695
P48450	GO:0033489	cholesterol biosynthetic process via desmosterol	https://www.ebi.ac.uk/QuickGO/term/GO:0033489
P48450	GO:0033490	cholesterol biosynthetic process via lathosterol	https://www.ebi.ac.uk/QuickGO/term/GO:0033490
P48450	GO:0031647	regulation of protein stability	https://www.ebi.ac.uk/QuickGO/term/GO:0031647
P48450	GO:0006694	steroid biosynthetic process	https://www.ebi.ac.uk/QuickGO/term/GO:0006694
P48450	GO:0016125	sterol metabolic process	https://www.ebi.ac.uk/QuickGO/term/GO:0016125
P48450	GO:0016104	triterpenoid biosynthetic process	https://www.ebi.ac.uk/QuickGO/term/GO:0016104
P48450	GO:0036197	zymosterol biosynthetic process	https://www.ebi.ac.uk/QuickGO/term/GO:0036197
P49350	GO:0006695	cholesterol biosynthetic process	https://www.ebi.ac.uk/QuickGO/term/GO:0006695
P49350	GO:0045337	farnesyl diphosphate biosynthetic process	https://www.ebi.ac.uk/QuickGO/term/GO:0045337
P49350	GO:0033384	geranyl diphosphate biosynthetic process	https://www.ebi.ac.uk/QuickGO/term/GO:0033384
P49350	GO:0009739	response to gibberellin	https://www.ebi.ac.uk/QuickGO/term/GO:0009739
P52019	GO:0006695	cholesterol biosynthetic process	https://www.ebi.ac.uk/QuickGO/term/GO:0006695
P52019	GO:0033489	cholesterol biosynthetic process via desmosterol	https://www.ebi.ac.uk/QuickGO/term/GO:0033489
P52019	GO:0033490	cholesterol biosynthetic process via lathosterol	https://www.ebi.ac.uk/QuickGO/term/GO:0033490
P52019	GO:0008203	cholesterol metabolic process	https://www.ebi.ac.uk/QuickGO/term/GO:0008203
P52019	GO:0140042	lipid droplet formation	https://www.ebi.ac.uk/QuickGO/term/GO:0140042
P52019	GO:0042127	regulation of cell population proliferation	https://www.ebi.ac.uk/QuickGO/term/GO:0042127
P52019	GO:1904614	response to biphenyl	https://www.ebi.ac.uk/QuickGO/term/GO:1904614
P52019	GO:0016126	sterol biosynthetic process	https://www.ebi.ac.uk/QuickGO/term/GO:0016126
P52019	GO:0036197	zymosterol biosynthetic process	https://www.ebi.ac.uk/QuickGO/term/GO:0036197
P52020	GO:0006695	cholesterol biosynthetic process	https://www.ebi.ac.uk/QuickGO/term/GO:0006695
P52020	GO:0033489	cholesterol biosynthetic process via desmosterol	https://www.ebi.ac.uk/QuickGO/term/GO:0033489
P52020	GO:0033490	cholesterol biosynthetic process via lathosterol	https://www.ebi.ac.uk/QuickGO/term/GO:0033490
P52020	GO:0008203	cholesterol metabolic process	https://www.ebi.ac.uk/QuickGO/term/GO:0008203
P52020	GO:0140042	lipid droplet formation	https://www.ebi.ac.uk/QuickGO/term/GO:0140042
P52020	GO:0042127	regulation of cell population proliferation	https://www.ebi.ac.uk/QuickGO/term/GO:0042127
P52020	GO:1904614	response to biphenyl	https://www.ebi.ac.uk/QuickGO/term/GO:1904614
P52020	GO:0016126	sterol biosynthetic process	https://www.ebi.ac.uk/QuickGO/term/GO:0016126
P52020	GO:0036197	zymosterol biosynthetic process	https://www.ebi.ac.uk/QuickGO/term/GO:0036197
P53798	GO:0006695	cholesterol biosynthetic process	https://www.ebi.ac.uk/QuickGO/term/GO:0006695
P53798	GO:0033489	cholesterol biosynthetic process via desmosterol	https://www.ebi.ac.uk/QuickGO/term/GO:0033489
P53798	GO:0033490	cholesterol biosynthetic process via lathosterol	https://www.ebi.ac.uk/QuickGO/term/GO:0033490
P53798	GO:0045338	farnesyl diphosphate metabolic process	https://www.ebi.ac.uk/QuickGO/term/GO:0045338
P53798	GO:0008299	isoprenoid biosynthetic process	https://www.ebi.ac.uk/QuickGO/term/GO:0008299
P53798	GO:0036197	zymosterol biosynthetic process	https://www.ebi.ac.uk/QuickGO/term/GO:0036197
P62623	GO:0050992	dimethylallyl diphosphate biosynthetic process	https://www.ebi.ac.uk/QuickGO/term/GO:0050992
P62623	GO:0019288	isopentenyl diphosphate biosynthetic process, methylerythritol 4-phosphate pathway	https://www.ebi.ac.uk/QuickGO/term/GO:0019288
P62623	GO:0016114	terpenoid biosynthetic process	https://www.ebi.ac.uk/QuickGO/term/GO:0016114
P82679			
P82679			
P82679			
P82679			
P82679			
P82679			
P82679			
P84466	GO:0006695	cholesterol biosynthetic process	https://www.ebi.ac.uk/QuickGO/term/GO:0006695
P84466	GO:0006694	steroid biosynthetic process	https://www.ebi.ac.uk/QuickGO/term/GO:0006694
P84466	GO:0016104	triterpenoid biosynthetic process	https://www.ebi.ac.uk/QuickGO/term/GO:0016104
P9WEQ2	GO:0046165	alcohol biosynthetic process	https://www.ebi.ac.uk/QuickGO/term/GO:0046165
P9WEQ2	GO:0043386	mycotoxin biosynthetic process	https://www.ebi.ac.uk/QuickGO/term/GO:0043386
P9WEQ2	GO:0016114	terpenoid biosynthetic process	https://www.ebi.ac.uk/QuickGO/term/GO:0016114
P9WEW0	GO:0008299	isoprenoid biosynthetic process	https://www.ebi.ac.uk/QuickGO/term/GO:0008299
P9WEW1	GO:0008299	isoprenoid biosynthetic process	https://www.ebi.ac.uk/QuickGO/term/GO:0008299
P9WEW2	GO:0008299	isoprenoid biosynthetic process	https://www.ebi.ac.uk/QuickGO/term/GO:0008299
P9WEW8	GO:0046165	alcohol biosynthetic process	https://www.ebi.ac.uk/QuickGO/term/GO:0046165
P9WEW8	GO:0043386	mycotoxin biosynthetic process	https://www.ebi.ac.uk/QuickGO/term/GO:0043386
P9WEW8	GO:0016114	terpenoid biosynthetic process	https://www.ebi.ac.uk/QuickGO/term/GO:0016114
P9WEX3	GO:0046165	alcohol biosynthetic process	https://www.ebi.ac.uk/QuickGO/term/GO:0046165
P9WEX3	GO:0043386	mycotoxin biosynthetic process	https://www.ebi.ac.uk/QuickGO/term/GO:0043386
P9WEX3	GO:0016114	terpenoid biosynthetic process	https://www.ebi.ac.uk/QuickGO/term/GO:0016114
P9WEX9	GO:0046165	alcohol biosynthetic process	https://www.ebi.ac.uk/QuickGO/term/GO:0046165
P9WEX9	GO:0043386	mycotoxin biosynthetic process	https://www.ebi.ac.uk/QuickGO/term/GO:0043386
P9WEX9	GO:0016114	terpenoid biosynthetic process	https://www.ebi.ac.uk/QuickGO/term/GO:0016114
Q02769	GO:0006695	cholesterol biosynthetic process	https://www.ebi.ac.uk/QuickGO/term/GO:0006695
Q02769	GO:0033489	cholesterol biosynthetic process via desmosterol	https://www.ebi.ac.uk/QuickGO/term/GO:0033489
Q02769	GO:0033490	cholesterol biosynthetic process via lathosterol	https://www.ebi.ac.uk/QuickGO/term/GO:0033490
Q02769	GO:0045338	farnesyl diphosphate metabolic process	https://www.ebi.ac.uk/QuickGO/term/GO:0045338
Q02769	GO:0008299	isoprenoid biosynthetic process	https://www.ebi.ac.uk/QuickGO/term/GO:0008299
Q02769	GO:0036197	zymosterol biosynthetic process	https://www.ebi.ac.uk/QuickGO/term/GO:0036197
Q03471	GO:0008299	isoprenoid biosynthetic process	https://www.ebi.ac.uk/QuickGO/term/GO:0008299
Q08IT1	GO:0010038	response to metal ion	https://www.ebi.ac.uk/QuickGO/term/GO:0010038
Q08IT1	GO:0002238	response to molecule of fungal origin	https://www.ebi.ac.uk/QuickGO/term/GO:0002238
Q08IT1	GO:1902438	response to vanadate(3-)	https://www.ebi.ac.uk/QuickGO/term/GO:1902438
Q08IT1	GO:0016135	saponin biosynthetic process	https://www.ebi.ac.uk/QuickGO/term/GO:0016135
Q08IT1	GO:0016104	triterpenoid biosynthetic process	https://www.ebi.ac.uk/QuickGO/term/GO:0016104
Q0JA81	GO:0006952	defense response	https://www.ebi.ac.uk/QuickGO/term/GO:0006952
Q0JA81	GO:0016102	diterpenoid biosynthetic process	https://www.ebi.ac.uk/QuickGO/term/GO:0016102
Q0JA81	GO:0033332	ent-kaurene biosynthetic process	https://www.ebi.ac.uk/QuickGO/term/GO:0033332
Q0JA81	GO:0009686	gibberellin biosynthetic process	https://www.ebi.ac.uk/QuickGO/term/GO:0009686
Q0JA81	GO:0009753	response to jasmonic acid	https://www.ebi.ac.uk/QuickGO/term/GO:0009753
Q0JF02	GO:0006952	defense response	https://www.ebi.ac.uk/QuickGO/term/GO:0006952
Q0JF02	GO:0009686	gibberellin biosynthetic process	https://www.ebi.ac.uk/QuickGO/term/GO:0009686
Q14534	GO:0006695	cholesterol biosynthetic process	https://www.ebi.ac.uk/QuickGO/term/GO:0006695
Q14534	GO:0033489	cholesterol biosynthetic process via desmosterol	https://www.ebi.ac.uk/QuickGO/term/GO:0033489
Q14534	GO:0033490	cholesterol biosynthetic process via lathosterol	https://www.ebi.ac.uk/QuickGO/term/GO:0033490
Q14534	GO:0140042	lipid droplet formation	https://www.ebi.ac.uk/QuickGO/term/GO:0140042
Q14534	GO:0042127	regulation of cell population proliferation	https://www.ebi.ac.uk/QuickGO/term/GO:0042127
Q14534	GO:1904614	response to biphenyl	https://www.ebi.ac.uk/QuickGO/term/GO:1904614
Q14534	GO:0016126	sterol biosynthetic process	https://www.ebi.ac.uk/QuickGO/term/GO:0016126
Q14534	GO:0036197	zymosterol biosynthetic process	https://www.ebi.ac.uk/QuickGO/term/GO:0036197
Q1EG72	GO:0050832	defense response to fungus	https://www.ebi.ac.uk/QuickGO/term/GO:0050832
Q1EG72	GO:0016102	diterpenoid biosynthetic process	https://www.ebi.ac.uk/QuickGO/term/GO:0016102
Q1EG72	GO:0046246	terpene biosynthetic process	https://www.ebi.ac.uk/QuickGO/term/GO:0046246
Q1EG72	GO:0016114	terpenoid biosynthetic process	https://www.ebi.ac.uk/QuickGO/term/GO:0016114
Q1PS23	GO:0051762	sesquiterpene biosynthetic process	https://www.ebi.ac.uk/QuickGO/term/GO:0051762
Q29VN2	GO:0006952	defense response	https://www.ebi.ac.uk/QuickGO/term/GO:0006952
Q29VN2	GO:0016102	diterpenoid biosynthetic process	https://www.ebi.ac.uk/QuickGO/term/GO:0016102
Q29VN2	GO:0043693	monoterpene biosynthetic process	https://www.ebi.ac.uk/QuickGO/term/GO:0043693
Q29VN2	GO:0031347	regulation of defense response	https://www.ebi.ac.uk/QuickGO/term/GO:0031347
Q29VN2	GO:0009611	response to wounding	https://www.ebi.ac.uk/QuickGO/term/GO:0009611
Q29VN2	GO:0051762	sesquiterpene biosynthetic process	https://www.ebi.ac.uk/QuickGO/term/GO:0051762
Q29VN2	GO:0046246	terpene biosynthetic process	https://www.ebi.ac.uk/QuickGO/term/GO:0046246
Q29VN3	GO:0016102	diterpenoid biosynthetic process	https://www.ebi.ac.uk/QuickGO/term/GO:0016102
Q29VN3	GO:0046246	terpene biosynthetic process	https://www.ebi.ac.uk/QuickGO/term/GO:0046246
Q2NM15	GO:0006952	defense response	https://www.ebi.ac.uk/QuickGO/term/GO:0006952
Q2NM15	GO:0016102	diterpenoid biosynthetic process	https://www.ebi.ac.uk/QuickGO/term/GO:0016102
Q2NM15	GO:0046246	terpene biosynthetic process	https://www.ebi.ac.uk/QuickGO/term/GO:0046246
Q38710	GO:0016102	diterpenoid biosynthetic process	https://www.ebi.ac.uk/QuickGO/term/GO:0016102
Q38802	GO:0009740	gibberellic acid mediated signaling pathway	https://www.ebi.ac.uk/QuickGO/term/GO:0009740
Q38802	GO:0009686	gibberellin biosynthetic process	https://www.ebi.ac.uk/QuickGO/term/GO:0009686
Q40577	GO:0016102	diterpenoid biosynthetic process	https://www.ebi.ac.uk/QuickGO/term/GO:0016102
Q40577	GO:0051762	sesquiterpene biosynthetic process	https://www.ebi.ac.uk/QuickGO/term/GO:0051762
Q40577	GO:0046246	terpene biosynthetic process	https://www.ebi.ac.uk/QuickGO/term/GO:0046246
Q41771	GO:0016102	diterpenoid biosynthetic process	https://www.ebi.ac.uk/QuickGO/term/GO:0016102
Q41771	GO:0009686	gibberellin biosynthetic process	https://www.ebi.ac.uk/QuickGO/term/GO:0009686
Q49SP3	GO:0016102	diterpenoid biosynthetic process	https://www.ebi.ac.uk/QuickGO/term/GO:0016102
Q49SP3	GO:0051762	sesquiterpene biosynthetic process	https://www.ebi.ac.uk/QuickGO/term/GO:0051762
Q4KSH9	GO:0016102	diterpenoid biosynthetic process	https://www.ebi.ac.uk/QuickGO/term/GO:0016102
Q4KSH9	GO:0051762	sesquiterpene biosynthetic process	https://www.ebi.ac.uk/QuickGO/term/GO:0051762
Q4KSH9	GO:0016106	sesquiterpenoid biosynthetic process	https://www.ebi.ac.uk/QuickGO/term/GO:0016106
Q4U3F6	GO:0016102	diterpenoid biosynthetic process	https://www.ebi.ac.uk/QuickGO/term/GO:0016102
Q4U3F6	GO:0051762	sesquiterpene biosynthetic process	https://www.ebi.ac.uk/QuickGO/term/GO:0051762
Q4WBI4	GO:0046165	alcohol biosynthetic process	https://www.ebi.ac.uk/QuickGO/term/GO:0046165
Q4WBI4	GO:0008299	isoprenoid biosynthetic process	https://www.ebi.ac.uk/QuickGO/term/GO:0008299
Q4WBI4	GO:0043386	mycotoxin biosynthetic process	https://www.ebi.ac.uk/QuickGO/term/GO:0043386
Q4WR16	GO:1900581	(17Z)-protosta-17(20),24-dien-3beta-ol biosynthetic process	https://www.ebi.ac.uk/QuickGO/term/GO:1900581
Q4WR16	GO:0006696	ergosterol biosynthetic process	https://www.ebi.ac.uk/QuickGO/term/GO:0006696
Q4WR16	GO:1900812	helvolic acid biosynthetic process	https://www.ebi.ac.uk/QuickGO/term/GO:1900812
Q4WR16	GO:0019748	secondary metabolic process	https://www.ebi.ac.uk/QuickGO/term/GO:0019748
Q50L36	GO:0071485	cellular response to absence of light	https://www.ebi.ac.uk/QuickGO/term/GO:0071485
Q50L36	GO:0071482	cellular response to light stimulus	https://www.ebi.ac.uk/QuickGO/term/GO:0071482
Q50L36	GO:0050993	dimethylallyl diphosphate metabolic process	https://www.ebi.ac.uk/QuickGO/term/GO:0050993
Q50L36	GO:0016102	diterpenoid biosynthetic process	https://www.ebi.ac.uk/QuickGO/term/GO:0016102
Q50L36	GO:0043612	isoprene biosynthetic process	https://www.ebi.ac.uk/QuickGO/term/GO:0043612
Q50L36	GO:0009409	response to cold	https://www.ebi.ac.uk/QuickGO/term/GO:0009409
Q50L36	GO:0009408	response to heat	https://www.ebi.ac.uk/QuickGO/term/GO:0009408
Q55012	GO:0017000	antibiotic biosynthetic process	https://www.ebi.ac.uk/QuickGO/term/GO:0017000
Q56RZ3	GO:0046165	alcohol biosynthetic process	https://www.ebi.ac.uk/QuickGO/term/GO:0046165
Q56RZ3	GO:0008299	isoprenoid biosynthetic process	https://www.ebi.ac.uk/QuickGO/term/GO:0008299
Q56RZ3	GO:0043386	mycotoxin biosynthetic process	https://www.ebi.ac.uk/QuickGO/term/GO:0043386
Q56RZ7	GO:0046165	alcohol biosynthetic process	https://www.ebi.ac.uk/QuickGO/term/GO:0046165
Q56RZ7	GO:0008299	isoprenoid biosynthetic process	https://www.ebi.ac.uk/QuickGO/term/GO:0008299
Q56RZ7	GO:0043386	mycotoxin biosynthetic process	https://www.ebi.ac.uk/QuickGO/term/GO:0043386
Q5AR34	GO:1900560	austinol biosynthetic process	https://www.ebi.ac.uk/QuickGO/term/GO:1900560
Q5AR34	GO:1900563	dehydroaustinol biosynthetic process	https://www.ebi.ac.uk/QuickGO/term/GO:1900563
Q5AR34	GO:0016114	terpenoid biosynthetic process	https://www.ebi.ac.uk/QuickGO/term/GO:0016114
Q5ATJ7	GO:1900563	dehydroaustinol biosynthetic process	https://www.ebi.ac.uk/QuickGO/term/GO:1900563
Q5ATJ7	GO:0006633	fatty acid biosynthetic process	https://www.ebi.ac.uk/QuickGO/term/GO:0006633
Q5ATJ7	GO:0032259	methylation	https://www.ebi.ac.uk/QuickGO/term/GO:0032259
Q5ATJ7	GO:0044550	secondary metabolite biosynthetic process	https://www.ebi.ac.uk/QuickGO/term/GO:0044550
Q5ATJ7	GO:0016114	terpenoid biosynthetic process	https://www.ebi.ac.uk/QuickGO/term/GO:0016114
Q5GJ59	GO:0016102	diterpenoid biosynthetic process	https://www.ebi.ac.uk/QuickGO/term/GO:0016102
Q5GJ59	GO:0009737	response to abscisic acid	https://www.ebi.ac.uk/QuickGO/term/GO:0009737
Q5GJ59	GO:0009620	response to fungus	https://www.ebi.ac.uk/QuickGO/term/GO:0009620
Q5GJ59	GO:0009753	response to jasmonic acid	https://www.ebi.ac.uk/QuickGO/term/GO:0009753
Q5GJ59	GO:0046246	terpene biosynthetic process	https://www.ebi.ac.uk/QuickGO/term/GO:0046246
Q5GJ59	GO:0016114	terpenoid biosynthetic process	https://www.ebi.ac.uk/QuickGO/term/GO:0016114
Q5GJ60	GO:0050832	defense response to fungus	https://www.ebi.ac.uk/QuickGO/term/GO:0050832
Q5GJ60	GO:0016102	diterpenoid biosynthetic process	https://www.ebi.ac.uk/QuickGO/term/GO:0016102
Q5GJ60	GO:0046246	terpene biosynthetic process	https://www.ebi.ac.uk/QuickGO/term/GO:0046246
Q5GJ60	GO:0016114	terpenoid biosynthetic process	https://www.ebi.ac.uk/QuickGO/term/GO:0016114
Q5UB07	GO:0006952	defense response	https://www.ebi.ac.uk/QuickGO/term/GO:0006952
Q5UB07	GO:0016102	diterpenoid biosynthetic process	https://www.ebi.ac.uk/QuickGO/term/GO:0016102
Q5UB07	GO:0080027	response to herbivore	https://www.ebi.ac.uk/QuickGO/term/GO:0080027
Q5UB07	GO:0009753	response to jasmonic acid	https://www.ebi.ac.uk/QuickGO/term/GO:0009753
Q5UB07	GO:0009611	response to wounding	https://www.ebi.ac.uk/QuickGO/term/GO:0009611
Q672V6	GO:0046165	alcohol biosynthetic process	https://www.ebi.ac.uk/QuickGO/term/GO:0046165
Q672V6	GO:0008299	isoprenoid biosynthetic process	https://www.ebi.ac.uk/QuickGO/term/GO:0008299
Q672V6	GO:0043386	mycotoxin biosynthetic process	https://www.ebi.ac.uk/QuickGO/term/GO:0043386
Q6JD70	GO:0006952	defense response	https://www.ebi.ac.uk/QuickGO/term/GO:0006952
Q6JD70	GO:0016102	diterpenoid biosynthetic process	https://www.ebi.ac.uk/QuickGO/term/GO:0016102
Q6JD70	GO:0046246	terpene biosynthetic process	https://www.ebi.ac.uk/QuickGO/term/GO:0046246
Q6JD73	GO:0006952	defense response	https://www.ebi.ac.uk/QuickGO/term/GO:0006952
Q6JD73	GO:0016102	diterpenoid biosynthetic process	https://www.ebi.ac.uk/QuickGO/term/GO:0016102
Q6JD73	GO:0046246	terpene biosynthetic process	https://www.ebi.ac.uk/QuickGO/term/GO:0046246
Q6USK1	GO:0016102	diterpenoid biosynthetic process	https://www.ebi.ac.uk/QuickGO/term/GO:0016102
Q6USK1	GO:0033383	geranyl diphosphate metabolic process	https://www.ebi.ac.uk/QuickGO/term/GO:0033383
Q6XDB5	GO:0046248	alpha-pinene biosynthetic process	https://www.ebi.ac.uk/QuickGO/term/GO:0046248
Q6XDB5	GO:0016102	diterpenoid biosynthetic process	https://www.ebi.ac.uk/QuickGO/term/GO:0016102
Q6XDB5	GO:0010597	green leaf volatile biosynthetic process	https://www.ebi.ac.uk/QuickGO/term/GO:0010597
Q6XDB5	GO:0016099	monoterpenoid biosynthetic process	https://www.ebi.ac.uk/QuickGO/term/GO:0016099
Q84KL3	GO:0046248	alpha-pinene biosynthetic process	https://www.ebi.ac.uk/QuickGO/term/GO:0046248
Q84KL3	GO:0016102	diterpenoid biosynthetic process	https://www.ebi.ac.uk/QuickGO/term/GO:0016102
Q84KL3	GO:0033383	geranyl diphosphate metabolic process	https://www.ebi.ac.uk/QuickGO/term/GO:0033383
Q84KL6	GO:0046248	alpha-pinene biosynthetic process	https://www.ebi.ac.uk/QuickGO/term/GO:0046248
Q84KL6	GO:0016102	diterpenoid biosynthetic process	https://www.ebi.ac.uk/QuickGO/term/GO:0016102
Q84KL6	GO:0033383	geranyl diphosphate metabolic process	https://www.ebi.ac.uk/QuickGO/term/GO:0033383
Q84LB2	GO:0016102	diterpenoid biosynthetic process	https://www.ebi.ac.uk/QuickGO/term/GO:0016102
Q84ND0	GO:0007623	circadian rhythm	https://www.ebi.ac.uk/QuickGO/term/GO:0007623
Q84ND0	GO:0016114	terpenoid biosynthetic process	https://www.ebi.ac.uk/QuickGO/term/GO:0016114
Q84UU4	GO:0016102	diterpenoid biosynthetic process	https://www.ebi.ac.uk/QuickGO/term/GO:0016102
Q84UU4	GO:0080027	response to herbivore	https://www.ebi.ac.uk/QuickGO/term/GO:0080027
Q84UU4	GO:0051762	sesquiterpene biosynthetic process	https://www.ebi.ac.uk/QuickGO/term/GO:0051762
Q84UU4	GO:0016106	sesquiterpenoid biosynthetic process	https://www.ebi.ac.uk/QuickGO/term/GO:0016106
Q84ZW8	GO:0050832	defense response to fungus	https://www.ebi.ac.uk/QuickGO/term/GO:0050832
Q84ZW8	GO:0016102	diterpenoid biosynthetic process	https://www.ebi.ac.uk/QuickGO/term/GO:0016102
Q84ZW8	GO:0033332	ent-kaurene biosynthetic process	https://www.ebi.ac.uk/QuickGO/term/GO:0033332
Q84ZW8	GO:0006715	farnesol biosynthetic process	https://www.ebi.ac.uk/QuickGO/term/GO:0006715
Q84ZW8	GO:1903448	geraniol biosynthetic process	https://www.ebi.ac.uk/QuickGO/term/GO:1903448
Q84ZW8	GO:0009686	gibberellin biosynthetic process	https://www.ebi.ac.uk/QuickGO/term/GO:0009686
Q84ZW8	GO:0009723	response to ethylene	https://www.ebi.ac.uk/QuickGO/term/GO:0009723
Q84ZW8	GO:0009753	response to jasmonic acid	https://www.ebi.ac.uk/QuickGO/term/GO:0009753
Q84ZW8	GO:0016106	sesquiterpenoid biosynthetic process	https://www.ebi.ac.uk/QuickGO/term/GO:0016106
Q8BLN5	GO:0006695	cholesterol biosynthetic process	https://www.ebi.ac.uk/QuickGO/term/GO:0006695
Q8BLN5	GO:0033489	cholesterol biosynthetic process via desmosterol	https://www.ebi.ac.uk/QuickGO/term/GO:0033489
Q8BLN5	GO:0033490	cholesterol biosynthetic process via lathosterol	https://www.ebi.ac.uk/QuickGO/term/GO:0033490
Q8BLN5	GO:0031647	regulation of protein stability	https://www.ebi.ac.uk/QuickGO/term/GO:0031647
Q8BLN5	GO:0006694	steroid biosynthetic process	https://www.ebi.ac.uk/QuickGO/term/GO:0006694
Q8BLN5	GO:0016125	sterol metabolic process	https://www.ebi.ac.uk/QuickGO/term/GO:0016125
Q8BLN5	GO:0016104	triterpenoid biosynthetic process	https://www.ebi.ac.uk/QuickGO/term/GO:0016104
Q8BLN5	GO:0036197	zymosterol biosynthetic process	https://www.ebi.ac.uk/QuickGO/term/GO:0036197
Q8GUE4	GO:0016102	diterpenoid biosynthetic process	https://www.ebi.ac.uk/QuickGO/term/GO:0016102
Q8GUE4	GO:0033383	geranyl diphosphate metabolic process	https://www.ebi.ac.uk/QuickGO/term/GO:0033383
Q8VQF6	GO:0046232	carbazole catabolic process	https://www.ebi.ac.uk/QuickGO/term/GO:0046232
Q8VZQ2	GO:0006351	DNA-templated transcription	https://www.ebi.ac.uk/QuickGO/term/GO:0006351
Q8VZQ2	GO:0010087	phloem or xylem histogenesis	https://www.ebi.ac.uk/QuickGO/term/GO:0010087
Q8VZQ2	GO:0006355	regulation of DNA-templated transcription	https://www.ebi.ac.uk/QuickGO/term/GO:0006355
Q8VZQ2	GO:0010119	regulation of stomatal movement	https://www.ebi.ac.uk/QuickGO/term/GO:0010119
Q8VZQ2	GO:0048364	root development	https://www.ebi.ac.uk/QuickGO/term/GO:0048364
Q8VZQ2	GO:0010214	seed coat development	https://www.ebi.ac.uk/QuickGO/term/GO:0010214
Q8VZQ2	GO:0010089	xylem development	https://www.ebi.ac.uk/QuickGO/term/GO:0010089
Q92206	GO:0036187	cell growth mode switching, budding to filamentous	https://www.ebi.ac.uk/QuickGO/term/GO:0036187
Q92206	GO:0009267	cellular response to starvation	https://www.ebi.ac.uk/QuickGO/term/GO:0009267
Q92206	GO:0071466	cellular response to xenobiotic stimulus	https://www.ebi.ac.uk/QuickGO/term/GO:0071466
Q92206	GO:0006696	ergosterol biosynthetic process	https://www.ebi.ac.uk/QuickGO/term/GO:0006696
Q92206	GO:0030447	filamentous growth	https://www.ebi.ac.uk/QuickGO/term/GO:0030447
Q92206	GO:0036180	filamentous growth of a population of unicellular organisms in response to biotic stimulus	https://www.ebi.ac.uk/QuickGO/term/GO:0036180
Q92206	GO:0036171	filamentous growth of a population of unicellular organisms in response to chemical stimulus	https://www.ebi.ac.uk/QuickGO/term/GO:0036171
Q92206	GO:0036170	filamentous growth of a population of unicellular organisms in response to starvation	https://www.ebi.ac.uk/QuickGO/term/GO:0036170
Q92206	GO:0051668	localization within membrane	https://www.ebi.ac.uk/QuickGO/term/GO:0051668
Q93YV0	GO:0016102	diterpenoid biosynthetic process	https://www.ebi.ac.uk/QuickGO/term/GO:0016102
Q93YV0	GO:0009617	response to bacterium	https://www.ebi.ac.uk/QuickGO/term/GO:0009617
Q93YV0	GO:0080027	response to herbivore	https://www.ebi.ac.uk/QuickGO/term/GO:0080027
Q93YV0	GO:0009753	response to jasmonic acid	https://www.ebi.ac.uk/QuickGO/term/GO:0009753
Q93YV0	GO:0000304	response to singlet oxygen	https://www.ebi.ac.uk/QuickGO/term/GO:0000304
Q93YV0	GO:0009611	response to wounding	https://www.ebi.ac.uk/QuickGO/term/GO:0009611
Q94FM7			
Q9AJE3	GO:0017000	antibiotic biosynthetic process	https://www.ebi.ac.uk/QuickGO/term/GO:0017000
Q9AR04	GO:0016102	diterpenoid biosynthetic process	https://www.ebi.ac.uk/QuickGO/term/GO:0016102
Q9AR04	GO:0009739	response to gibberellin	https://www.ebi.ac.uk/QuickGO/term/GO:0009739
Q9AR04	GO:0000302	response to reactive oxygen species	https://www.ebi.ac.uk/QuickGO/term/GO:0000302
Q9AR04	GO:0051761	sesquiterpene metabolic process	https://www.ebi.ac.uk/QuickGO/term/GO:0051761
Q9C1W3	GO:0006696	ergosterol biosynthetic process	https://www.ebi.ac.uk/QuickGO/term/GO:0006696
Q9C446	GO:0140873	paxilline biosynthetic process	https://www.ebi.ac.uk/QuickGO/term/GO:0140873
Q9C5M3	GO:0016104	triterpenoid biosynthetic process	https://www.ebi.ac.uk/QuickGO/term/GO:0016104
Q9FI37	GO:0009629	response to gravity	https://www.ebi.ac.uk/QuickGO/term/GO:0009629
Q9FI37	GO:0009416	response to light stimulus	https://www.ebi.ac.uk/QuickGO/term/GO:0009416
Q9FI37	GO:0048364	root development	https://www.ebi.ac.uk/QuickGO/term/GO:0048364
Q9FI37	GO:0080003	thalianol metabolic process	https://www.ebi.ac.uk/QuickGO/term/GO:0080003
Q9FI37	GO:0010263	tricyclic triterpenoid biosynthetic process	https://www.ebi.ac.uk/QuickGO/term/GO:0010263
Q9FI37	GO:0016104	triterpenoid biosynthetic process	https://www.ebi.ac.uk/QuickGO/term/GO:0016104
Q9FT37	GO:0010597	green leaf volatile biosynthetic process	https://www.ebi.ac.uk/QuickGO/term/GO:0010597
Q9FT37	GO:0042617	paclitaxel biosynthetic process	https://www.ebi.ac.uk/QuickGO/term/GO:0042617
Q9FT37	GO:0009753	response to jasmonic acid	https://www.ebi.ac.uk/QuickGO/term/GO:0009753
Q9I2A0	GO:0008300	isoprenoid catabolic process	https://www.ebi.ac.uk/QuickGO/term/GO:0008300
Q9I2A0	GO:0046951	ketone body biosynthetic process	https://www.ebi.ac.uk/QuickGO/term/GO:0046951
Q9I2A0	GO:0006552	L-leucine catabolic process	https://www.ebi.ac.uk/QuickGO/term/GO:0006552
Q9I2A0	GO:0046247	terpene catabolic process	https://www.ebi.ac.uk/QuickGO/term/GO:0046247
Q9K498	GO:0017000	antibiotic biosynthetic process	https://www.ebi.ac.uk/QuickGO/term/GO:0017000
Q9K498	GO:0042181	ketone biosynthetic process	https://www.ebi.ac.uk/QuickGO/term/GO:0042181
Q9K498	GO:0051762	sesquiterpene biosynthetic process	https://www.ebi.ac.uk/QuickGO/term/GO:0051762
Q9LRZ6	GO:0016102	diterpenoid biosynthetic process	https://www.ebi.ac.uk/QuickGO/term/GO:0016102
Q9LRZ6	GO:0043693	monoterpene biosynthetic process	https://www.ebi.ac.uk/QuickGO/term/GO:0043693
Q9LRZ6	GO:0046246	terpene biosynthetic process	https://www.ebi.ac.uk/QuickGO/term/GO:0046246
Q9LSF8	GO:0050832	defense response to fungus	https://www.ebi.ac.uk/QuickGO/term/GO:0050832
Q9LSF8	GO:0002213	defense response to insect	https://www.ebi.ac.uk/QuickGO/term/GO:0002213
Q9LSF8	GO:1901045	negative regulation of egg-laying behavior	https://www.ebi.ac.uk/QuickGO/term/GO:1901045
Q9LSF8	GO:0009617	response to bacterium	https://www.ebi.ac.uk/QuickGO/term/GO:0009617
Q9LSF8	GO:0046246	terpene biosynthetic process	https://www.ebi.ac.uk/QuickGO/term/GO:0046246
Q9LSF8	GO:0016114	terpenoid biosynthetic process	https://www.ebi.ac.uk/QuickGO/term/GO:0016114
Q9M9E1	GO:0080168	abscisic acid transport	https://www.ebi.ac.uk/QuickGO/term/GO:0080168
Q9M9E1	GO:0009738	abscisic acid-activated signaling pathway	https://www.ebi.ac.uk/QuickGO/term/GO:0009738
Q9M9E1	GO:0042631	cellular response to water deprivation	https://www.ebi.ac.uk/QuickGO/term/GO:0042631
Q9M9E1	GO:0002229	defense response to oomycetes	https://www.ebi.ac.uk/QuickGO/term/GO:0002229
Q9M9E1	GO:0098739	import across plasma membrane	https://www.ebi.ac.uk/QuickGO/term/GO:0098739
Q9M9E1	GO:0098657	import into cell	https://www.ebi.ac.uk/QuickGO/term/GO:0098657
Q9M9E1	GO:0010496	intercellular transport	https://www.ebi.ac.uk/QuickGO/term/GO:0010496
Q9M9E1	GO:0015692	lead ion transport	https://www.ebi.ac.uk/QuickGO/term/GO:0015692
Q9M9E1	GO:0048581	negative regulation of post-embryonic development	https://www.ebi.ac.uk/QuickGO/term/GO:0048581
Q9M9E1	GO:0009737	response to abscisic acid	https://www.ebi.ac.uk/QuickGO/term/GO:0009737
Q9M9E1	GO:0009409	response to cold	https://www.ebi.ac.uk/QuickGO/term/GO:0009409
Q9M9E1	GO:0009723	response to ethylene	https://www.ebi.ac.uk/QuickGO/term/GO:0009723
Q9M9E1	GO:0009408	response to heat	https://www.ebi.ac.uk/QuickGO/term/GO:0009408
Q9M9E1	GO:0009753	response to jasmonic acid	https://www.ebi.ac.uk/QuickGO/term/GO:0009753
Q9M9E1	GO:0010193	response to ozone	https://www.ebi.ac.uk/QuickGO/term/GO:0010193
Q9M9E1	GO:0009751	response to salicylic acid	https://www.ebi.ac.uk/QuickGO/term/GO:0009751
Q9M9E1	GO:0009414	response to water deprivation	https://www.ebi.ac.uk/QuickGO/term/GO:0009414
Q9M9E1	GO:0090332	stomatal closure	https://www.ebi.ac.uk/QuickGO/term/GO:0090332
Q9M9E1	GO:0046865	terpenoid transport	https://www.ebi.ac.uk/QuickGO/term/GO:0046865
Q9M9E1	GO:0055085	transmembrane transport	https://www.ebi.ac.uk/QuickGO/term/GO:0055085
Q9RA05	GO:0046251	limonene catabolic process	https://www.ebi.ac.uk/QuickGO/term/GO:0046251
Q9SAK2	GO:0009740	gibberellic acid mediated signaling pathway	https://www.ebi.ac.uk/QuickGO/term/GO:0009740
Q9SAK2	GO:0009686	gibberellin biosynthetic process	https://www.ebi.ac.uk/QuickGO/term/GO:0009686
Q9SM02	GO:0009723	response to ethylene	https://www.ebi.ac.uk/QuickGO/term/GO:0009723
Q9SM02	GO:0009414	response to water deprivation	https://www.ebi.ac.uk/QuickGO/term/GO:0009414
Q9SM02	GO:0016126	sterol biosynthetic process	https://www.ebi.ac.uk/QuickGO/term/GO:0016126
Q9T0J9	GO:0016102	diterpenoid biosynthetic process	https://www.ebi.ac.uk/QuickGO/term/GO:0016102
Q9T0J9	GO:0045338	farnesyl diphosphate metabolic process	https://www.ebi.ac.uk/QuickGO/term/GO:0045338
Q9T0J9	GO:0009611	response to wounding	https://www.ebi.ac.uk/QuickGO/term/GO:0009611
Q9T0J9	GO:0051762	sesquiterpene biosynthetic process	https://www.ebi.ac.uk/QuickGO/term/GO:0051762
Q9T0J9	GO:0016106	sesquiterpenoid biosynthetic process	https://www.ebi.ac.uk/QuickGO/term/GO:0016106
Q9T0K1	GO:0016102	diterpenoid biosynthetic process	https://www.ebi.ac.uk/QuickGO/term/GO:0016102
Q9T0K1	GO:0045338	farnesyl diphosphate metabolic process	https://www.ebi.ac.uk/QuickGO/term/GO:0045338
Q9T0K1	GO:0009611	response to wounding	https://www.ebi.ac.uk/QuickGO/term/GO:0009611
Q9T0K1	GO:0051762	sesquiterpene biosynthetic process	https://www.ebi.ac.uk/QuickGO/term/GO:0051762
Q9T0K1	GO:0016106	sesquiterpenoid biosynthetic process	https://www.ebi.ac.uk/QuickGO/term/GO:0016106
Q9X839			
Q9X839			
Q9X839			
Q9ZUH4	GO:0016102	diterpenoid biosynthetic process	https://www.ebi.ac.uk/QuickGO/term/GO:0016102
Q9ZUH4	GO:0016099	monoterpenoid biosynthetic process	https://www.ebi.ac.uk/QuickGO/term/GO:0016099
Q9ZUH4	GO:0080027	response to herbivore	https://www.ebi.ac.uk/QuickGO/term/GO:0080027
Q9ZUH4	GO:0009753	response to jasmonic acid	https://www.ebi.ac.uk/QuickGO/term/GO:0009753
Q9ZUH4	GO:0009611	response to wounding	https://www.ebi.ac.uk/QuickGO/term/GO:0009611
Q9ZUH4	GO:0046246	terpene biosynthetic process	https://www.ebi.ac.uk/QuickGO/term/GO:0046246
R4YXW8	GO:0016102	diterpenoid biosynthetic process	https://www.ebi.ac.uk/QuickGO/term/GO:0016102
R4YXW8	GO:0016098	monoterpenoid metabolic process	https://www.ebi.ac.uk/QuickGO/term/GO:0016098
R4YZC3	GO:0016102	diterpenoid biosynthetic process	https://www.ebi.ac.uk/QuickGO/term/GO:0016102
R4YZC3	GO:0016098	monoterpenoid metabolic process	https://www.ebi.ac.uk/QuickGO/term/GO:0016098
R9QMQ9	GO:0018867	alpha-pinene metabolic process	https://www.ebi.ac.uk/QuickGO/term/GO:0018867
R9QMQ9	GO:0016102	diterpenoid biosynthetic process	https://www.ebi.ac.uk/QuickGO/term/GO:0016102
R9QMQ9	GO:0010597	green leaf volatile biosynthetic process	https://www.ebi.ac.uk/QuickGO/term/GO:0010597
R9QMQ9	GO:0016114	terpenoid biosynthetic process	https://www.ebi.ac.uk/QuickGO/term/GO:0016114
R9QMR0	GO:0018867	alpha-pinene metabolic process	https://www.ebi.ac.uk/QuickGO/term/GO:0018867
R9QMR0	GO:0016102	diterpenoid biosynthetic process	https://www.ebi.ac.uk/QuickGO/term/GO:0016102
R9QMR0	GO:0010597	green leaf volatile biosynthetic process	https://www.ebi.ac.uk/QuickGO/term/GO:0010597
R9QMR0	GO:0016114	terpenoid biosynthetic process	https://www.ebi.ac.uk/QuickGO/term/GO:0016114
R9QMR3	GO:0018867	alpha-pinene metabolic process	https://www.ebi.ac.uk/QuickGO/term/GO:0018867
R9QMR3	GO:0016102	diterpenoid biosynthetic process	https://www.ebi.ac.uk/QuickGO/term/GO:0016102
R9QMR3	GO:0010597	green leaf volatile biosynthetic process	https://www.ebi.ac.uk/QuickGO/term/GO:0010597
R9QMR3	GO:0016114	terpenoid biosynthetic process	https://www.ebi.ac.uk/QuickGO/term/GO:0016114
R9QMR5	GO:0016102	diterpenoid biosynthetic process	https://www.ebi.ac.uk/QuickGO/term/GO:0016102
R9QMR5	GO:1903448	geraniol biosynthetic process	https://www.ebi.ac.uk/QuickGO/term/GO:1903448
R9QMR5	GO:0010597	green leaf volatile biosynthetic process	https://www.ebi.ac.uk/QuickGO/term/GO:0010597
R9QMR5	GO:0016114	terpenoid biosynthetic process	https://www.ebi.ac.uk/QuickGO/term/GO:0016114
R9QMW1	GO:0018867	alpha-pinene metabolic process	https://www.ebi.ac.uk/QuickGO/term/GO:0018867
R9QMW1	GO:0016102	diterpenoid biosynthetic process	https://www.ebi.ac.uk/QuickGO/term/GO:0016102
R9QMW1	GO:0010597	green leaf volatile biosynthetic process	https://www.ebi.ac.uk/QuickGO/term/GO:0010597
R9QMW1	GO:0016114	terpenoid biosynthetic process	https://www.ebi.ac.uk/QuickGO/term/GO:0016114
R9QMW5	GO:0018867	alpha-pinene metabolic process	https://www.ebi.ac.uk/QuickGO/term/GO:0018867
R9QMW5	GO:0016102	diterpenoid biosynthetic process	https://www.ebi.ac.uk/QuickGO/term/GO:0016102
R9QMW5	GO:0010597	green leaf volatile biosynthetic process	https://www.ebi.ac.uk/QuickGO/term/GO:0010597
R9QMW5	GO:0016114	terpenoid biosynthetic process	https://www.ebi.ac.uk/QuickGO/term/GO:0016114
R9QMY8	GO:0018867	alpha-pinene metabolic process	https://www.ebi.ac.uk/QuickGO/term/GO:0018867
R9QMY8	GO:0016102	diterpenoid biosynthetic process	https://www.ebi.ac.uk/QuickGO/term/GO:0016102
R9QMY8	GO:0010597	green leaf volatile biosynthetic process	https://www.ebi.ac.uk/QuickGO/term/GO:0010597
R9QMY8	GO:0016114	terpenoid biosynthetic process	https://www.ebi.ac.uk/QuickGO/term/GO:0016114
R9QMY9	GO:0018867	alpha-pinene metabolic process	https://www.ebi.ac.uk/QuickGO/term/GO:0018867
R9QMY9	GO:0016102	diterpenoid biosynthetic process	https://www.ebi.ac.uk/QuickGO/term/GO:0016102
R9QMY9	GO:0010597	green leaf volatile biosynthetic process	https://www.ebi.ac.uk/QuickGO/term/GO:0010597
R9QMY9	GO:0016114	terpenoid biosynthetic process	https://www.ebi.ac.uk/QuickGO/term/GO:0016114
R9QMZ0	GO:0016102	diterpenoid biosynthetic process	https://www.ebi.ac.uk/QuickGO/term/GO:0016102
R9QMZ0	GO:0010597	green leaf volatile biosynthetic process	https://www.ebi.ac.uk/QuickGO/term/GO:0010597
R9QMZ0	GO:0016114	terpenoid biosynthetic process	https://www.ebi.ac.uk/QuickGO/term/GO:0016114
T1RR71	GO:0046248	alpha-pinene biosynthetic process	https://www.ebi.ac.uk/QuickGO/term/GO:0046248
T1RR71	GO:0016102	diterpenoid biosynthetic process	https://www.ebi.ac.uk/QuickGO/term/GO:0016102
T1RR71	GO:0010597	green leaf volatile biosynthetic process	https://www.ebi.ac.uk/QuickGO/term/GO:0010597
T1RR71	GO:0016099	monoterpenoid biosynthetic process	https://www.ebi.ac.uk/QuickGO/term/GO:0016099
T1RR72	GO:0046248	alpha-pinene biosynthetic process	https://www.ebi.ac.uk/QuickGO/term/GO:0046248
T1RR72	GO:0016102	diterpenoid biosynthetic process	https://www.ebi.ac.uk/QuickGO/term/GO:0016102
T1RR72	GO:0010597	green leaf volatile biosynthetic process	https://www.ebi.ac.uk/QuickGO/term/GO:0010597
T1RR72	GO:0046250	limonene biosynthetic process	https://www.ebi.ac.uk/QuickGO/term/GO:0046250
T1RR72	GO:0016099	monoterpenoid biosynthetic process	https://www.ebi.ac.uk/QuickGO/term/GO:0016099
T1RRI5	GO:0016102	diterpenoid biosynthetic process	https://www.ebi.ac.uk/QuickGO/term/GO:0016102
T1RRI5	GO:0010597	green leaf volatile biosynthetic process	https://www.ebi.ac.uk/QuickGO/term/GO:0010597
T1RRI5	GO:0051762	sesquiterpene biosynthetic process	https://www.ebi.ac.uk/QuickGO/term/GO:0051762
T1RRI8	GO:0046248	alpha-pinene biosynthetic process	https://www.ebi.ac.uk/QuickGO/term/GO:0046248
T1RRI8	GO:0016102	diterpenoid biosynthetic process	https://www.ebi.ac.uk/QuickGO/term/GO:0016102
T1RRI8	GO:0010597	green leaf volatile biosynthetic process	https://www.ebi.ac.uk/QuickGO/term/GO:0010597
T1RRI8	GO:0016099	monoterpenoid biosynthetic process	https://www.ebi.ac.uk/QuickGO/term/GO:0016099
T1RRJ4	GO:0046248	alpha-pinene biosynthetic process	https://www.ebi.ac.uk/QuickGO/term/GO:0046248
T1RRJ4	GO:0016102	diterpenoid biosynthetic process	https://www.ebi.ac.uk/QuickGO/term/GO:0016102
T1RRJ4	GO:0010597	green leaf volatile biosynthetic process	https://www.ebi.ac.uk/QuickGO/term/GO:0010597
T1RRJ4	GO:0046250	limonene biosynthetic process	https://www.ebi.ac.uk/QuickGO/term/GO:0046250
T1RRJ4	GO:0016099	monoterpenoid biosynthetic process	https://www.ebi.ac.uk/QuickGO/term/GO:0016099
T1RRJ6	GO:0016102	diterpenoid biosynthetic process	https://www.ebi.ac.uk/QuickGO/term/GO:0016102
T1RRJ6	GO:0010597	green leaf volatile biosynthetic process	https://www.ebi.ac.uk/QuickGO/term/GO:0010597
T1RRJ6	GO:0051762	sesquiterpene biosynthetic process	https://www.ebi.ac.uk/QuickGO/term/GO:0051762
T1RRL8	GO:0046248	alpha-pinene biosynthetic process	https://www.ebi.ac.uk/QuickGO/term/GO:0046248
T1RRL8	GO:0016102	diterpenoid biosynthetic process	https://www.ebi.ac.uk/QuickGO/term/GO:0016102
T1RRL8	GO:0010597	green leaf volatile biosynthetic process	https://www.ebi.ac.uk/QuickGO/term/GO:0010597
T1RRL8	GO:0016099	monoterpenoid biosynthetic process	https://www.ebi.ac.uk/QuickGO/term/GO:0016099
T1RRR9	GO:0046248	alpha-pinene biosynthetic process	https://www.ebi.ac.uk/QuickGO/term/GO:0046248
T1RRR9	GO:0016102	diterpenoid biosynthetic process	https://www.ebi.ac.uk/QuickGO/term/GO:0016102
T1RRR9	GO:0010597	green leaf volatile biosynthetic process	https://www.ebi.ac.uk/QuickGO/term/GO:0010597
T1RRR9	GO:0046250	limonene biosynthetic process	https://www.ebi.ac.uk/QuickGO/term/GO:0046250
T1RRR9	GO:0016099	monoterpenoid biosynthetic process	https://www.ebi.ac.uk/QuickGO/term/GO:0016099
T1RRS0	GO:0016102	diterpenoid biosynthetic process	https://www.ebi.ac.uk/QuickGO/term/GO:0016102
T1RRS0	GO:0010597	green leaf volatile biosynthetic process	https://www.ebi.ac.uk/QuickGO/term/GO:0010597
T1RRS0	GO:0051762	sesquiterpene biosynthetic process	https://www.ebi.ac.uk/QuickGO/term/GO:0051762
U5PZT6	GO:0016102	diterpenoid biosynthetic process	https://www.ebi.ac.uk/QuickGO/term/GO:0016102
U5PZT6	GO:0010597	green leaf volatile biosynthetic process	https://www.ebi.ac.uk/QuickGO/term/GO:0010597
U5PZT6	GO:0016099	monoterpenoid biosynthetic process	https://www.ebi.ac.uk/QuickGO/term/GO:0016099
U5PZT6	GO:0051762	sesquiterpene biosynthetic process	https://www.ebi.ac.uk/QuickGO/term/GO:0051762
W6HUT3	GO:0016102	diterpenoid biosynthetic process	https://www.ebi.ac.uk/QuickGO/term/GO:0016102
W6HUT3	GO:0010597	green leaf volatile biosynthetic process	https://www.ebi.ac.uk/QuickGO/term/GO:0010597
W6HUT3	GO:0016099	monoterpenoid biosynthetic process	https://www.ebi.ac.uk/QuickGO/term/GO:0016099
W6Q4Q9	GO:0008299	isoprenoid biosynthetic process	https://www.ebi.ac.uk/QuickGO/term/GO:0008299
W8X092			
W8X092			
W8X9R6			
W8X9R6			
A0A060KY90	GO:0006351	DNA-templated transcription	https://www.ebi.ac.uk/QuickGO/term/GO:0006351
A0A060KY90	GO:0045893	positive regulation of DNA-templated transcription	https://www.ebi.ac.uk/QuickGO/term/GO:0045893
A0A060KY90	GO:0006355	regulation of DNA-templated transcription	https://www.ebi.ac.uk/QuickGO/term/GO:0006355
A0A060KY90	GO:0010090	trichome morphogenesis	https://www.ebi.ac.uk/QuickGO/term/GO:0010090
A0A067Z9B6	GO:0032259	methylation	https://www.ebi.ac.uk/QuickGO/term/GO:0032259
A0A067Z9B6	GO:0044550	secondary metabolite biosynthetic process	https://www.ebi.ac.uk/QuickGO/term/GO:0044550
A0A067Z9B6	GO:0016114	terpenoid biosynthetic process	https://www.ebi.ac.uk/QuickGO/term/GO:0016114
A0A098D1J7	GO:0043386	mycotoxin biosynthetic process	https://www.ebi.ac.uk/QuickGO/term/GO:0043386
A0A0A6ZFR4	GO:0002238	response to molecule of fungal origin	https://www.ebi.ac.uk/QuickGO/term/GO:0002238
A0A0A6ZFR4	GO:0016135	saponin biosynthetic process	https://www.ebi.ac.uk/QuickGO/term/GO:0016135
A0A0A6ZFR4	GO:0046246	terpene biosynthetic process	https://www.ebi.ac.uk/QuickGO/term/GO:0046246
A0A0A6ZFR4	GO:0016114	terpenoid biosynthetic process	https://www.ebi.ac.uk/QuickGO/term/GO:0016114
A0A0D5ZDC8	GO:0016135	saponin biosynthetic process	https://www.ebi.ac.uk/QuickGO/term/GO:0016135
A0A0D5ZDC8	GO:0046246	terpene biosynthetic process	https://www.ebi.ac.uk/QuickGO/term/GO:0046246
A0A0D5ZDC8	GO:0016114	terpenoid biosynthetic process	https://www.ebi.ac.uk/QuickGO/term/GO:0016114
A0A0E0SP71	GO:0006696	ergosterol biosynthetic process	https://www.ebi.ac.uk/QuickGO/term/GO:0006696
A0A0E0SP71	GO:0016104	triterpenoid biosynthetic process	https://www.ebi.ac.uk/QuickGO/term/GO:0016104
A0A0E3D8K9	GO:0043386	mycotoxin biosynthetic process	https://www.ebi.ac.uk/QuickGO/term/GO:0043386
A0A0E3D8P0	GO:0043386	mycotoxin biosynthetic process	https://www.ebi.ac.uk/QuickGO/term/GO:0043386
A0A0F7U103	GO:0017000	antibiotic biosynthetic process	https://www.ebi.ac.uk/QuickGO/term/GO:0017000
A0A0F7U103	GO:0006633	fatty acid biosynthetic process	https://www.ebi.ac.uk/QuickGO/term/GO:0006633
A0A0F7U103	GO:0032259	methylation	https://www.ebi.ac.uk/QuickGO/term/GO:0032259
A0A0F7U103	GO:0006508	proteolysis	https://www.ebi.ac.uk/QuickGO/term/GO:0006508
A0A0F7U103	GO:0044550	secondary metabolite biosynthetic process	https://www.ebi.ac.uk/QuickGO/term/GO:0044550
A0A0F7U103	GO:0016114	terpenoid biosynthetic process	https://www.ebi.ac.uk/QuickGO/term/GO:0016114
A0A0P0ZEM1	GO:0046165	alcohol biosynthetic process	https://www.ebi.ac.uk/QuickGO/term/GO:0046165
A0A0P0ZEM1	GO:0043386	mycotoxin biosynthetic process	https://www.ebi.ac.uk/QuickGO/term/GO:0043386
A0A0P0ZEM1	GO:0016114	terpenoid biosynthetic process	https://www.ebi.ac.uk/QuickGO/term/GO:0016114
A0A0U4ZX08	GO:0006633	fatty acid biosynthetic process	https://www.ebi.ac.uk/QuickGO/term/GO:0006633
A0A0U4ZX08	GO:0030639	polyketide biosynthetic process	https://www.ebi.ac.uk/QuickGO/term/GO:0030639
A0A0U4ZX08	GO:0016114	terpenoid biosynthetic process	https://www.ebi.ac.uk/QuickGO/term/GO:0016114
A0A0U5CJT8	GO:0019748	secondary metabolic process	https://www.ebi.ac.uk/QuickGO/term/GO:0019748
A0A0U5CJT8	GO:0016114	terpenoid biosynthetic process	https://www.ebi.ac.uk/QuickGO/term/GO:0016114
A0A0U5G0B1	GO:0046165	alcohol biosynthetic process	https://www.ebi.ac.uk/QuickGO/term/GO:0046165
A0A0U5G0B1	GO:0043386	mycotoxin biosynthetic process	https://www.ebi.ac.uk/QuickGO/term/GO:0043386
A0A0U5G0B1	GO:0016114	terpenoid biosynthetic process	https://www.ebi.ac.uk/QuickGO/term/GO:0016114
A0A0U5GFS8	GO:0006633	fatty acid biosynthetic process	https://www.ebi.ac.uk/QuickGO/term/GO:0006633
A0A0U5GFS8	GO:0032259	methylation	https://www.ebi.ac.uk/QuickGO/term/GO:0032259
A0A0U5GFS8	GO:0044550	secondary metabolite biosynthetic process	https://www.ebi.ac.uk/QuickGO/term/GO:0044550
A0A0U5GFS8	GO:0016114	terpenoid biosynthetic process	https://www.ebi.ac.uk/QuickGO/term/GO:0016114
A0A0U5GRB4	GO:0016114	terpenoid biosynthetic process	https://www.ebi.ac.uk/QuickGO/term/GO:0016114
A0A142BX70	GO:0016102	diterpenoid biosynthetic process	https://www.ebi.ac.uk/QuickGO/term/GO:0016102
A0A142BX70	GO:0046246	terpene biosynthetic process	https://www.ebi.ac.uk/QuickGO/term/GO:0046246
A0A169T193	GO:0046165	alcohol biosynthetic process	https://www.ebi.ac.uk/QuickGO/term/GO:0046165
A0A169T193	GO:0043386	mycotoxin biosynthetic process	https://www.ebi.ac.uk/QuickGO/term/GO:0043386
A0A169T193	GO:0016114	terpenoid biosynthetic process	https://www.ebi.ac.uk/QuickGO/term/GO:0016114
A0A178U9Y5	GO:0016102	diterpenoid biosynthetic process	https://www.ebi.ac.uk/QuickGO/term/GO:0016102
A0A178U9Y5	GO:0016114	terpenoid biosynthetic process	https://www.ebi.ac.uk/QuickGO/term/GO:0016114
A0A1B7YCC9	GO:0006633	fatty acid biosynthetic process	https://www.ebi.ac.uk/QuickGO/term/GO:0006633
A0A1B7YCC9	GO:0032259	methylation	https://www.ebi.ac.uk/QuickGO/term/GO:0032259
A0A1B7YCC9	GO:0044550	secondary metabolite biosynthetic process	https://www.ebi.ac.uk/QuickGO/term/GO:0044550
A0A1B7YCC9	GO:0016114	terpenoid biosynthetic process	https://www.ebi.ac.uk/QuickGO/term/GO:0016114
A0A1C7AAN2	GO:0016102	diterpenoid biosynthetic process	https://www.ebi.ac.uk/QuickGO/term/GO:0016102
A0A1C7AAN2	GO:0009686	gibberellin biosynthetic process	https://www.ebi.ac.uk/QuickGO/term/GO:0009686
A0A1C9J6A7	GO:0016102	diterpenoid biosynthetic process	https://www.ebi.ac.uk/QuickGO/term/GO:0016102
A0A1D6F9Y9	GO:0080027	response to herbivore	https://www.ebi.ac.uk/QuickGO/term/GO:0080027
A0A1D6F9Y9	GO:0016114	terpenoid biosynthetic process	https://www.ebi.ac.uk/QuickGO/term/GO:0016114
A0A1D6GQ67	GO:0006952	defense response	https://www.ebi.ac.uk/QuickGO/term/GO:0006952
A0A1D6GQ67	GO:0051502	diterpene phytoalexin biosynthetic process	https://www.ebi.ac.uk/QuickGO/term/GO:0051502
A0A1D6GQ67	GO:0016102	diterpenoid biosynthetic process	https://www.ebi.ac.uk/QuickGO/term/GO:0016102
A0A1D6KUI6	GO:0006952	defense response	https://www.ebi.ac.uk/QuickGO/term/GO:0006952
A0A1D6KUI6	GO:0051502	diterpene phytoalexin biosynthetic process	https://www.ebi.ac.uk/QuickGO/term/GO:0051502
A0A1D6KUI6	GO:0016102	diterpenoid biosynthetic process	https://www.ebi.ac.uk/QuickGO/term/GO:0016102
A0A1D8PI71	GO:0006696	ergosterol biosynthetic process	https://www.ebi.ac.uk/QuickGO/term/GO:0006696
A0A1D8PI71	GO:0045338	farnesyl diphosphate metabolic process	https://www.ebi.ac.uk/QuickGO/term/GO:0045338
A0A1D8PI71	GO:1902767	isoprenoid biosynthetic process via mevalonate	https://www.ebi.ac.uk/QuickGO/term/GO:1902767
A0A1E1FFN4	GO:0140874	paraherquonin biosynthetic process	https://www.ebi.ac.uk/QuickGO/term/GO:0140874
A0A1E1FFN8	GO:0017000	antibiotic biosynthetic process	https://www.ebi.ac.uk/QuickGO/term/GO:0017000
A0A1E1FFN8	GO:0006633	fatty acid biosynthetic process	https://www.ebi.ac.uk/QuickGO/term/GO:0006633
A0A1E1FFN8	GO:0032259	methylation	https://www.ebi.ac.uk/QuickGO/term/GO:0032259
A0A1E1FFN8	GO:0006508	proteolysis	https://www.ebi.ac.uk/QuickGO/term/GO:0006508
A0A1E1FFN8	GO:0044550	secondary metabolite biosynthetic process	https://www.ebi.ac.uk/QuickGO/term/GO:0044550
A0A1E1FFN8	GO:0016114	terpenoid biosynthetic process	https://www.ebi.ac.uk/QuickGO/term/GO:0016114
A0A1L2D3T3	GO:0016102	diterpenoid biosynthetic process	https://www.ebi.ac.uk/QuickGO/term/GO:0016102
A0A1L2D3T3	GO:0051762	sesquiterpene biosynthetic process	https://www.ebi.ac.uk/QuickGO/term/GO:0051762
A0A1L7VFX3	GO:0046165	alcohol biosynthetic process	https://www.ebi.ac.uk/QuickGO/term/GO:0046165
A0A1L7VFX3	GO:0008299	isoprenoid biosynthetic process	https://www.ebi.ac.uk/QuickGO/term/GO:0008299
A0A1L7VFX3	GO:0043386	mycotoxin biosynthetic process	https://www.ebi.ac.uk/QuickGO/term/GO:0043386
A0A1L9UKS1	GO:0046165	alcohol biosynthetic process	https://www.ebi.ac.uk/QuickGO/term/GO:0046165
A0A1L9UKS1	GO:0043386	mycotoxin biosynthetic process	https://www.ebi.ac.uk/QuickGO/term/GO:0043386
A0A1L9UKS1	GO:0016114	terpenoid biosynthetic process	https://www.ebi.ac.uk/QuickGO/term/GO:0016114
A0A1L9WQI2	GO:0046165	alcohol biosynthetic process	https://www.ebi.ac.uk/QuickGO/term/GO:0046165
A0A1L9WQI2	GO:0008299	isoprenoid biosynthetic process	https://www.ebi.ac.uk/QuickGO/term/GO:0008299
A0A1L9WQI2	GO:0043386	mycotoxin biosynthetic process	https://www.ebi.ac.uk/QuickGO/term/GO:0043386
A0A1L9WUS5			
A0A1L9WUV2			
A0A1L9WUV2			
A0A1L9WUV2			
A0A1L9WUW3	GO:0043041	amino acid activation for nonribosomal peptide biosynthetic process	https://www.ebi.ac.uk/QuickGO/term/GO:0043041
A0A1L9WUW3	GO:0044550	secondary metabolite biosynthetic process	https://www.ebi.ac.uk/QuickGO/term/GO:0044550
A0A1L9WVI3			
A0A1P7Y0A8	GO:0045338	farnesyl diphosphate metabolic process	https://www.ebi.ac.uk/QuickGO/term/GO:0045338
A0A1P7Y0A8	GO:0008299	isoprenoid biosynthetic process	https://www.ebi.ac.uk/QuickGO/term/GO:0008299
A0A1P7Y0A8	GO:0009753	response to jasmonic acid	https://www.ebi.ac.uk/QuickGO/term/GO:0009753
A0A1P7Y0A8	GO:0002238	response to molecule of fungal origin	https://www.ebi.ac.uk/QuickGO/term/GO:0002238
A0A1P7Y0D0	GO:0045338	farnesyl diphosphate metabolic process	https://www.ebi.ac.uk/QuickGO/term/GO:0045338
A0A1P7Y0D0	GO:0008299	isoprenoid biosynthetic process	https://www.ebi.ac.uk/QuickGO/term/GO:0008299
A0A1P7Y0D0	GO:0009753	response to jasmonic acid	https://www.ebi.ac.uk/QuickGO/term/GO:0009753
A0A1P7Y0D0	GO:0002238	response to molecule of fungal origin	https://www.ebi.ac.uk/QuickGO/term/GO:0002238
A0A1U8QHE3	GO:0016102	diterpenoid biosynthetic process	https://www.ebi.ac.uk/QuickGO/term/GO:0016102
A0A1V0QSF3	GO:0016102	diterpenoid biosynthetic process	https://www.ebi.ac.uk/QuickGO/term/GO:0016102
A0A1V0QSF4	GO:0016102	diterpenoid biosynthetic process	https://www.ebi.ac.uk/QuickGO/term/GO:0016102
A0A1V0QSF6	GO:0016102	diterpenoid biosynthetic process	https://www.ebi.ac.uk/QuickGO/term/GO:0016102
A0A1V0QSH7	GO:0006695	cholesterol biosynthetic process	https://www.ebi.ac.uk/QuickGO/term/GO:0006695
A0A1V0QSH7	GO:0045337	farnesyl diphosphate biosynthetic process	https://www.ebi.ac.uk/QuickGO/term/GO:0045337
A0A1V1FVQ6	GO:0046165	alcohol biosynthetic process	https://www.ebi.ac.uk/QuickGO/term/GO:0046165
A0A1V1FVQ6	GO:0043386	mycotoxin biosynthetic process	https://www.ebi.ac.uk/QuickGO/term/GO:0043386
A0A1V1FVQ6	GO:0016114	terpenoid biosynthetic process	https://www.ebi.ac.uk/QuickGO/term/GO:0016114
A0A1W6GW06	GO:0016102	diterpenoid biosynthetic process	https://www.ebi.ac.uk/QuickGO/term/GO:0016102
A0A1W6GW06	GO:0016106	sesquiterpenoid biosynthetic process	https://www.ebi.ac.uk/QuickGO/term/GO:0016106
A0A1W6GW18	GO:0016102	diterpenoid biosynthetic process	https://www.ebi.ac.uk/QuickGO/term/GO:0016102
A0A1W6GW18	GO:0016106	sesquiterpenoid biosynthetic process	https://www.ebi.ac.uk/QuickGO/term/GO:0016106
A0A1W6GW32	GO:0016102	diterpenoid biosynthetic process	https://www.ebi.ac.uk/QuickGO/term/GO:0016102
A0A1W6GW32	GO:0016106	sesquiterpenoid biosynthetic process	https://www.ebi.ac.uk/QuickGO/term/GO:0016106
A0A1W6QDJ1	GO:0009686	gibberellin biosynthetic process	https://www.ebi.ac.uk/QuickGO/term/GO:0009686
A0A1W6QDJ1	GO:1901946	miltiradiene biosynthetic process	https://www.ebi.ac.uk/QuickGO/term/GO:1901946
A0A1W6QDJ1	GO:0016114	terpenoid biosynthetic process	https://www.ebi.ac.uk/QuickGO/term/GO:0016114
A0A1X9IRP7	GO:0009686	gibberellin biosynthetic process	https://www.ebi.ac.uk/QuickGO/term/GO:0009686
A0A1X9IRP7	GO:1901946	miltiradiene biosynthetic process	https://www.ebi.ac.uk/QuickGO/term/GO:1901946
A0A1X9IRP7	GO:0016114	terpenoid biosynthetic process	https://www.ebi.ac.uk/QuickGO/term/GO:0016114
A0A1X9IRQ7	GO:0009686	gibberellin biosynthetic process	https://www.ebi.ac.uk/QuickGO/term/GO:0009686
A0A1X9IRQ7	GO:1901946	miltiradiene biosynthetic process	https://www.ebi.ac.uk/QuickGO/term/GO:1901946
A0A1X9IRQ7	GO:0016114	terpenoid biosynthetic process	https://www.ebi.ac.uk/QuickGO/term/GO:0016114
A0A1X9ISH5	GO:0009686	gibberellin biosynthetic process	https://www.ebi.ac.uk/QuickGO/term/GO:0009686
A0A1X9ISH5	GO:1901946	miltiradiene biosynthetic process	https://www.ebi.ac.uk/QuickGO/term/GO:1901946
A0A1X9ISH5	GO:0016114	terpenoid biosynthetic process	https://www.ebi.ac.uk/QuickGO/term/GO:0016114
A0A1X9ISN9	GO:0009686	gibberellin biosynthetic process	https://www.ebi.ac.uk/QuickGO/term/GO:0009686
A0A1X9ISN9	GO:1901946	miltiradiene biosynthetic process	https://www.ebi.ac.uk/QuickGO/term/GO:1901946
A0A1X9ISN9	GO:0016114	terpenoid biosynthetic process	https://www.ebi.ac.uk/QuickGO/term/GO:0016114
A0A1X9ISP7	GO:0033331	ent-kaurene metabolic process	https://www.ebi.ac.uk/QuickGO/term/GO:0033331
A0A1X9ISP7	GO:0009686	gibberellin biosynthetic process	https://www.ebi.ac.uk/QuickGO/term/GO:0009686
A0A1X9ISP7	GO:0016114	terpenoid biosynthetic process	https://www.ebi.ac.uk/QuickGO/term/GO:0016114
A0A1Y0BRF1	GO:0017000	antibiotic biosynthetic process	https://www.ebi.ac.uk/QuickGO/term/GO:0017000
A0A1Y0BRF1	GO:0006633	fatty acid biosynthetic process	https://www.ebi.ac.uk/QuickGO/term/GO:0006633
A0A1Y0BRF1	GO:0032259	methylation	https://www.ebi.ac.uk/QuickGO/term/GO:0032259
A0A1Y0BRF1	GO:0006508	proteolysis	https://www.ebi.ac.uk/QuickGO/term/GO:0006508
A0A1Y0BRF1	GO:0044550	secondary metabolite biosynthetic process	https://www.ebi.ac.uk/QuickGO/term/GO:0044550
A0A1Y0BRF1	GO:0016114	terpenoid biosynthetic process	https://www.ebi.ac.uk/QuickGO/term/GO:0016114
A0A1Y0BRF2	GO:0043386	mycotoxin biosynthetic process	https://www.ebi.ac.uk/QuickGO/term/GO:0043386
A0A1Y0BRF2	GO:0016114	terpenoid biosynthetic process	https://www.ebi.ac.uk/QuickGO/term/GO:0016114
A0A1Y0BRF9	GO:0016114	terpenoid biosynthetic process	https://www.ebi.ac.uk/QuickGO/term/GO:0016114
A0A1Y1C7Q5	GO:0046165	alcohol biosynthetic process	https://www.ebi.ac.uk/QuickGO/term/GO:0046165
A0A1Y1C7Q5	GO:0043386	mycotoxin biosynthetic process	https://www.ebi.ac.uk/QuickGO/term/GO:0043386
A0A1Y1C7Q5	GO:0016114	terpenoid biosynthetic process	https://www.ebi.ac.uk/QuickGO/term/GO:0016114
A0A1Z3GBK8	GO:0009686	gibberellin biosynthetic process	https://www.ebi.ac.uk/QuickGO/term/GO:0009686
A0A1Z3GBK8	GO:1901946	miltiradiene biosynthetic process	https://www.ebi.ac.uk/QuickGO/term/GO:1901946
A0A1Z3GBK8	GO:0016114	terpenoid biosynthetic process	https://www.ebi.ac.uk/QuickGO/term/GO:0016114
A0A1Z3GC64	GO:0033331	ent-kaurene metabolic process	https://www.ebi.ac.uk/QuickGO/term/GO:0033331
A0A1Z3GC64	GO:0009686	gibberellin biosynthetic process	https://www.ebi.ac.uk/QuickGO/term/GO:0009686
A0A1Z3GC64	GO:0016114	terpenoid biosynthetic process	https://www.ebi.ac.uk/QuickGO/term/GO:0016114
A0A1Z3GCD1	GO:0009686	gibberellin biosynthetic process	https://www.ebi.ac.uk/QuickGO/term/GO:0009686
A0A1Z3GCD1	GO:1901946	miltiradiene biosynthetic process	https://www.ebi.ac.uk/QuickGO/term/GO:1901946
A0A1Z3GCD1	GO:0016114	terpenoid biosynthetic process	https://www.ebi.ac.uk/QuickGO/term/GO:0016114
A0A291LSD6	GO:0050832	defense response to fungus	https://www.ebi.ac.uk/QuickGO/term/GO:0050832
A0A291LSD6	GO:0016102	diterpenoid biosynthetic process	https://www.ebi.ac.uk/QuickGO/term/GO:0016102
A0A291LSD6	GO:0080027	response to herbivore	https://www.ebi.ac.uk/QuickGO/term/GO:0080027
A0A291LSD6	GO:0046246	terpene biosynthetic process	https://www.ebi.ac.uk/QuickGO/term/GO:0046246
A0A291LSD6	GO:0016114	terpenoid biosynthetic process	https://www.ebi.ac.uk/QuickGO/term/GO:0016114
A0A2I1BSU0	GO:0140782	novofumigatonin biosynthetic process	https://www.ebi.ac.uk/QuickGO/term/GO:0140782
A0A2I1BSV1	GO:0140782	novofumigatonin biosynthetic process	https://www.ebi.ac.uk/QuickGO/term/GO:0140782
A0A2I1BSV7	GO:0032259	methylation	https://www.ebi.ac.uk/QuickGO/term/GO:0032259
A0A2I1BSV7	GO:0140782	novofumigatonin biosynthetic process	https://www.ebi.ac.uk/QuickGO/term/GO:0140782
A0A2I1BSV9	GO:0006633	fatty acid biosynthetic process	https://www.ebi.ac.uk/QuickGO/term/GO:0006633
A0A2I1BSV9	GO:0032259	methylation	https://www.ebi.ac.uk/QuickGO/term/GO:0032259
A0A2I1BSV9	GO:0140782	novofumigatonin biosynthetic process	https://www.ebi.ac.uk/QuickGO/term/GO:0140782
A0A2I1BSW0	GO:0140782	novofumigatonin biosynthetic process	https://www.ebi.ac.uk/QuickGO/term/GO:0140782
A0A2I1BSW6	GO:0140782	novofumigatonin biosynthetic process	https://www.ebi.ac.uk/QuickGO/term/GO:0140782
A0A2I1BSW8	GO:0140782	novofumigatonin biosynthetic process	https://www.ebi.ac.uk/QuickGO/term/GO:0140782
A0A2I1BSZ6	GO:0140782	novofumigatonin biosynthetic process	https://www.ebi.ac.uk/QuickGO/term/GO:0140782
A0A2I1BT01	GO:0140782	novofumigatonin biosynthetic process	https://www.ebi.ac.uk/QuickGO/term/GO:0140782
A0A2I1BT09	GO:0140782	novofumigatonin biosynthetic process	https://www.ebi.ac.uk/QuickGO/term/GO:0140782
A0A2I1BT09	GO:0006744	ubiquinone biosynthetic process	https://www.ebi.ac.uk/QuickGO/term/GO:0006744
A0A2K9RFZ7	GO:0009686	gibberellin biosynthetic process	https://www.ebi.ac.uk/QuickGO/term/GO:0009686
A0A2K9RFZ9	GO:0009686	gibberellin biosynthetic process	https://www.ebi.ac.uk/QuickGO/term/GO:0009686
A0A2L0VXR0	GO:0017000	antibiotic biosynthetic process	https://www.ebi.ac.uk/QuickGO/term/GO:0017000
A0A2L0VXR0	GO:0016102	diterpenoid biosynthetic process	https://www.ebi.ac.uk/QuickGO/term/GO:0016102
A0A2P1DP74	GO:0016114	terpenoid biosynthetic process	https://www.ebi.ac.uk/QuickGO/term/GO:0016114
A0A2P1DP91	GO:0006633	fatty acid biosynthetic process	https://www.ebi.ac.uk/QuickGO/term/GO:0006633
A0A2P1DP91	GO:1901336	lactone biosynthetic process	https://www.ebi.ac.uk/QuickGO/term/GO:1901336
A0A2P1DP91	GO:0032259	methylation	https://www.ebi.ac.uk/QuickGO/term/GO:0032259
A0A2P1DP91	GO:0030639	polyketide biosynthetic process	https://www.ebi.ac.uk/QuickGO/term/GO:0030639
A0A2P1DP91	GO:0016114	terpenoid biosynthetic process	https://www.ebi.ac.uk/QuickGO/term/GO:0016114
A0A2U8U2L0	GO:0016114	terpenoid biosynthetic process	https://www.ebi.ac.uk/QuickGO/term/GO:0016114
A0A2U8U2L6	GO:0044550	secondary metabolite biosynthetic process	https://www.ebi.ac.uk/QuickGO/term/GO:0044550
A0A2U8U2L6	GO:0016114	terpenoid biosynthetic process	https://www.ebi.ac.uk/QuickGO/term/GO:0016114
A0A2Z4HPY4	GO:0005975	carbohydrate metabolic process	https://www.ebi.ac.uk/QuickGO/term/GO:0005975
A0A2Z4HPY4	GO:0016104	triterpenoid biosynthetic process	https://www.ebi.ac.uk/QuickGO/term/GO:0016104
A0A2Z4HPY5	GO:0009092	homoserine metabolic process	https://www.ebi.ac.uk/QuickGO/term/GO:0009092
A0A2Z4HPY5	GO:0006535	L-cysteine biosynthetic process from L-serine	https://www.ebi.ac.uk/QuickGO/term/GO:0006535
A0A2Z4HPY5	GO:0009086	methionine biosynthetic process	https://www.ebi.ac.uk/QuickGO/term/GO:0009086
A0A2Z4HPY5	GO:0016114	terpenoid biosynthetic process	https://www.ebi.ac.uk/QuickGO/term/GO:0016114
A0A2Z6AQX6	GO:0046165	alcohol biosynthetic process	https://www.ebi.ac.uk/QuickGO/term/GO:0046165
A0A2Z6AQX6	GO:0043386	mycotoxin biosynthetic process	https://www.ebi.ac.uk/QuickGO/term/GO:0043386
A0A2Z6AQX6	GO:0016114	terpenoid biosynthetic process	https://www.ebi.ac.uk/QuickGO/term/GO:0016114
A0A2Z6AQX7	GO:0046165	alcohol biosynthetic process	https://www.ebi.ac.uk/QuickGO/term/GO:0046165
A0A2Z6AQX7	GO:0043386	mycotoxin biosynthetic process	https://www.ebi.ac.uk/QuickGO/term/GO:0043386
A0A2Z6AQX7	GO:0016114	terpenoid biosynthetic process	https://www.ebi.ac.uk/QuickGO/term/GO:0016114
A0A2Z6FZ31	GO:0046165	alcohol biosynthetic process	https://www.ebi.ac.uk/QuickGO/term/GO:0046165
A0A2Z6FZ31	GO:0043386	mycotoxin biosynthetic process	https://www.ebi.ac.uk/QuickGO/term/GO:0043386
A0A2Z6FZ31	GO:0016114	terpenoid biosynthetic process	https://www.ebi.ac.uk/QuickGO/term/GO:0016114
A0A343W969	GO:0045337	farnesyl diphosphate biosynthetic process	https://www.ebi.ac.uk/QuickGO/term/GO:0045337
A0A343W969	GO:0008299	isoprenoid biosynthetic process	https://www.ebi.ac.uk/QuickGO/term/GO:0008299
A0A343W969	GO:0042811	pheromone biosynthetic process	https://www.ebi.ac.uk/QuickGO/term/GO:0042811
A0A343W970	GO:0045337	farnesyl diphosphate biosynthetic process	https://www.ebi.ac.uk/QuickGO/term/GO:0045337
A0A343W970	GO:0008299	isoprenoid biosynthetic process	https://www.ebi.ac.uk/QuickGO/term/GO:0008299
A0A343W970	GO:0042811	pheromone biosynthetic process	https://www.ebi.ac.uk/QuickGO/term/GO:0042811
A0A348B779	GO:0008299	isoprenoid biosynthetic process	https://www.ebi.ac.uk/QuickGO/term/GO:0008299
A0A348B780	GO:0008299	isoprenoid biosynthetic process	https://www.ebi.ac.uk/QuickGO/term/GO:0008299
A0A348DU52	GO:0046165	alcohol biosynthetic process	https://www.ebi.ac.uk/QuickGO/term/GO:0046165
A0A348DU52	GO:0043386	mycotoxin biosynthetic process	https://www.ebi.ac.uk/QuickGO/term/GO:0043386
A0A348DU52	GO:0016114	terpenoid biosynthetic process	https://www.ebi.ac.uk/QuickGO/term/GO:0016114
A0A385AJM6	GO:0046246	terpene biosynthetic process	https://www.ebi.ac.uk/QuickGO/term/GO:0046246
A0A386JV86	GO:0045337	farnesyl diphosphate biosynthetic process	https://www.ebi.ac.uk/QuickGO/term/GO:0045337
A0A386JV86	GO:0042811	pheromone biosynthetic process	https://www.ebi.ac.uk/QuickGO/term/GO:0042811
A0A386JV86	GO:0006714	sesquiterpenoid metabolic process	https://www.ebi.ac.uk/QuickGO/term/GO:0006714
A0A386KZI3	GO:0071244	cellular response to carbon dioxide	https://www.ebi.ac.uk/QuickGO/term/GO:0071244
A0A386KZI3	GO:0016036	cellular response to phosphate starvation	https://www.ebi.ac.uk/QuickGO/term/GO:0016036
A0A3G1QTS7	GO:0033332	ent-kaurene biosynthetic process	https://www.ebi.ac.uk/QuickGO/term/GO:0033332
A0A3G1QTS7	GO:0009686	gibberellin biosynthetic process	https://www.ebi.ac.uk/QuickGO/term/GO:0009686
A0A3G1QTS7	GO:0016114	terpenoid biosynthetic process	https://www.ebi.ac.uk/QuickGO/term/GO:0016114
A0A3G1QTU5	GO:0009686	gibberellin biosynthetic process	https://www.ebi.ac.uk/QuickGO/term/GO:0009686
A0A3G1QTU5	GO:1901946	miltiradiene biosynthetic process	https://www.ebi.ac.uk/QuickGO/term/GO:1901946
A0A3G1QTU5	GO:0016114	terpenoid biosynthetic process	https://www.ebi.ac.uk/QuickGO/term/GO:0016114
A0A3G9GNK2	GO:0016114	terpenoid biosynthetic process	https://www.ebi.ac.uk/QuickGO/term/GO:0016114
A0A3G9GQ29	GO:0006633	fatty acid biosynthetic process	https://www.ebi.ac.uk/QuickGO/term/GO:0006633
A0A3G9GQ29	GO:0032259	methylation	https://www.ebi.ac.uk/QuickGO/term/GO:0032259
A0A3G9GQ29	GO:0044550	secondary metabolite biosynthetic process	https://www.ebi.ac.uk/QuickGO/term/GO:0044550
A0A3G9GQ29	GO:0016114	terpenoid biosynthetic process	https://www.ebi.ac.uk/QuickGO/term/GO:0016114
A0A3L6G2C1	GO:0006952	defense response	https://www.ebi.ac.uk/QuickGO/term/GO:0006952
A0A3L6G2C1	GO:0016102	diterpenoid biosynthetic process	https://www.ebi.ac.uk/QuickGO/term/GO:0016102
A0A3L6G2C1	GO:0009620	response to fungus	https://www.ebi.ac.uk/QuickGO/term/GO:0009620
A0A3L6G2C1	GO:0046246	terpene biosynthetic process	https://www.ebi.ac.uk/QuickGO/term/GO:0046246
A0A3Q7GFB5	GO:0006952	defense response	https://www.ebi.ac.uk/QuickGO/term/GO:0006952
A0A3Q7GFB5	GO:0006351	DNA-templated transcription	https://www.ebi.ac.uk/QuickGO/term/GO:0006351
A0A3Q9FEJ4	GO:0016114	terpenoid biosynthetic process	https://www.ebi.ac.uk/QuickGO/term/GO:0016114
A0A3Q9FEJ4	GO:0009403	toxin biosynthetic process	https://www.ebi.ac.uk/QuickGO/term/GO:0009403
A0A3Q9FFM1	GO:0046165	alcohol biosynthetic process	https://www.ebi.ac.uk/QuickGO/term/GO:0046165
A0A3Q9FFM1	GO:0043386	mycotoxin biosynthetic process	https://www.ebi.ac.uk/QuickGO/term/GO:0043386
A0A3Q9FFM1	GO:0016114	terpenoid biosynthetic process	https://www.ebi.ac.uk/QuickGO/term/GO:0016114
A0A3S9NM20	GO:0016114	terpenoid biosynthetic process	https://www.ebi.ac.uk/QuickGO/term/GO:0016114
A0A455LLW3	GO:0016114	terpenoid biosynthetic process	https://www.ebi.ac.uk/QuickGO/term/GO:0016114
A0A455M7S4	GO:0006633	fatty acid biosynthetic process	https://www.ebi.ac.uk/QuickGO/term/GO:0006633
A0A455M7S4	GO:0044550	secondary metabolite biosynthetic process	https://www.ebi.ac.uk/QuickGO/term/GO:0044550
A0A455M7S4	GO:0016114	terpenoid biosynthetic process	https://www.ebi.ac.uk/QuickGO/term/GO:0016114
A0A455R4X0	GO:0016114	terpenoid biosynthetic process	https://www.ebi.ac.uk/QuickGO/term/GO:0016114
A0A455R5H4	GO:0016114	terpenoid biosynthetic process	https://www.ebi.ac.uk/QuickGO/term/GO:0016114
A0A455R5P9	GO:0006633	fatty acid biosynthetic process	https://www.ebi.ac.uk/QuickGO/term/GO:0006633
A0A455R5P9	GO:0044550	secondary metabolite biosynthetic process	https://www.ebi.ac.uk/QuickGO/term/GO:0044550
A0A455R5P9	GO:0016114	terpenoid biosynthetic process	https://www.ebi.ac.uk/QuickGO/term/GO:0016114
A0A455R624	GO:0016114	terpenoid biosynthetic process	https://www.ebi.ac.uk/QuickGO/term/GO:0016114
A0A4D6Q415	GO:0009813	flavonoid biosynthetic process	https://www.ebi.ac.uk/QuickGO/term/GO:0009813
A0A4D6Q415	GO:0080027	response to herbivore	https://www.ebi.ac.uk/QuickGO/term/GO:0080027
A0A4P8GHJ1	GO:0006633	fatty acid biosynthetic process	https://www.ebi.ac.uk/QuickGO/term/GO:0006633
A0A4P8GHJ1	GO:0032259	methylation	https://www.ebi.ac.uk/QuickGO/term/GO:0032259
A0A4P8GHJ1	GO:0044550	secondary metabolite biosynthetic process	https://www.ebi.ac.uk/QuickGO/term/GO:0044550
A0A4P8GHJ1	GO:0016114	terpenoid biosynthetic process	https://www.ebi.ac.uk/QuickGO/term/GO:0016114
A0A4V1E8I5	GO:0044550	secondary metabolite biosynthetic process	https://www.ebi.ac.uk/QuickGO/term/GO:0044550
A0A4V1E8I5	GO:0016114	terpenoid biosynthetic process	https://www.ebi.ac.uk/QuickGO/term/GO:0016114
A0A4Y5QZ62	GO:0016102	diterpenoid biosynthetic process	https://www.ebi.ac.uk/QuickGO/term/GO:0016102
A0A5Q0QP64	GO:0008299	isoprenoid biosynthetic process	https://www.ebi.ac.uk/QuickGO/term/GO:0008299
A0A5Q0QRJ3	GO:0008299	isoprenoid biosynthetic process	https://www.ebi.ac.uk/QuickGO/term/GO:0008299
A0A5Q0QU70	GO:0008299	isoprenoid biosynthetic process	https://www.ebi.ac.uk/QuickGO/term/GO:0008299
A0A7C9FSB8	GO:0015995	chlorophyll biosynthetic process	https://www.ebi.ac.uk/QuickGO/term/GO:0015995
A0A7C9FSB8	GO:0050992	dimethylallyl diphosphate biosynthetic process	https://www.ebi.ac.uk/QuickGO/term/GO:0050992
A0A7C9FSB8	GO:0009240	isopentenyl diphosphate biosynthetic process	https://www.ebi.ac.uk/QuickGO/term/GO:0009240
A0A7G5KLV0	GO:0016102	diterpenoid biosynthetic process	https://www.ebi.ac.uk/QuickGO/term/GO:0016102
A0A7G5KLV1	GO:0016102	diterpenoid biosynthetic process	https://www.ebi.ac.uk/QuickGO/term/GO:0016102
A0A7J6F8C5	GO:0050992	dimethylallyl diphosphate biosynthetic process	https://www.ebi.ac.uk/QuickGO/term/GO:0050992
A0A7J6F8C5	GO:0019288	isopentenyl diphosphate biosynthetic process, methylerythritol 4-phosphate pathway	https://www.ebi.ac.uk/QuickGO/term/GO:0019288
A0A7J6HWR9	GO:0006695	cholesterol biosynthetic process	https://www.ebi.ac.uk/QuickGO/term/GO:0006695
A0A7J6HWR9	GO:0045337	farnesyl diphosphate biosynthetic process	https://www.ebi.ac.uk/QuickGO/term/GO:0045337
A0A858E4Y8	GO:0008299	isoprenoid biosynthetic process	https://www.ebi.ac.uk/QuickGO/term/GO:0008299
A0A8H4CUY8	GO:0046165	alcohol biosynthetic process	https://www.ebi.ac.uk/QuickGO/term/GO:0046165
A0A8H4CUY8	GO:0008299	isoprenoid biosynthetic process	https://www.ebi.ac.uk/QuickGO/term/GO:0008299
A0A8H4CUY8	GO:0043386	mycotoxin biosynthetic process	https://www.ebi.ac.uk/QuickGO/term/GO:0043386
A0A8H7XQ49	GO:0008299	isoprenoid biosynthetic process	https://www.ebi.ac.uk/QuickGO/term/GO:0008299
A0A8H8CFI5	GO:0008299	isoprenoid biosynthetic process	https://www.ebi.ac.uk/QuickGO/term/GO:0008299
A0A8K1AY78	GO:0046165	alcohol biosynthetic process	https://www.ebi.ac.uk/QuickGO/term/GO:0046165
A0A8K1AY78	GO:0043386	mycotoxin biosynthetic process	https://www.ebi.ac.uk/QuickGO/term/GO:0043386
A0A8K1AY78	GO:0016114	terpenoid biosynthetic process	https://www.ebi.ac.uk/QuickGO/term/GO:0016114
A0AA38CJ97	GO:0010597	green leaf volatile biosynthetic process	https://www.ebi.ac.uk/QuickGO/term/GO:0010597
A0AA38CJ97	GO:0042617	paclitaxel biosynthetic process	https://www.ebi.ac.uk/QuickGO/term/GO:0042617
A0AA38CJ97	GO:0009753	response to jasmonic acid	https://www.ebi.ac.uk/QuickGO/term/GO:0009753
A0AAW1L0L7	GO:0016135	saponin biosynthetic process	https://www.ebi.ac.uk/QuickGO/term/GO:0016135
A0AAW1L0L7	GO:0016104	triterpenoid biosynthetic process	https://www.ebi.ac.uk/QuickGO/term/GO:0016104
A1DN29	GO:0044283	small molecule biosynthetic process	https://www.ebi.ac.uk/QuickGO/term/GO:0044283
A1DN29	GO:0016114	terpenoid biosynthetic process	https://www.ebi.ac.uk/QuickGO/term/GO:0016114
A4DA41	GO:0044550	secondary metabolite biosynthetic process	https://www.ebi.ac.uk/QuickGO/term/GO:0044550
A4KAG7	GO:0006952	defense response	https://www.ebi.ac.uk/QuickGO/term/GO:0006952
A4KAG7	GO:0016102	diterpenoid biosynthetic process	https://www.ebi.ac.uk/QuickGO/term/GO:0016102
A4KAG8	GO:0006952	defense response	https://www.ebi.ac.uk/QuickGO/term/GO:0006952
A4KAG8	GO:0016102	diterpenoid biosynthetic process	https://www.ebi.ac.uk/QuickGO/term/GO:0016102
A8NE23	GO:0008299	isoprenoid biosynthetic process	https://www.ebi.ac.uk/QuickGO/term/GO:0008299
A8NU13	GO:0008299	isoprenoid biosynthetic process	https://www.ebi.ac.uk/QuickGO/term/GO:0008299
B0FGA9	GO:0016102	diterpenoid biosynthetic process	https://www.ebi.ac.uk/QuickGO/term/GO:0016102
B0FGA9	GO:0051762	sesquiterpene biosynthetic process	https://www.ebi.ac.uk/QuickGO/term/GO:0051762
B1B1U4	GO:0006952	defense response	https://www.ebi.ac.uk/QuickGO/term/GO:0006952
B1B1U4	GO:0016102	diterpenoid biosynthetic process	https://www.ebi.ac.uk/QuickGO/term/GO:0016102
B2KSJ5	GO:0016102	diterpenoid biosynthetic process	https://www.ebi.ac.uk/QuickGO/term/GO:0016102
B2KSJ5	GO:0045338	farnesyl diphosphate metabolic process	https://www.ebi.ac.uk/QuickGO/term/GO:0045338
B2KSJ5	GO:0051762	sesquiterpene biosynthetic process	https://www.ebi.ac.uk/QuickGO/term/GO:0051762
B2KSJ6	GO:0016102	diterpenoid biosynthetic process	https://www.ebi.ac.uk/QuickGO/term/GO:0016102
B2KSJ6	GO:0045338	farnesyl diphosphate metabolic process	https://www.ebi.ac.uk/QuickGO/term/GO:0045338
B2KSJ6	GO:0051762	sesquiterpene biosynthetic process	https://www.ebi.ac.uk/QuickGO/term/GO:0051762
B3TPQ6	GO:0016102	diterpenoid biosynthetic process	https://www.ebi.ac.uk/QuickGO/term/GO:0016102
B3TPQ6	GO:0045338	farnesyl diphosphate metabolic process	https://www.ebi.ac.uk/QuickGO/term/GO:0045338
B3TPQ6	GO:0051762	sesquiterpene biosynthetic process	https://www.ebi.ac.uk/QuickGO/term/GO:0051762
B3TPQ7	GO:0016102	diterpenoid biosynthetic process	https://www.ebi.ac.uk/QuickGO/term/GO:0016102
B3TPQ7	GO:0033383	geranyl diphosphate metabolic process	https://www.ebi.ac.uk/QuickGO/term/GO:0033383
B3TPQ7	GO:0043693	monoterpene biosynthetic process	https://www.ebi.ac.uk/QuickGO/term/GO:0043693
B4FVP3	GO:0006952	defense response	https://www.ebi.ac.uk/QuickGO/term/GO:0006952
B4FVP3	GO:0051502	diterpene phytoalexin biosynthetic process	https://www.ebi.ac.uk/QuickGO/term/GO:0051502
B4FVP3	GO:0016102	diterpenoid biosynthetic process	https://www.ebi.ac.uk/QuickGO/term/GO:0016102
B5GMG2	GO:0033383	geranyl diphosphate metabolic process	https://www.ebi.ac.uk/QuickGO/term/GO:0033383
B6HFX8	GO:0140879	conidiogenone biosynthetic process	https://www.ebi.ac.uk/QuickGO/term/GO:0140879
B6HV32	GO:0017000	antibiotic biosynthetic process	https://www.ebi.ac.uk/QuickGO/term/GO:0017000
B6HV32	GO:0006633	fatty acid biosynthetic process	https://www.ebi.ac.uk/QuickGO/term/GO:0006633
B6HV32	GO:1901336	lactone biosynthetic process	https://www.ebi.ac.uk/QuickGO/term/GO:1901336
B6HV32	GO:0032259	methylation	https://www.ebi.ac.uk/QuickGO/term/GO:0032259
B6HV32	GO:0030639	polyketide biosynthetic process	https://www.ebi.ac.uk/QuickGO/term/GO:0030639
B6HV32	GO:0006508	proteolysis	https://www.ebi.ac.uk/QuickGO/term/GO:0006508
B6HV32	GO:0016114	terpenoid biosynthetic process	https://www.ebi.ac.uk/QuickGO/term/GO:0016114
B6K412	GO:0006629	lipid metabolic process	https://www.ebi.ac.uk/QuickGO/term/GO:0006629
B6K412	GO:0016104	triterpenoid biosynthetic process	https://www.ebi.ac.uk/QuickGO/term/GO:0016104
B7TWW5	GO:0009753	response to jasmonic acid	https://www.ebi.ac.uk/QuickGO/term/GO:0009753
B7TWW5	GO:0016126	sterol biosynthetic process	https://www.ebi.ac.uk/QuickGO/term/GO:0016126
B7TWW5	GO:0046246	terpene biosynthetic process	https://www.ebi.ac.uk/QuickGO/term/GO:0046246
B8NHD6	GO:0016114	terpenoid biosynthetic process	https://www.ebi.ac.uk/QuickGO/term/GO:0016114
B8NHD6	GO:0019346	transsulfuration	https://www.ebi.ac.uk/QuickGO/term/GO:0019346
B8PD44	GO:0008299	isoprenoid biosynthetic process	https://www.ebi.ac.uk/QuickGO/term/GO:0008299
B8PQ84	GO:0009686	gibberellin biosynthetic process	https://www.ebi.ac.uk/QuickGO/term/GO:0009686
B8XA41	GO:0009686	gibberellin biosynthetic process	https://www.ebi.ac.uk/QuickGO/term/GO:0009686
B8XA41	GO:0009395	phospholipid catabolic process	https://www.ebi.ac.uk/QuickGO/term/GO:0009395
B8XA41	GO:0016115	terpenoid catabolic process	https://www.ebi.ac.uk/QuickGO/term/GO:0016115
B9RXW0	GO:0016102	diterpenoid biosynthetic process	https://www.ebi.ac.uk/QuickGO/term/GO:0016102
B9RXW0	GO:0051762	sesquiterpene biosynthetic process	https://www.ebi.ac.uk/QuickGO/term/GO:0051762
B9RXW0	GO:0046246	terpene biosynthetic process	https://www.ebi.ac.uk/QuickGO/term/GO:0046246
B9S9Z3	GO:1901928	cadinene biosynthetic process	https://www.ebi.ac.uk/QuickGO/term/GO:1901928
B9S9Z3	GO:0016102	diterpenoid biosynthetic process	https://www.ebi.ac.uk/QuickGO/term/GO:0016102
B9S9Z3	GO:0046246	terpene biosynthetic process	https://www.ebi.ac.uk/QuickGO/term/GO:0046246
B9SIL7	GO:0009686	gibberellin biosynthetic process	https://www.ebi.ac.uk/QuickGO/term/GO:0009686
B9SIM2	GO:0009686	gibberellin biosynthetic process	https://www.ebi.ac.uk/QuickGO/term/GO:0009686
B9SIM3	GO:0009686	gibberellin biosynthetic process	https://www.ebi.ac.uk/QuickGO/term/GO:0009686
C0KWV3	GO:0016102	diterpenoid biosynthetic process	https://www.ebi.ac.uk/QuickGO/term/GO:0016102
C0KWV3	GO:0016099	monoterpenoid biosynthetic process	https://www.ebi.ac.uk/QuickGO/term/GO:0016099
C0KWV4	GO:0016102	diterpenoid biosynthetic process	https://www.ebi.ac.uk/QuickGO/term/GO:0016102
C0KWV4	GO:1903448	geraniol biosynthetic process	https://www.ebi.ac.uk/QuickGO/term/GO:1903448
C0KWV4	GO:0016099	monoterpenoid biosynthetic process	https://www.ebi.ac.uk/QuickGO/term/GO:0016099
C0KWV5	GO:0016102	diterpenoid biosynthetic process	https://www.ebi.ac.uk/QuickGO/term/GO:0016102
C0KWV5	GO:0016099	monoterpenoid biosynthetic process	https://www.ebi.ac.uk/QuickGO/term/GO:0016099
C0KWV6	GO:0016102	diterpenoid biosynthetic process	https://www.ebi.ac.uk/QuickGO/term/GO:0016102
C0KWV6	GO:1903448	geraniol biosynthetic process	https://www.ebi.ac.uk/QuickGO/term/GO:1903448
C0KWV6	GO:0016099	monoterpenoid biosynthetic process	https://www.ebi.ac.uk/QuickGO/term/GO:0016099
C0KWV7	GO:0016102	diterpenoid biosynthetic process	https://www.ebi.ac.uk/QuickGO/term/GO:0016102
C0KWV7	GO:0016099	monoterpenoid biosynthetic process	https://www.ebi.ac.uk/QuickGO/term/GO:0016099
C0PPM5	GO:0016102	diterpenoid biosynthetic process	https://www.ebi.ac.uk/QuickGO/term/GO:0016102
C0PPM5	GO:0010597	green leaf volatile biosynthetic process	https://www.ebi.ac.uk/QuickGO/term/GO:0010597
C0PPM5	GO:0016106	sesquiterpenoid biosynthetic process	https://www.ebi.ac.uk/QuickGO/term/GO:0016106
C0PPR1	GO:0016102	diterpenoid biosynthetic process	https://www.ebi.ac.uk/QuickGO/term/GO:0016102
C0PPR1	GO:0010597	green leaf volatile biosynthetic process	https://www.ebi.ac.uk/QuickGO/term/GO:0010597
C0PPR1	GO:0016099	monoterpenoid biosynthetic process	https://www.ebi.ac.uk/QuickGO/term/GO:0016099
C0PPR1	GO:0009611	response to wounding	https://www.ebi.ac.uk/QuickGO/term/GO:0009611
C0PT35	GO:0016102	diterpenoid biosynthetic process	https://www.ebi.ac.uk/QuickGO/term/GO:0016102
C0PT35	GO:0010597	green leaf volatile biosynthetic process	https://www.ebi.ac.uk/QuickGO/term/GO:0010597
C0PT35	GO:0016099	monoterpenoid biosynthetic process	https://www.ebi.ac.uk/QuickGO/term/GO:0016099
C0PTH8	GO:0016102	diterpenoid biosynthetic process	https://www.ebi.ac.uk/QuickGO/term/GO:0016102
C0PTH8	GO:0010597	green leaf volatile biosynthetic process	https://www.ebi.ac.uk/QuickGO/term/GO:0010597
C0PTH8	GO:0016099	monoterpenoid biosynthetic process	https://www.ebi.ac.uk/QuickGO/term/GO:0016099
C1K5M2	GO:0009668	plastid membrane organization	https://www.ebi.ac.uk/QuickGO/term/GO:0009668
C1K5M2	GO:0016094	polyprenol biosynthetic process	https://www.ebi.ac.uk/QuickGO/term/GO:0016094
C1K5M2	GO:0009409	response to cold	https://www.ebi.ac.uk/QuickGO/term/GO:0009409
C3RSF5	GO:0046248	alpha-pinene biosynthetic process	https://www.ebi.ac.uk/QuickGO/term/GO:0046248
C3RSF5	GO:0016102	diterpenoid biosynthetic process	https://www.ebi.ac.uk/QuickGO/term/GO:0016102
C3RSF5	GO:0010597	green leaf volatile biosynthetic process	https://www.ebi.ac.uk/QuickGO/term/GO:0010597
C3RSF5	GO:0016099	monoterpenoid biosynthetic process	https://www.ebi.ac.uk/QuickGO/term/GO:0016099
C5YHH7	GO:0006952	defense response	https://www.ebi.ac.uk/QuickGO/term/GO:0006952
C5YHH7	GO:0016102	diterpenoid biosynthetic process	https://www.ebi.ac.uk/QuickGO/term/GO:0016102
C5YHH7	GO:0046246	terpene biosynthetic process	https://www.ebi.ac.uk/QuickGO/term/GO:0046246
C5YHI2	GO:0006952	defense response	https://www.ebi.ac.uk/QuickGO/term/GO:0006952
C5YHI2	GO:0016102	diterpenoid biosynthetic process	https://www.ebi.ac.uk/QuickGO/term/GO:0016102
C5YHI2	GO:0046246	terpene biosynthetic process	https://www.ebi.ac.uk/QuickGO/term/GO:0046246
C8VE79	GO:1900560	austinol biosynthetic process	https://www.ebi.ac.uk/QuickGO/term/GO:1900560
C8VE79	GO:1900563	dehydroaustinol biosynthetic process	https://www.ebi.ac.uk/QuickGO/term/GO:1900563
C8VE79	GO:0044550	secondary metabolite biosynthetic process	https://www.ebi.ac.uk/QuickGO/term/GO:0044550
C8VE79	GO:0016114	terpenoid biosynthetic process	https://www.ebi.ac.uk/QuickGO/term/GO:0016114
C8VE82	GO:1900560	austinol biosynthetic process	https://www.ebi.ac.uk/QuickGO/term/GO:1900560
C8VE82	GO:1900563	dehydroaustinol biosynthetic process	https://www.ebi.ac.uk/QuickGO/term/GO:1900563
C8VE82	GO:0032259	methylation	https://www.ebi.ac.uk/QuickGO/term/GO:0032259
C8VE82	GO:0016114	terpenoid biosynthetic process	https://www.ebi.ac.uk/QuickGO/term/GO:0016114
C8VN91	GO:0019748	secondary metabolic process	https://www.ebi.ac.uk/QuickGO/term/GO:0019748
C8VN91	GO:0016114	terpenoid biosynthetic process	https://www.ebi.ac.uk/QuickGO/term/GO:0016114
C8VQ93	GO:1900560	austinol biosynthetic process	https://www.ebi.ac.uk/QuickGO/term/GO:1900560
C8VQ93	GO:1900563	dehydroaustinol biosynthetic process	https://www.ebi.ac.uk/QuickGO/term/GO:1900563
C8VQ93	GO:0016114	terpenoid biosynthetic process	https://www.ebi.ac.uk/QuickGO/term/GO:0016114
C8VQ98	GO:1900560	austinol biosynthetic process	https://www.ebi.ac.uk/QuickGO/term/GO:1900560
C8VQ98	GO:1900563	dehydroaustinol biosynthetic process	https://www.ebi.ac.uk/QuickGO/term/GO:1900563
C8VQ98	GO:0044550	secondary metabolite biosynthetic process	https://www.ebi.ac.uk/QuickGO/term/GO:0044550
C8VQ98	GO:0016114	terpenoid biosynthetic process	https://www.ebi.ac.uk/QuickGO/term/GO:0016114
C9K1X5			
C9K2Q3	GO:0046165	alcohol biosynthetic process	https://www.ebi.ac.uk/QuickGO/term/GO:0046165
C9K2Q3	GO:0008299	isoprenoid biosynthetic process	https://www.ebi.ac.uk/QuickGO/term/GO:0008299
C9K2Q3	GO:0043386	mycotoxin biosynthetic process	https://www.ebi.ac.uk/QuickGO/term/GO:0043386
D0UZK2	GO:0016102	diterpenoid biosynthetic process	https://www.ebi.ac.uk/QuickGO/term/GO:0016102
D0UZK2	GO:0009835	fruit ripening	https://www.ebi.ac.uk/QuickGO/term/GO:0009835
D0UZK2	GO:0009723	response to ethylene	https://www.ebi.ac.uk/QuickGO/term/GO:0009723
D0VMR6	GO:0016102	diterpenoid biosynthetic process	https://www.ebi.ac.uk/QuickGO/term/GO:0016102
D0VMR6	GO:0045338	farnesyl diphosphate metabolic process	https://www.ebi.ac.uk/QuickGO/term/GO:0045338
D0VMR6	GO:0009753	response to jasmonic acid	https://www.ebi.ac.uk/QuickGO/term/GO:0009753
D0VMR6	GO:0051762	sesquiterpene biosynthetic process	https://www.ebi.ac.uk/QuickGO/term/GO:0051762
D0VMR7	GO:0016102	diterpenoid biosynthetic process	https://www.ebi.ac.uk/QuickGO/term/GO:0016102
D0VMR7	GO:0045338	farnesyl diphosphate metabolic process	https://www.ebi.ac.uk/QuickGO/term/GO:0045338
D0VMR7	GO:0009753	response to jasmonic acid	https://www.ebi.ac.uk/QuickGO/term/GO:0009753
D0VMR7	GO:0051762	sesquiterpene biosynthetic process	https://www.ebi.ac.uk/QuickGO/term/GO:0051762
D0VMR8	GO:0016102	diterpenoid biosynthetic process	https://www.ebi.ac.uk/QuickGO/term/GO:0016102
D0VMR8	GO:0045338	farnesyl diphosphate metabolic process	https://www.ebi.ac.uk/QuickGO/term/GO:0045338
D0VMR8	GO:0009753	response to jasmonic acid	https://www.ebi.ac.uk/QuickGO/term/GO:0009753
D0VMR8	GO:0051762	sesquiterpene biosynthetic process	https://www.ebi.ac.uk/QuickGO/term/GO:0051762
D5SL78	GO:0045338	farnesyl diphosphate metabolic process	https://www.ebi.ac.uk/QuickGO/term/GO:0045338
D5SL78	GO:0033383	geranyl diphosphate metabolic process	https://www.ebi.ac.uk/QuickGO/term/GO:0033383
D7PHY9	GO:0016114	terpenoid biosynthetic process	https://www.ebi.ac.uk/QuickGO/term/GO:0016114
D7PHY9	GO:0140872	viridicatumtoxin biosynthetic process	https://www.ebi.ac.uk/QuickGO/term/GO:0140872
D7PHZ2	GO:0006633	fatty acid biosynthetic process	https://www.ebi.ac.uk/QuickGO/term/GO:0006633
D7PHZ2	GO:0016114	terpenoid biosynthetic process	https://www.ebi.ac.uk/QuickGO/term/GO:0016114
D7PHZ2	GO:0140872	viridicatumtoxin biosynthetic process	https://www.ebi.ac.uk/QuickGO/term/GO:0140872
D7PHZ5	GO:0045337	farnesyl diphosphate biosynthetic process	https://www.ebi.ac.uk/QuickGO/term/GO:0045337
D7PHZ5	GO:0140872	viridicatumtoxin biosynthetic process	https://www.ebi.ac.uk/QuickGO/term/GO:0140872
D7PHZ6	GO:0016114	terpenoid biosynthetic process	https://www.ebi.ac.uk/QuickGO/term/GO:0016114
D7PHZ6	GO:0140872	viridicatumtoxin biosynthetic process	https://www.ebi.ac.uk/QuickGO/term/GO:0140872
E2E2N3	GO:0016102	diterpenoid biosynthetic process	https://www.ebi.ac.uk/QuickGO/term/GO:0016102
E2E2N4	GO:0016102	diterpenoid biosynthetic process	https://www.ebi.ac.uk/QuickGO/term/GO:0016102
E2E2N4	GO:0009414	response to water deprivation	https://www.ebi.ac.uk/QuickGO/term/GO:0009414
E2E2N5	GO:0016102	diterpenoid biosynthetic process	https://www.ebi.ac.uk/QuickGO/term/GO:0016102
E2E2P1	GO:0016102	diterpenoid biosynthetic process	https://www.ebi.ac.uk/QuickGO/term/GO:0016102
E2E2P2	GO:0016102	diterpenoid biosynthetic process	https://www.ebi.ac.uk/QuickGO/term/GO:0016102
E2IHE0	GO:0006952	defense response	https://www.ebi.ac.uk/QuickGO/term/GO:0006952
E2IHE0	GO:0033385	geranylgeranyl diphosphate metabolic process	https://www.ebi.ac.uk/QuickGO/term/GO:0033385
E2IHE0	GO:0009686	gibberellin biosynthetic process	https://www.ebi.ac.uk/QuickGO/term/GO:0009686
E7DN64	GO:0016104	triterpenoid biosynthetic process	https://www.ebi.ac.uk/QuickGO/term/GO:0016104
F1CKI8	GO:0016102	diterpenoid biosynthetic process	https://www.ebi.ac.uk/QuickGO/term/GO:0016102
F1CKI8	GO:0043693	monoterpene biosynthetic process	https://www.ebi.ac.uk/QuickGO/term/GO:0043693
F1CKI9	GO:0016102	diterpenoid biosynthetic process	https://www.ebi.ac.uk/QuickGO/term/GO:0016102
F1CKI9	GO:0043693	monoterpene biosynthetic process	https://www.ebi.ac.uk/QuickGO/term/GO:0043693
F1CKJ1	GO:0016102	diterpenoid biosynthetic process	https://www.ebi.ac.uk/QuickGO/term/GO:0016102
F1SWA0	GO:0009688	abscisic acid biosynthetic process	https://www.ebi.ac.uk/QuickGO/term/GO:0009688
F2XF92	GO:0016102	diterpenoid biosynthetic process	https://www.ebi.ac.uk/QuickGO/term/GO:0016102
F2XF92	GO:0010597	green leaf volatile biosynthetic process	https://www.ebi.ac.uk/QuickGO/term/GO:0010597
F2XF93	GO:0016102	diterpenoid biosynthetic process	https://www.ebi.ac.uk/QuickGO/term/GO:0016102
F2XF93	GO:0010597	green leaf volatile biosynthetic process	https://www.ebi.ac.uk/QuickGO/term/GO:0010597
F2XF93	GO:0016099	monoterpenoid biosynthetic process	https://www.ebi.ac.uk/QuickGO/term/GO:0016099
F2XF94	GO:0016102	diterpenoid biosynthetic process	https://www.ebi.ac.uk/QuickGO/term/GO:0016102
F2XF94	GO:0010597	green leaf volatile biosynthetic process	https://www.ebi.ac.uk/QuickGO/term/GO:0010597
F2XF94	GO:0016099	monoterpenoid biosynthetic process	https://www.ebi.ac.uk/QuickGO/term/GO:0016099
F2XF97	GO:0016102	diterpenoid biosynthetic process	https://www.ebi.ac.uk/QuickGO/term/GO:0016102
F2XF97	GO:0010597	green leaf volatile biosynthetic process	https://www.ebi.ac.uk/QuickGO/term/GO:0010597
F2XF97	GO:0016106	sesquiterpenoid biosynthetic process	https://www.ebi.ac.uk/QuickGO/term/GO:0016106
F2XF98	GO:0016102	diterpenoid biosynthetic process	https://www.ebi.ac.uk/QuickGO/term/GO:0016102
F2XF98	GO:0010597	green leaf volatile biosynthetic process	https://www.ebi.ac.uk/QuickGO/term/GO:0010597
F2XF98	GO:0016099	monoterpenoid biosynthetic process	https://www.ebi.ac.uk/QuickGO/term/GO:0016099
F2XFA0	GO:0016102	diterpenoid biosynthetic process	https://www.ebi.ac.uk/QuickGO/term/GO:0016102
F2XFA0	GO:0010597	green leaf volatile biosynthetic process	https://www.ebi.ac.uk/QuickGO/term/GO:0010597
F2XFA0	GO:0016106	sesquiterpenoid biosynthetic process	https://www.ebi.ac.uk/QuickGO/term/GO:0016106
F2XFA1	GO:0016102	diterpenoid biosynthetic process	https://www.ebi.ac.uk/QuickGO/term/GO:0016102
F2XFA1	GO:0010597	green leaf volatile biosynthetic process	https://www.ebi.ac.uk/QuickGO/term/GO:0010597
F2XFA1	GO:0016099	monoterpenoid biosynthetic process	https://www.ebi.ac.uk/QuickGO/term/GO:0016099
F2XFA2	GO:0016102	diterpenoid biosynthetic process	https://www.ebi.ac.uk/QuickGO/term/GO:0016102
F2XFA2	GO:0010597	green leaf volatile biosynthetic process	https://www.ebi.ac.uk/QuickGO/term/GO:0010597
F2XFA2	GO:0016099	monoterpenoid biosynthetic process	https://www.ebi.ac.uk/QuickGO/term/GO:0016099
F2XFA4	GO:0016102	diterpenoid biosynthetic process	https://www.ebi.ac.uk/QuickGO/term/GO:0016102
F2XFA4	GO:0010597	green leaf volatile biosynthetic process	https://www.ebi.ac.uk/QuickGO/term/GO:0010597
F2XFA4	GO:0016099	monoterpenoid biosynthetic process	https://www.ebi.ac.uk/QuickGO/term/GO:0016099
F2XFA5	GO:0016102	diterpenoid biosynthetic process	https://www.ebi.ac.uk/QuickGO/term/GO:0016102
F2XFA5	GO:0010597	green leaf volatile biosynthetic process	https://www.ebi.ac.uk/QuickGO/term/GO:0010597
F2XFA5	GO:0016099	monoterpenoid biosynthetic process	https://www.ebi.ac.uk/QuickGO/term/GO:0016099
F2XFA6	GO:0016102	diterpenoid biosynthetic process	https://www.ebi.ac.uk/QuickGO/term/GO:0016102
F2XFA6	GO:0010597	green leaf volatile biosynthetic process	https://www.ebi.ac.uk/QuickGO/term/GO:0010597
F2XFA6	GO:0016099	monoterpenoid biosynthetic process	https://www.ebi.ac.uk/QuickGO/term/GO:0016099
F6M8I0	GO:0016102	diterpenoid biosynthetic process	https://www.ebi.ac.uk/QuickGO/term/GO:0016102
F6M8I0	GO:0016114	terpenoid biosynthetic process	https://www.ebi.ac.uk/QuickGO/term/GO:0016114
G0Y7D1	GO:0016102	diterpenoid biosynthetic process	https://www.ebi.ac.uk/QuickGO/term/GO:0016102
G0Y7D1	GO:0010597	green leaf volatile biosynthetic process	https://www.ebi.ac.uk/QuickGO/term/GO:0010597
G0Y7D1	GO:0043693	monoterpene biosynthetic process	https://www.ebi.ac.uk/QuickGO/term/GO:0043693
G0Y7D2	GO:0016102	diterpenoid biosynthetic process	https://www.ebi.ac.uk/QuickGO/term/GO:0016102
G0Y7D2	GO:0010597	green leaf volatile biosynthetic process	https://www.ebi.ac.uk/QuickGO/term/GO:0010597
G0Y7D2	GO:0043693	monoterpene biosynthetic process	https://www.ebi.ac.uk/QuickGO/term/GO:0043693
G3CCC0	GO:1902243	copal-8-ol diphosphate(3-) biosynthetic process	https://www.ebi.ac.uk/QuickGO/term/GO:1902243
G3CCC0	GO:1902247	geranylgeranyl diphosphate catabolic process	https://www.ebi.ac.uk/QuickGO/term/GO:1902247
G3CCC0	GO:0009686	gibberellin biosynthetic process	https://www.ebi.ac.uk/QuickGO/term/GO:0009686
G3CCC1	GO:1902246	cis-abienol biosynthetic process	https://www.ebi.ac.uk/QuickGO/term/GO:1902246
G3CCC1	GO:1902242	copal-8-ol diphosphate(3-) catabolic process	https://www.ebi.ac.uk/QuickGO/term/GO:1902242
G3CCC1	GO:0009686	gibberellin biosynthetic process	https://www.ebi.ac.uk/QuickGO/term/GO:0009686
G3E4M4	GO:0009686	gibberellin biosynthetic process	https://www.ebi.ac.uk/QuickGO/term/GO:0009686
G3E4M4	GO:1901946	miltiradiene biosynthetic process	https://www.ebi.ac.uk/QuickGO/term/GO:1901946
G3E4M4	GO:0016114	terpenoid biosynthetic process	https://www.ebi.ac.uk/QuickGO/term/GO:0016114
G3E4M6	GO:0009686	gibberellin biosynthetic process	https://www.ebi.ac.uk/QuickGO/term/GO:0009686
G3E4M6	GO:1901946	miltiradiene biosynthetic process	https://www.ebi.ac.uk/QuickGO/term/GO:1901946
G3E4M6	GO:0016114	terpenoid biosynthetic process	https://www.ebi.ac.uk/QuickGO/term/GO:0016114
G5CV45	GO:0016102	diterpenoid biosynthetic process	https://www.ebi.ac.uk/QuickGO/term/GO:0016102
G5CV45	GO:0045339	farnesyl diphosphate catabolic process	https://www.ebi.ac.uk/QuickGO/term/GO:0045339
G5CV45	GO:0051762	sesquiterpene biosynthetic process	https://www.ebi.ac.uk/QuickGO/term/GO:0051762
G5CV45	GO:0046246	terpene biosynthetic process	https://www.ebi.ac.uk/QuickGO/term/GO:0046246
G5CV46	GO:0016102	diterpenoid biosynthetic process	https://www.ebi.ac.uk/QuickGO/term/GO:0016102
G5CV46	GO:0009753	response to jasmonic acid	https://www.ebi.ac.uk/QuickGO/term/GO:0009753
G5CV46	GO:0046246	terpene biosynthetic process	https://www.ebi.ac.uk/QuickGO/term/GO:0046246
G5CV46	GO:0016114	terpenoid biosynthetic process	https://www.ebi.ac.uk/QuickGO/term/GO:0016114
G8GJ94	GO:0016102	diterpenoid biosynthetic process	https://www.ebi.ac.uk/QuickGO/term/GO:0016102
G8GJ94	GO:0009686	gibberellin biosynthetic process	https://www.ebi.ac.uk/QuickGO/term/GO:0009686
G8GJ95	GO:0016102	diterpenoid biosynthetic process	https://www.ebi.ac.uk/QuickGO/term/GO:0016102
G8GJ95	GO:0009686	gibberellin biosynthetic process	https://www.ebi.ac.uk/QuickGO/term/GO:0009686
G8GJ96	GO:0016102	diterpenoid biosynthetic process	https://www.ebi.ac.uk/QuickGO/term/GO:0016102
G8GJ96	GO:0009686	gibberellin biosynthetic process	https://www.ebi.ac.uk/QuickGO/term/GO:0009686
H8ZM73	GO:0016102	diterpenoid biosynthetic process	https://www.ebi.ac.uk/QuickGO/term/GO:0016102
H9L9E5	GO:0016102	diterpenoid biosynthetic process	https://www.ebi.ac.uk/QuickGO/term/GO:0016102
H9L9E5	GO:0010597	green leaf volatile biosynthetic process	https://www.ebi.ac.uk/QuickGO/term/GO:0010597
H9L9E5	GO:0051762	sesquiterpene biosynthetic process	https://www.ebi.ac.uk/QuickGO/term/GO:0051762
I1M2G5	GO:0006952	defense response	https://www.ebi.ac.uk/QuickGO/term/GO:0006952
I1M2G5	GO:0046246	terpene biosynthetic process	https://www.ebi.ac.uk/QuickGO/term/GO:0046246
I1M2G5	GO:0016114	terpenoid biosynthetic process	https://www.ebi.ac.uk/QuickGO/term/GO:0016114
I1RL11	GO:0006633	fatty acid biosynthetic process	https://www.ebi.ac.uk/QuickGO/term/GO:0006633
I1RL11	GO:0032259	methylation	https://www.ebi.ac.uk/QuickGO/term/GO:0032259
I1RL11	GO:0044550	secondary metabolite biosynthetic process	https://www.ebi.ac.uk/QuickGO/term/GO:0044550
I1RL11	GO:0016114	terpenoid biosynthetic process	https://www.ebi.ac.uk/QuickGO/term/GO:0016114
I1RQ76	GO:0006696	ergosterol biosynthetic process	https://www.ebi.ac.uk/QuickGO/term/GO:0006696
I1S104	GO:0043386	mycotoxin biosynthetic process	https://www.ebi.ac.uk/QuickGO/term/GO:0043386
I1ZHA5	GO:1901928	cadinene biosynthetic process	https://www.ebi.ac.uk/QuickGO/term/GO:1901928
I1ZHA5	GO:0016102	diterpenoid biosynthetic process	https://www.ebi.ac.uk/QuickGO/term/GO:0016102
I1ZHA5	GO:0010597	green leaf volatile biosynthetic process	https://www.ebi.ac.uk/QuickGO/term/GO:0010597
I1ZHA5	GO:0051762	sesquiterpene biosynthetic process	https://www.ebi.ac.uk/QuickGO/term/GO:0051762
I7GPX8	GO:0016102	diterpenoid biosynthetic process	https://www.ebi.ac.uk/QuickGO/term/GO:0016102
I7GPX8	GO:0046250	limonene biosynthetic process	https://www.ebi.ac.uk/QuickGO/term/GO:0046250
I7GPX8	GO:0051762	sesquiterpene biosynthetic process	https://www.ebi.ac.uk/QuickGO/term/GO:0051762
J7FJH2	GO:0046165	alcohol biosynthetic process	https://www.ebi.ac.uk/QuickGO/term/GO:0046165
J7FJH2	GO:0008299	isoprenoid biosynthetic process	https://www.ebi.ac.uk/QuickGO/term/GO:0008299
J7FJH2	GO:0043386	mycotoxin biosynthetic process	https://www.ebi.ac.uk/QuickGO/term/GO:0043386
J7LP58	GO:1901931	alpha-copaene biosynthetic process	https://www.ebi.ac.uk/QuickGO/term/GO:1901931
J7LP58	GO:1901928	cadinene biosynthetic process	https://www.ebi.ac.uk/QuickGO/term/GO:1901928
J7LP58	GO:0016102	diterpenoid biosynthetic process	https://www.ebi.ac.uk/QuickGO/term/GO:0016102
J7LP58	GO:0045339	farnesyl diphosphate catabolic process	https://www.ebi.ac.uk/QuickGO/term/GO:0045339
K2SUY0	GO:0046165	alcohol biosynthetic process	https://www.ebi.ac.uk/QuickGO/term/GO:0046165
K2SUY0	GO:0008299	isoprenoid biosynthetic process	https://www.ebi.ac.uk/QuickGO/term/GO:0008299
K2SUY0	GO:0043386	mycotoxin biosynthetic process	https://www.ebi.ac.uk/QuickGO/term/GO:0043386
L0HAM7	GO:0016102	diterpenoid biosynthetic process	https://www.ebi.ac.uk/QuickGO/term/GO:0016102
L0HB77	GO:0016102	diterpenoid biosynthetic process	https://www.ebi.ac.uk/QuickGO/term/GO:0016102
L0N065			
M1V9Q0			
M1V9Q0			
M1VDX3			
M1VDX3			
M1VDX3			
M2U578	GO:0046165	alcohol biosynthetic process	https://www.ebi.ac.uk/QuickGO/term/GO:0046165
M2U578	GO:0043386	mycotoxin biosynthetic process	https://www.ebi.ac.uk/QuickGO/term/GO:0043386
M2U578	GO:0016114	terpenoid biosynthetic process	https://www.ebi.ac.uk/QuickGO/term/GO:0016114
M2V8C1	GO:0046165	alcohol biosynthetic process	https://www.ebi.ac.uk/QuickGO/term/GO:0046165
M2V8C1	GO:0043386	mycotoxin biosynthetic process	https://www.ebi.ac.uk/QuickGO/term/GO:0043386
M2V8C1	GO:0016114	terpenoid biosynthetic process	https://www.ebi.ac.uk/QuickGO/term/GO:0016114
M4HXU6	GO:0006952	defense response	https://www.ebi.ac.uk/QuickGO/term/GO:0006952
M4HXU6	GO:0016102	diterpenoid biosynthetic process	https://www.ebi.ac.uk/QuickGO/term/GO:0016102
M4HY05	GO:0006952	defense response	https://www.ebi.ac.uk/QuickGO/term/GO:0006952
M4HY05	GO:0016102	diterpenoid biosynthetic process	https://www.ebi.ac.uk/QuickGO/term/GO:0016102
M4HYC6	GO:0006952	defense response	https://www.ebi.ac.uk/QuickGO/term/GO:0006952
M4HYC6	GO:0016102	diterpenoid biosynthetic process	https://www.ebi.ac.uk/QuickGO/term/GO:0016102
M4I1C6	GO:0006203	dGTP catabolic process	https://www.ebi.ac.uk/QuickGO/term/GO:0006203
M4VQY9	GO:1902086	fumagillin biosynthetic process	https://www.ebi.ac.uk/QuickGO/term/GO:1902086
M4VQY9	GO:0019748	secondary metabolic process	https://www.ebi.ac.uk/QuickGO/term/GO:0019748
M4VQY9	GO:0016114	terpenoid biosynthetic process	https://www.ebi.ac.uk/QuickGO/term/GO:0016114
O22340	GO:0016102	diterpenoid biosynthetic process	https://www.ebi.ac.uk/QuickGO/term/GO:0016102
O23390	GO:0010686	tetracyclic triterpenoid biosynthetic process	https://www.ebi.ac.uk/QuickGO/term/GO:0010686
O23390	GO:0016104	triterpenoid biosynthetic process	https://www.ebi.ac.uk/QuickGO/term/GO:0016104
O24474	GO:0016102	diterpenoid biosynthetic process	https://www.ebi.ac.uk/QuickGO/term/GO:0016102
O24475	GO:0016102	diterpenoid biosynthetic process	https://www.ebi.ac.uk/QuickGO/term/GO:0016102
O48935	GO:0006952	defense response	https://www.ebi.ac.uk/QuickGO/term/GO:0006952
O48935	GO:0016102	diterpenoid biosynthetic process	https://www.ebi.ac.uk/QuickGO/term/GO:0016102
O64404	GO:0016102	diterpenoid biosynthetic process	https://www.ebi.ac.uk/QuickGO/term/GO:0016102
O64405	GO:0016102	diterpenoid biosynthetic process	https://www.ebi.ac.uk/QuickGO/term/GO:0016102
O65323	GO:0006952	defense response	https://www.ebi.ac.uk/QuickGO/term/GO:0006952
O65323	GO:0016102	diterpenoid biosynthetic process	https://www.ebi.ac.uk/QuickGO/term/GO:0016102
O65435	GO:0016102	diterpenoid biosynthetic process	https://www.ebi.ac.uk/QuickGO/term/GO:0016102
O65435	GO:0051762	sesquiterpene biosynthetic process	https://www.ebi.ac.uk/QuickGO/term/GO:0051762
O81000	GO:0009725	response to hormone	https://www.ebi.ac.uk/QuickGO/term/GO:0009725
O81000	GO:0016126	sterol biosynthetic process	https://www.ebi.ac.uk/QuickGO/term/GO:0016126
O81086	GO:0016102	diterpenoid biosynthetic process	https://www.ebi.ac.uk/QuickGO/term/GO:0016102
O82139	GO:0019745	pentacyclic triterpenoid biosynthetic process	https://www.ebi.ac.uk/QuickGO/term/GO:0019745
O82139	GO:0016126	sterol biosynthetic process	https://www.ebi.ac.uk/QuickGO/term/GO:0016126
P00183	GO:0019383	(+)-camphor catabolic process	https://www.ebi.ac.uk/QuickGO/term/GO:0019383
P0CJ43	GO:0016102	diterpenoid biosynthetic process	https://www.ebi.ac.uk/QuickGO/term/GO:0016102
P0CV94	GO:0016102	diterpenoid biosynthetic process	https://www.ebi.ac.uk/QuickGO/term/GO:0016102
P0CV95	GO:0016102	diterpenoid biosynthetic process	https://www.ebi.ac.uk/QuickGO/term/GO:0016102
P0DL13	GO:0016114	terpenoid biosynthetic process	https://www.ebi.ac.uk/QuickGO/term/GO:0016114
P0DO37	GO:0002213	defense response to insect	https://www.ebi.ac.uk/QuickGO/term/GO:0002213
P0DO37	GO:0009625	response to insect	https://www.ebi.ac.uk/QuickGO/term/GO:0009625
P0DO37	GO:0016114	terpenoid biosynthetic process	https://www.ebi.ac.uk/QuickGO/term/GO:0016114
P0DO40	GO:0009625	response to insect	https://www.ebi.ac.uk/QuickGO/term/GO:0009625
P0DO40	GO:0016114	terpenoid biosynthetic process	https://www.ebi.ac.uk/QuickGO/term/GO:0016114
P16640	GO:0019383	(+)-camphor catabolic process	https://www.ebi.ac.uk/QuickGO/term/GO:0019383
P53799	GO:0045338	farnesyl diphosphate metabolic process	https://www.ebi.ac.uk/QuickGO/term/GO:0045338
P53799	GO:0008299	isoprenoid biosynthetic process	https://www.ebi.ac.uk/QuickGO/term/GO:0008299
P53799	GO:0016126	sterol biosynthetic process	https://www.ebi.ac.uk/QuickGO/term/GO:0016126
P59287	GO:0006952	defense response	https://www.ebi.ac.uk/QuickGO/term/GO:0006952
P59287	GO:0016102	diterpenoid biosynthetic process	https://www.ebi.ac.uk/QuickGO/term/GO:0016102
P59287	GO:0051762	sesquiterpene biosynthetic process	https://www.ebi.ac.uk/QuickGO/term/GO:0051762
P77735	GO:1902767	isoprenoid biosynthetic process via mevalonate	https://www.ebi.ac.uk/QuickGO/term/GO:1902767
P77735	GO:0006772	thiamine metabolic process	https://www.ebi.ac.uk/QuickGO/term/GO:0006772
P93665	GO:0016102	diterpenoid biosynthetic process	https://www.ebi.ac.uk/QuickGO/term/GO:0016102
P93665	GO:0009617	response to bacterium	https://www.ebi.ac.uk/QuickGO/term/GO:0009617
P93665	GO:0046246	terpene biosynthetic process	https://www.ebi.ac.uk/QuickGO/term/GO:0046246
P9WEG9			
P9WEG9			
P9WEG9			
P9WEG9			
P9WEG9			
P9WEG9			
P9WEG9			
P9WEH1	GO:0005975	carbohydrate metabolic process	https://www.ebi.ac.uk/QuickGO/term/GO:0005975
P9WEH1	GO:0016104	triterpenoid biosynthetic process	https://www.ebi.ac.uk/QuickGO/term/GO:0016104
P9WEP0	GO:0046165	alcohol biosynthetic process	https://www.ebi.ac.uk/QuickGO/term/GO:0046165
P9WEP0	GO:0043386	mycotoxin biosynthetic process	https://www.ebi.ac.uk/QuickGO/term/GO:0043386
P9WEP0	GO:0016114	terpenoid biosynthetic process	https://www.ebi.ac.uk/QuickGO/term/GO:0016114
P9WEQ0	GO:0006633	fatty acid biosynthetic process	https://www.ebi.ac.uk/QuickGO/term/GO:0006633
P9WEQ0	GO:1901336	lactone biosynthetic process	https://www.ebi.ac.uk/QuickGO/term/GO:1901336
P9WEQ0	GO:0032259	methylation	https://www.ebi.ac.uk/QuickGO/term/GO:0032259
P9WEQ0	GO:0030639	polyketide biosynthetic process	https://www.ebi.ac.uk/QuickGO/term/GO:0030639
P9WEQ0	GO:0016114	terpenoid biosynthetic process	https://www.ebi.ac.uk/QuickGO/term/GO:0016114
P9WEQ1	GO:0043386	mycotoxin biosynthetic process	https://www.ebi.ac.uk/QuickGO/term/GO:0043386
P9WEQ1	GO:0016114	terpenoid biosynthetic process	https://www.ebi.ac.uk/QuickGO/term/GO:0016114
P9WEQ6	GO:0043386	mycotoxin biosynthetic process	https://www.ebi.ac.uk/QuickGO/term/GO:0043386
P9WEQ6	GO:0016114	terpenoid biosynthetic process	https://www.ebi.ac.uk/QuickGO/term/GO:0016114
P9WEQ9	GO:0043386	mycotoxin biosynthetic process	https://www.ebi.ac.uk/QuickGO/term/GO:0043386
P9WEQ9	GO:0016114	terpenoid biosynthetic process	https://www.ebi.ac.uk/QuickGO/term/GO:0016114
P9WER6	GO:0046165	alcohol biosynthetic process	https://www.ebi.ac.uk/QuickGO/term/GO:0046165
P9WER6	GO:0008299	isoprenoid biosynthetic process	https://www.ebi.ac.uk/QuickGO/term/GO:0008299
P9WER6	GO:0043386	mycotoxin biosynthetic process	https://www.ebi.ac.uk/QuickGO/term/GO:0043386
P9WEV2	GO:0046165	alcohol biosynthetic process	https://www.ebi.ac.uk/QuickGO/term/GO:0046165
P9WEV2	GO:0043386	mycotoxin biosynthetic process	https://www.ebi.ac.uk/QuickGO/term/GO:0043386
P9WEV2	GO:0016114	terpenoid biosynthetic process	https://www.ebi.ac.uk/QuickGO/term/GO:0016114
P9WEV3	GO:0019748	secondary metabolic process	https://www.ebi.ac.uk/QuickGO/term/GO:0019748
P9WEV3	GO:0016114	terpenoid biosynthetic process	https://www.ebi.ac.uk/QuickGO/term/GO:0016114
P9WEV6	GO:0046165	alcohol biosynthetic process	https://www.ebi.ac.uk/QuickGO/term/GO:0046165
P9WEV6	GO:0043386	mycotoxin biosynthetic process	https://www.ebi.ac.uk/QuickGO/term/GO:0043386
P9WEV6	GO:0016114	terpenoid biosynthetic process	https://www.ebi.ac.uk/QuickGO/term/GO:0016114
P9WEV7	GO:0046165	alcohol biosynthetic process	https://www.ebi.ac.uk/QuickGO/term/GO:0046165
P9WEV7	GO:0008299	isoprenoid biosynthetic process	https://www.ebi.ac.uk/QuickGO/term/GO:0008299
P9WEV7	GO:0043386	mycotoxin biosynthetic process	https://www.ebi.ac.uk/QuickGO/term/GO:0043386
P9WEY7	GO:0046246	terpene biosynthetic process	https://www.ebi.ac.uk/QuickGO/term/GO:0046246
Q00870	GO:0051410	detoxification of nitrogen compound	https://www.ebi.ac.uk/QuickGO/term/GO:0051410
Q00870	GO:0052316	phytoalexin catabolic process	https://www.ebi.ac.uk/QuickGO/term/GO:0052316
Q00909	GO:0016106	sesquiterpenoid biosynthetic process	https://www.ebi.ac.uk/QuickGO/term/GO:0016106
Q00G37	GO:0006952	defense response	https://www.ebi.ac.uk/QuickGO/term/GO:0006952
Q00G37	GO:0016102	diterpenoid biosynthetic process	https://www.ebi.ac.uk/QuickGO/term/GO:0016102
Q04782	GO:0006696	ergosterol biosynthetic process	https://www.ebi.ac.uk/QuickGO/term/GO:0006696
Q04782	GO:0016104	triterpenoid biosynthetic process	https://www.ebi.ac.uk/QuickGO/term/GO:0016104
Q0C8A1	GO:0019748	secondary metabolic process	https://www.ebi.ac.uk/QuickGO/term/GO:0019748
Q0C8A1	GO:0016114	terpenoid biosynthetic process	https://www.ebi.ac.uk/QuickGO/term/GO:0016114
Q0C8A2	GO:0016114	terpenoid biosynthetic process	https://www.ebi.ac.uk/QuickGO/term/GO:0016114
Q0C8A4	GO:0006633	fatty acid biosynthetic process	https://www.ebi.ac.uk/QuickGO/term/GO:0006633
Q0C8A4	GO:0032259	methylation	https://www.ebi.ac.uk/QuickGO/term/GO:0032259
Q0C8A4	GO:0044550	secondary metabolite biosynthetic process	https://www.ebi.ac.uk/QuickGO/term/GO:0044550
Q0C8A4	GO:0016114	terpenoid biosynthetic process	https://www.ebi.ac.uk/QuickGO/term/GO:0016114
Q0CRW6	GO:0046165	alcohol biosynthetic process	https://www.ebi.ac.uk/QuickGO/term/GO:0046165
Q0CRW6	GO:0043386	mycotoxin biosynthetic process	https://www.ebi.ac.uk/QuickGO/term/GO:0043386
Q0CRW6	GO:0016114	terpenoid biosynthetic process	https://www.ebi.ac.uk/QuickGO/term/GO:0016114
Q0CRW7	GO:0019748	secondary metabolic process	https://www.ebi.ac.uk/QuickGO/term/GO:0019748
Q0CRW7	GO:0016114	terpenoid biosynthetic process	https://www.ebi.ac.uk/QuickGO/term/GO:0016114
Q0E088	GO:0006952	defense response	https://www.ebi.ac.uk/QuickGO/term/GO:0006952
Q0E088	GO:0016102	diterpenoid biosynthetic process	https://www.ebi.ac.uk/QuickGO/term/GO:0016102
Q0JA82	GO:0016102	diterpenoid biosynthetic process	https://www.ebi.ac.uk/QuickGO/term/GO:0016102
Q0JA82	GO:0009686	gibberellin biosynthetic process	https://www.ebi.ac.uk/QuickGO/term/GO:0009686
Q0JEZ8	GO:0006952	defense response	https://www.ebi.ac.uk/QuickGO/term/GO:0006952
Q0JEZ8	GO:0016102	diterpenoid biosynthetic process	https://www.ebi.ac.uk/QuickGO/term/GO:0016102
Q0WQ07	GO:0050832	defense response to fungus	https://www.ebi.ac.uk/QuickGO/term/GO:0050832
Q0WQ07	GO:0046246	terpene biosynthetic process	https://www.ebi.ac.uk/QuickGO/term/GO:0046246
Q10231	GO:0006696	ergosterol biosynthetic process	https://www.ebi.ac.uk/QuickGO/term/GO:0006696
Q10231	GO:0016104	triterpenoid biosynthetic process	https://www.ebi.ac.uk/QuickGO/term/GO:0016104
Q15FB4			
Q15FB6			
Q15FB7	GO:0046165	alcohol biosynthetic process	https://www.ebi.ac.uk/QuickGO/term/GO:0046165
Q15FB7	GO:0009820	alkaloid metabolic process	https://www.ebi.ac.uk/QuickGO/term/GO:0009820
Q15FB7	GO:0008299	isoprenoid biosynthetic process	https://www.ebi.ac.uk/QuickGO/term/GO:0008299
Q15FB7	GO:0043386	mycotoxin biosynthetic process	https://www.ebi.ac.uk/QuickGO/term/GO:0043386
Q1AHB2	GO:0006952	defense response	https://www.ebi.ac.uk/QuickGO/term/GO:0006952
Q1AHB2	GO:0016102	diterpenoid biosynthetic process	https://www.ebi.ac.uk/QuickGO/term/GO:0016102
Q1G1A4	GO:0016104	triterpenoid biosynthetic process	https://www.ebi.ac.uk/QuickGO/term/GO:0016104
Q1XBU5	GO:0016102	diterpenoid biosynthetic process	https://www.ebi.ac.uk/QuickGO/term/GO:0016102
Q1XBU5	GO:0046246	terpene biosynthetic process	https://www.ebi.ac.uk/QuickGO/term/GO:0046246
Q20HU7	GO:0016102	diterpenoid biosynthetic process	https://www.ebi.ac.uk/QuickGO/term/GO:0016102
Q20HU7	GO:0046250	limonene biosynthetic process	https://www.ebi.ac.uk/QuickGO/term/GO:0046250
Q20HU7	GO:0043693	monoterpene biosynthetic process	https://www.ebi.ac.uk/QuickGO/term/GO:0043693
Q20HU7	GO:0009611	response to wounding	https://www.ebi.ac.uk/QuickGO/term/GO:0009611
Q24FB1	GO:0016126	sterol biosynthetic process	https://www.ebi.ac.uk/QuickGO/term/GO:0016126
Q24FB1	GO:0016104	triterpenoid biosynthetic process	https://www.ebi.ac.uk/QuickGO/term/GO:0016104
Q2QQJ5	GO:0006952	defense response	https://www.ebi.ac.uk/QuickGO/term/GO:0006952
Q2QQJ5	GO:0016102	diterpenoid biosynthetic process	https://www.ebi.ac.uk/QuickGO/term/GO:0016102
Q308N0	GO:0016102	diterpenoid biosynthetic process	https://www.ebi.ac.uk/QuickGO/term/GO:0016102
Q308N0	GO:1903448	geraniol biosynthetic process	https://www.ebi.ac.uk/QuickGO/term/GO:1903448
Q308N0	GO:0016099	monoterpenoid biosynthetic process	https://www.ebi.ac.uk/QuickGO/term/GO:0016099
Q32KR6	GO:0006695	cholesterol biosynthetic process	https://www.ebi.ac.uk/QuickGO/term/GO:0006695
Q32KR6	GO:0045338	farnesyl diphosphate metabolic process	https://www.ebi.ac.uk/QuickGO/term/GO:0045338
Q32KR6	GO:0008299	isoprenoid biosynthetic process	https://www.ebi.ac.uk/QuickGO/term/GO:0008299
Q39548	GO:0009686	gibberellin biosynthetic process	https://www.ebi.ac.uk/QuickGO/term/GO:0009686
Q39761	GO:0016102	diterpenoid biosynthetic process	https://www.ebi.ac.uk/QuickGO/term/GO:0016102
Q41594	GO:0010597	green leaf volatile biosynthetic process	https://www.ebi.ac.uk/QuickGO/term/GO:0010597
Q41594	GO:0042617	paclitaxel biosynthetic process	https://www.ebi.ac.uk/QuickGO/term/GO:0042617
Q43714	GO:0048653	anther development	https://www.ebi.ac.uk/QuickGO/term/GO:0048653
Q43714	GO:0048825	cotyledon development	https://www.ebi.ac.uk/QuickGO/term/GO:0048825
Q43714	GO:0016102	diterpenoid biosynthetic process	https://www.ebi.ac.uk/QuickGO/term/GO:0016102
Q43714	GO:0090377	seed trichome initiation	https://www.ebi.ac.uk/QuickGO/term/GO:0090377
Q43714	GO:0048442	sepal development	https://www.ebi.ac.uk/QuickGO/term/GO:0048442
Q43714	GO:0048480	stigma development	https://www.ebi.ac.uk/QuickGO/term/GO:0048480
Q49SP4	GO:0016102	diterpenoid biosynthetic process	https://www.ebi.ac.uk/QuickGO/term/GO:0016102
Q49SP4	GO:0045338	farnesyl diphosphate metabolic process	https://www.ebi.ac.uk/QuickGO/term/GO:0045338
Q49SP4	GO:0051762	sesquiterpene biosynthetic process	https://www.ebi.ac.uk/QuickGO/term/GO:0051762
Q49SP5	GO:0016102	diterpenoid biosynthetic process	https://www.ebi.ac.uk/QuickGO/term/GO:0016102
Q49SP5	GO:0045338	farnesyl diphosphate metabolic process	https://www.ebi.ac.uk/QuickGO/term/GO:0045338
Q49SP5	GO:0051762	sesquiterpene biosynthetic process	https://www.ebi.ac.uk/QuickGO/term/GO:0051762
Q49SP6	GO:0016102	diterpenoid biosynthetic process	https://www.ebi.ac.uk/QuickGO/term/GO:0016102
Q49SP6	GO:0045338	farnesyl diphosphate metabolic process	https://www.ebi.ac.uk/QuickGO/term/GO:0045338
Q49SP6	GO:0051762	sesquiterpene biosynthetic process	https://www.ebi.ac.uk/QuickGO/term/GO:0051762
Q49SP7	GO:0016102	diterpenoid biosynthetic process	https://www.ebi.ac.uk/QuickGO/term/GO:0016102
Q49SP7	GO:0045338	farnesyl diphosphate metabolic process	https://www.ebi.ac.uk/QuickGO/term/GO:0045338
Q49SP7	GO:0051762	sesquiterpene biosynthetic process	https://www.ebi.ac.uk/QuickGO/term/GO:0051762
Q4JHG3	GO:0016102	diterpenoid biosynthetic process	https://www.ebi.ac.uk/QuickGO/term/GO:0016102
Q4JHG3	GO:1903448	geraniol biosynthetic process	https://www.ebi.ac.uk/QuickGO/term/GO:1903448
Q4JHG3	GO:0016099	monoterpenoid biosynthetic process	https://www.ebi.ac.uk/QuickGO/term/GO:0016099
Q4U3F7	GO:0016102	diterpenoid biosynthetic process	https://www.ebi.ac.uk/QuickGO/term/GO:0016102
Q4U3F7	GO:0051762	sesquiterpene biosynthetic process	https://www.ebi.ac.uk/QuickGO/term/GO:0051762
Q4WAY3	GO:0006633	fatty acid biosynthetic process	https://www.ebi.ac.uk/QuickGO/term/GO:0006633
Q4WAY3	GO:0044550	secondary metabolite biosynthetic process	https://www.ebi.ac.uk/QuickGO/term/GO:0044550
Q4WAY3	GO:0016114	terpenoid biosynthetic process	https://www.ebi.ac.uk/QuickGO/term/GO:0016114
Q4WAY4	GO:1902086	fumagillin biosynthetic process	https://www.ebi.ac.uk/QuickGO/term/GO:1902086
Q4WAY4	GO:0016114	terpenoid biosynthetic process	https://www.ebi.ac.uk/QuickGO/term/GO:0016114
Q4WAY7	GO:0006508	proteolysis	https://www.ebi.ac.uk/QuickGO/term/GO:0006508
Q4WAZ3	GO:1902086	fumagillin biosynthetic process	https://www.ebi.ac.uk/QuickGO/term/GO:1902086
Q4WAZ3	GO:0016114	terpenoid biosynthetic process	https://www.ebi.ac.uk/QuickGO/term/GO:0016114
Q4WAZ4	GO:0006633	fatty acid biosynthetic process	https://www.ebi.ac.uk/QuickGO/term/GO:0006633
Q4WAZ4	GO:0044550	secondary metabolite biosynthetic process	https://www.ebi.ac.uk/QuickGO/term/GO:0044550
Q4WAZ4	GO:0016114	terpenoid biosynthetic process	https://www.ebi.ac.uk/QuickGO/term/GO:0016114
Q4WAZ6	GO:1902086	fumagillin biosynthetic process	https://www.ebi.ac.uk/QuickGO/term/GO:1902086
Q4WAZ6	GO:0016114	terpenoid biosynthetic process	https://www.ebi.ac.uk/QuickGO/term/GO:0016114
Q4WBH9	GO:0006633	fatty acid biosynthetic process	https://www.ebi.ac.uk/QuickGO/term/GO:0006633
Q4WBH9	GO:0019748	secondary metabolic process	https://www.ebi.ac.uk/QuickGO/term/GO:0019748
Q4WBH9	GO:0044550	secondary metabolite biosynthetic process	https://www.ebi.ac.uk/QuickGO/term/GO:0044550
Q4WLD1	GO:0044550	secondary metabolite biosynthetic process	https://www.ebi.ac.uk/QuickGO/term/GO:0044550
Q4WLD1	GO:0016114	terpenoid biosynthetic process	https://www.ebi.ac.uk/QuickGO/term/GO:0016114
Q4WLD4	GO:0006633	fatty acid biosynthetic process	https://www.ebi.ac.uk/QuickGO/term/GO:0006633
Q4WLD4	GO:0032259	methylation	https://www.ebi.ac.uk/QuickGO/term/GO:0032259
Q4WLD4	GO:0019748	secondary metabolic process	https://www.ebi.ac.uk/QuickGO/term/GO:0019748
Q4WLD4	GO:0044550	secondary metabolite biosynthetic process	https://www.ebi.ac.uk/QuickGO/term/GO:0044550
Q4WLD4	GO:0016114	terpenoid biosynthetic process	https://www.ebi.ac.uk/QuickGO/term/GO:0016114
Q50EK2	GO:0016102	diterpenoid biosynthetic process	https://www.ebi.ac.uk/QuickGO/term/GO:0016102
Q54TW4	GO:0046246	terpene biosynthetic process	https://www.ebi.ac.uk/QuickGO/term/GO:0046246
Q54YE2	GO:0051762	sesquiterpene biosynthetic process	https://www.ebi.ac.uk/QuickGO/term/GO:0051762
Q56RZ1			
Q56RZ5			
Q5AR21	GO:1900560	austinol biosynthetic process	https://www.ebi.ac.uk/QuickGO/term/GO:1900560
Q5AR21	GO:1900563	dehydroaustinol biosynthetic process	https://www.ebi.ac.uk/QuickGO/term/GO:1900563
Q5AR21	GO:0016114	terpenoid biosynthetic process	https://www.ebi.ac.uk/QuickGO/term/GO:0016114
Q5AR21	GO:0006744	ubiquinone biosynthetic process	https://www.ebi.ac.uk/QuickGO/term/GO:0006744
Q5AR27	GO:1900560	austinol biosynthetic process	https://www.ebi.ac.uk/QuickGO/term/GO:1900560
Q5AR27	GO:1900563	dehydroaustinol biosynthetic process	https://www.ebi.ac.uk/QuickGO/term/GO:1900563
Q5AR27	GO:0019748	secondary metabolic process	https://www.ebi.ac.uk/QuickGO/term/GO:0019748
Q5AR27	GO:0016114	terpenoid biosynthetic process	https://www.ebi.ac.uk/QuickGO/term/GO:0016114
Q5AR32	GO:1900560	austinol biosynthetic process	https://www.ebi.ac.uk/QuickGO/term/GO:1900560
Q5AR32	GO:1900563	dehydroaustinol biosynthetic process	https://www.ebi.ac.uk/QuickGO/term/GO:1900563
Q5AR32	GO:0019748	secondary metabolic process	https://www.ebi.ac.uk/QuickGO/term/GO:0019748
Q5AR32	GO:0016114	terpenoid biosynthetic process	https://www.ebi.ac.uk/QuickGO/term/GO:0016114
Q5ATK1	GO:1900563	dehydroaustinol biosynthetic process	https://www.ebi.ac.uk/QuickGO/term/GO:1900563
Q5ATK1	GO:0044550	secondary metabolite biosynthetic process	https://www.ebi.ac.uk/QuickGO/term/GO:0044550
Q5ATK1	GO:0016114	terpenoid biosynthetic process	https://www.ebi.ac.uk/QuickGO/term/GO:0016114
Q5KSN5	GO:0017000	antibiotic biosynthetic process	https://www.ebi.ac.uk/QuickGO/term/GO:0017000
Q5KSN5	GO:0016102	diterpenoid biosynthetic process	https://www.ebi.ac.uk/QuickGO/term/GO:0016102
Q5MQ85	GO:0006952	defense response	https://www.ebi.ac.uk/QuickGO/term/GO:0006952
Q5MQ85	GO:0009686	gibberellin biosynthetic process	https://www.ebi.ac.uk/QuickGO/term/GO:0009686
Q5R6U3	GO:0006695	cholesterol biosynthetic process	https://www.ebi.ac.uk/QuickGO/term/GO:0006695
Q5R6U3	GO:0045338	farnesyl diphosphate metabolic process	https://www.ebi.ac.uk/QuickGO/term/GO:0045338
Q5R6U3	GO:0008299	isoprenoid biosynthetic process	https://www.ebi.ac.uk/QuickGO/term/GO:0008299
Q66QH3	GO:0006952	defense response	https://www.ebi.ac.uk/QuickGO/term/GO:0006952
Q66QH3	GO:0016102	diterpenoid biosynthetic process	https://www.ebi.ac.uk/QuickGO/term/GO:0016102
Q672F7	GO:0006952	defense response	https://www.ebi.ac.uk/QuickGO/term/GO:0006952
Q672F7	GO:0016102	diterpenoid biosynthetic process	https://www.ebi.ac.uk/QuickGO/term/GO:0016102
Q672F7	GO:0080027	response to herbivore	https://www.ebi.ac.uk/QuickGO/term/GO:0080027
Q672F7	GO:0009611	response to wounding	https://www.ebi.ac.uk/QuickGO/term/GO:0009611
Q675L4	GO:0006952	defense response	https://www.ebi.ac.uk/QuickGO/term/GO:0006952
Q675L4	GO:0016102	diterpenoid biosynthetic process	https://www.ebi.ac.uk/QuickGO/term/GO:0016102
Q675L5	GO:0016102	diterpenoid biosynthetic process	https://www.ebi.ac.uk/QuickGO/term/GO:0016102
Q6BDZ9	GO:0006952	defense response	https://www.ebi.ac.uk/QuickGO/term/GO:0006952
Q6BDZ9	GO:0016102	diterpenoid biosynthetic process	https://www.ebi.ac.uk/QuickGO/term/GO:0016102
Q6E7D7	GO:0006952	defense response	https://www.ebi.ac.uk/QuickGO/term/GO:0006952
Q6E7D7	GO:0009686	gibberellin biosynthetic process	https://www.ebi.ac.uk/QuickGO/term/GO:0009686
Q6ET36	GO:0009686	gibberellin biosynthetic process	https://www.ebi.ac.uk/QuickGO/term/GO:0009686
Q6ET36	GO:0009685	gibberellin metabolic process	https://www.ebi.ac.uk/QuickGO/term/GO:0009685
Q6JD72	GO:0016102	diterpenoid biosynthetic process	https://www.ebi.ac.uk/QuickGO/term/GO:0016102
Q6JD72	GO:0046246	terpene biosynthetic process	https://www.ebi.ac.uk/QuickGO/term/GO:0046246
Q6Q3H2	GO:0016102	diterpenoid biosynthetic process	https://www.ebi.ac.uk/QuickGO/term/GO:0016102
Q6Q3H3	GO:0016102	diterpenoid biosynthetic process	https://www.ebi.ac.uk/QuickGO/term/GO:0016102
Q6Q3H3	GO:0046246	terpene biosynthetic process	https://www.ebi.ac.uk/QuickGO/term/GO:0046246
Q6STM1	GO:0019383	(+)-camphor catabolic process	https://www.ebi.ac.uk/QuickGO/term/GO:0019383
Q6WAU0	GO:0006979	response to oxidative stress	https://www.ebi.ac.uk/QuickGO/term/GO:0006979
Q6WAU0	GO:0042214	terpene metabolic process	https://www.ebi.ac.uk/QuickGO/term/GO:0042214
Q6WAU0	GO:0016114	terpenoid biosynthetic process	https://www.ebi.ac.uk/QuickGO/term/GO:0016114
Q6WAU1	GO:0031525	menthol biosynthetic process	https://www.ebi.ac.uk/QuickGO/term/GO:0031525
Q6WAU1	GO:0042214	terpene metabolic process	https://www.ebi.ac.uk/QuickGO/term/GO:0042214
Q6WP50	GO:0045338	farnesyl diphosphate metabolic process	https://www.ebi.ac.uk/QuickGO/term/GO:0045338
Q6WP50	GO:0051762	sesquiterpene biosynthetic process	https://www.ebi.ac.uk/QuickGO/term/GO:0051762
Q6Z5I0	GO:0006952	defense response	https://www.ebi.ac.uk/QuickGO/term/GO:0006952
Q6Z5I0	GO:0009686	gibberellin biosynthetic process	https://www.ebi.ac.uk/QuickGO/term/GO:0009686
Q6Z5I0	GO:0009685	gibberellin metabolic process	https://www.ebi.ac.uk/QuickGO/term/GO:0009685
Q6ZH94	GO:0042742	defense response to bacterium	https://www.ebi.ac.uk/QuickGO/term/GO:0042742
Q6ZH94	GO:0043693	monoterpene biosynthetic process	https://www.ebi.ac.uk/QuickGO/term/GO:0043693
Q6ZH94	GO:0046246	terpene biosynthetic process	https://www.ebi.ac.uk/QuickGO/term/GO:0046246
Q6ZH94	GO:0016114	terpenoid biosynthetic process	https://www.ebi.ac.uk/QuickGO/term/GO:0016114
Q796C3	GO:0016104	triterpenoid biosynthetic process	https://www.ebi.ac.uk/QuickGO/term/GO:0016104
Q82IY3	GO:0017000	antibiotic biosynthetic process	https://www.ebi.ac.uk/QuickGO/term/GO:0017000
Q82IY4	GO:0017000	antibiotic biosynthetic process	https://www.ebi.ac.uk/QuickGO/term/GO:0017000
Q82IY4	GO:1901336	lactone biosynthetic process	https://www.ebi.ac.uk/QuickGO/term/GO:1901336
Q84KL4	GO:0016102	diterpenoid biosynthetic process	https://www.ebi.ac.uk/QuickGO/term/GO:0016102
Q84KL4	GO:0033383	geranyl diphosphate metabolic process	https://www.ebi.ac.uk/QuickGO/term/GO:0033383
Q84KL4	GO:0043693	monoterpene biosynthetic process	https://www.ebi.ac.uk/QuickGO/term/GO:0043693
Q84NC8	GO:0016114	terpenoid biosynthetic process	https://www.ebi.ac.uk/QuickGO/term/GO:0016114
Q84NC9	GO:0016114	terpenoid biosynthetic process	https://www.ebi.ac.uk/QuickGO/term/GO:0016114
Q84SM8	GO:0071395	cellular response to jasmonic acid stimulus	https://www.ebi.ac.uk/QuickGO/term/GO:0071395
Q84SM8	GO:0016102	diterpenoid biosynthetic process	https://www.ebi.ac.uk/QuickGO/term/GO:0016102
Q84SM8	GO:0043693	monoterpene biosynthetic process	https://www.ebi.ac.uk/QuickGO/term/GO:0043693
Q84UU9	GO:0016102	diterpenoid biosynthetic process	https://www.ebi.ac.uk/QuickGO/term/GO:0016102
Q84UU9	GO:0051762	sesquiterpene biosynthetic process	https://www.ebi.ac.uk/QuickGO/term/GO:0051762
Q84UU9	GO:0016114	terpenoid biosynthetic process	https://www.ebi.ac.uk/QuickGO/term/GO:0016114
Q84UV0	GO:0043693	monoterpene biosynthetic process	https://www.ebi.ac.uk/QuickGO/term/GO:0043693
Q84UV0	GO:0046246	terpene biosynthetic process	https://www.ebi.ac.uk/QuickGO/term/GO:0046246
Q84UV0	GO:0016114	terpenoid biosynthetic process	https://www.ebi.ac.uk/QuickGO/term/GO:0016114
Q86II4	GO:0051762	sesquiterpene biosynthetic process	https://www.ebi.ac.uk/QuickGO/term/GO:0051762
Q86II4	GO:0031150	sorocarp stalk development	https://www.ebi.ac.uk/QuickGO/term/GO:0031150
Q8H2B4	GO:0016102	diterpenoid biosynthetic process	https://www.ebi.ac.uk/QuickGO/term/GO:0016102
Q8H2B4	GO:0033383	geranyl diphosphate metabolic process	https://www.ebi.ac.uk/QuickGO/term/GO:0033383
Q8L5K4	GO:0016102	diterpenoid biosynthetic process	https://www.ebi.ac.uk/QuickGO/term/GO:0016102
Q8L5K4	GO:0033383	geranyl diphosphate metabolic process	https://www.ebi.ac.uk/QuickGO/term/GO:0033383
Q8L7G4	GO:0016102	diterpenoid biosynthetic process	https://www.ebi.ac.uk/QuickGO/term/GO:0016102
Q8L7G4	GO:0051762	sesquiterpene biosynthetic process	https://www.ebi.ac.uk/QuickGO/term/GO:0051762
Q8L7G4	GO:0016114	terpenoid biosynthetic process	https://www.ebi.ac.uk/QuickGO/term/GO:0016114
Q8LSC3	GO:0016102	diterpenoid biosynthetic process	https://www.ebi.ac.uk/QuickGO/term/GO:0016102
Q8LSC3	GO:0045338	farnesyl diphosphate metabolic process	https://www.ebi.ac.uk/QuickGO/term/GO:0045338
Q8RWT0	GO:0016104	triterpenoid biosynthetic process	https://www.ebi.ac.uk/QuickGO/term/GO:0016104
Q8SA63	GO:0016102	diterpenoid biosynthetic process	https://www.ebi.ac.uk/QuickGO/term/GO:0016102
Q8SA63	GO:0051762	sesquiterpene biosynthetic process	https://www.ebi.ac.uk/QuickGO/term/GO:0051762
Q8VYH2	GO:0009753	response to jasmonic acid	https://www.ebi.ac.uk/QuickGO/term/GO:0009753
Q8VYH2	GO:0009611	response to wounding	https://www.ebi.ac.uk/QuickGO/term/GO:0009611
Q8VYH2	GO:0016126	sterol biosynthetic process	https://www.ebi.ac.uk/QuickGO/term/GO:0016126
Q947C4	GO:0016102	diterpenoid biosynthetic process	https://www.ebi.ac.uk/QuickGO/term/GO:0016102
Q96WT2	GO:0016102	diterpenoid biosynthetic process	https://www.ebi.ac.uk/QuickGO/term/GO:0016102
Q96WT2	GO:0033385	geranylgeranyl diphosphate metabolic process	https://www.ebi.ac.uk/QuickGO/term/GO:0033385
Q96WT2	GO:0046246	terpene biosynthetic process	https://www.ebi.ac.uk/QuickGO/term/GO:0046246
Q9AJE4	GO:0017000	antibiotic biosynthetic process	https://www.ebi.ac.uk/QuickGO/term/GO:0017000
Q9AJE4	GO:0016102	diterpenoid biosynthetic process	https://www.ebi.ac.uk/QuickGO/term/GO:0016102
Q9AR86	GO:0016102	diterpenoid biosynthetic process	https://www.ebi.ac.uk/QuickGO/term/GO:0016102
Q9C447	GO:0140873	paxilline biosynthetic process	https://www.ebi.ac.uk/QuickGO/term/GO:0140873
Q9C449	GO:0140873	paxilline biosynthetic process	https://www.ebi.ac.uk/QuickGO/term/GO:0140873
Q9C450	GO:0140873	paxilline biosynthetic process	https://www.ebi.ac.uk/QuickGO/term/GO:0140873
Q9C8E3	GO:0016102	diterpenoid biosynthetic process	https://www.ebi.ac.uk/QuickGO/term/GO:0016102
Q9C8E3	GO:0051762	sesquiterpene biosynthetic process	https://www.ebi.ac.uk/QuickGO/term/GO:0051762
Q9C8E3	GO:0016114	terpenoid biosynthetic process	https://www.ebi.ac.uk/QuickGO/term/GO:0016114
Q9FR95	GO:0010263	tricyclic triterpenoid biosynthetic process	https://www.ebi.ac.uk/QuickGO/term/GO:0010263
Q9FR95	GO:0016104	triterpenoid biosynthetic process	https://www.ebi.ac.uk/QuickGO/term/GO:0016104
Q9FXY7	GO:0016102	diterpenoid biosynthetic process	https://www.ebi.ac.uk/QuickGO/term/GO:0016102
Q9K499			
Q9LIA1	GO:0016102	diterpenoid biosynthetic process	https://www.ebi.ac.uk/QuickGO/term/GO:0016102
Q9LIA1	GO:0051762	sesquiterpene biosynthetic process	https://www.ebi.ac.uk/QuickGO/term/GO:0051762
Q9LIA1	GO:0016114	terpenoid biosynthetic process	https://www.ebi.ac.uk/QuickGO/term/GO:0016114
Q9LLR9	GO:0016102	diterpenoid biosynthetic process	https://www.ebi.ac.uk/QuickGO/term/GO:0016102
Q9LQ27	GO:0016102	diterpenoid biosynthetic process	https://www.ebi.ac.uk/QuickGO/term/GO:0016102
Q9LQ27	GO:0051762	sesquiterpene biosynthetic process	https://www.ebi.ac.uk/QuickGO/term/GO:0051762
Q9LQ27	GO:0016114	terpenoid biosynthetic process	https://www.ebi.ac.uk/QuickGO/term/GO:0016114
Q9M7C9	GO:0016102	diterpenoid biosynthetic process	https://www.ebi.ac.uk/QuickGO/term/GO:0016102
Q9SPN0	GO:0016102	diterpenoid biosynthetic process	https://www.ebi.ac.uk/QuickGO/term/GO:0016102
Q9SPN0	GO:0033383	geranyl diphosphate metabolic process	https://www.ebi.ac.uk/QuickGO/term/GO:0033383
Q9SPN0	GO:0009611	response to wounding	https://www.ebi.ac.uk/QuickGO/term/GO:0009611
Q9SPN1	GO:0016102	diterpenoid biosynthetic process	https://www.ebi.ac.uk/QuickGO/term/GO:0016102
Q9SPN1	GO:0033383	geranyl diphosphate metabolic process	https://www.ebi.ac.uk/QuickGO/term/GO:0033383
Q9SPN1	GO:0009611	response to wounding	https://www.ebi.ac.uk/QuickGO/term/GO:0009611
Q9SYN1	GO:0016104	triterpenoid biosynthetic process	https://www.ebi.ac.uk/QuickGO/term/GO:0016104
Q9UR08	GO:0008299	isoprenoid biosynthetic process	https://www.ebi.ac.uk/QuickGO/term/GO:0008299
Q9UVY5	GO:0009686	gibberellin biosynthetic process	https://www.ebi.ac.uk/QuickGO/term/GO:0009686
Q9XEH9	GO:0033332	ent-kaurene biosynthetic process	https://www.ebi.ac.uk/QuickGO/term/GO:0033332
Q9XEH9	GO:0009686	gibberellin biosynthetic process	https://www.ebi.ac.uk/QuickGO/term/GO:0009686
Q9XEH9	GO:0016114	terpenoid biosynthetic process	https://www.ebi.ac.uk/QuickGO/term/GO:0016114
Q9XEI0	GO:0033332	ent-kaurene biosynthetic process	https://www.ebi.ac.uk/QuickGO/term/GO:0033332
Q9XEI0	GO:0009686	gibberellin biosynthetic process	https://www.ebi.ac.uk/QuickGO/term/GO:0009686
Q9XEI0	GO:0016114	terpenoid biosynthetic process	https://www.ebi.ac.uk/QuickGO/term/GO:0016114
Q9ZAG3			
R4JGL8	GO:0016102	diterpenoid biosynthetic process	https://www.ebi.ac.uk/QuickGO/term/GO:0016102
R4JJJ1	GO:0016102	diterpenoid biosynthetic process	https://www.ebi.ac.uk/QuickGO/term/GO:0016102
R4JND9	GO:0016102	diterpenoid biosynthetic process	https://www.ebi.ac.uk/QuickGO/term/GO:0016102
R4JQS2	GO:0016102	diterpenoid biosynthetic process	https://www.ebi.ac.uk/QuickGO/term/GO:0016102
R4JQT5	GO:0016102	diterpenoid biosynthetic process	https://www.ebi.ac.uk/QuickGO/term/GO:0016102
R9QMR1	GO:0018867	alpha-pinene metabolic process	https://www.ebi.ac.uk/QuickGO/term/GO:0018867
R9QMR1	GO:0016102	diterpenoid biosynthetic process	https://www.ebi.ac.uk/QuickGO/term/GO:0016102
R9QMR1	GO:0010597	green leaf volatile biosynthetic process	https://www.ebi.ac.uk/QuickGO/term/GO:0010597
R9QMR1	GO:0016114	terpenoid biosynthetic process	https://www.ebi.ac.uk/QuickGO/term/GO:0016114
R9QMR4	GO:0016102	diterpenoid biosynthetic process	https://www.ebi.ac.uk/QuickGO/term/GO:0016102
R9QMR4	GO:0010597	green leaf volatile biosynthetic process	https://www.ebi.ac.uk/QuickGO/term/GO:0010597
R9QMR4	GO:0016114	terpenoid biosynthetic process	https://www.ebi.ac.uk/QuickGO/term/GO:0016114
R9QMR6	GO:0016102	diterpenoid biosynthetic process	https://www.ebi.ac.uk/QuickGO/term/GO:0016102
R9QMR6	GO:0010597	green leaf volatile biosynthetic process	https://www.ebi.ac.uk/QuickGO/term/GO:0010597
R9QMR6	GO:0016114	terpenoid biosynthetic process	https://www.ebi.ac.uk/QuickGO/term/GO:0016114
R9QMW2	GO:0018867	alpha-pinene metabolic process	https://www.ebi.ac.uk/QuickGO/term/GO:0018867
R9QMW2	GO:0016102	diterpenoid biosynthetic process	https://www.ebi.ac.uk/QuickGO/term/GO:0016102
R9QMW2	GO:0010597	green leaf volatile biosynthetic process	https://www.ebi.ac.uk/QuickGO/term/GO:0010597
R9QMW2	GO:0016114	terpenoid biosynthetic process	https://www.ebi.ac.uk/QuickGO/term/GO:0016114
R9QMW3	GO:0016102	diterpenoid biosynthetic process	https://www.ebi.ac.uk/QuickGO/term/GO:0016102
R9QMW3	GO:0010597	green leaf volatile biosynthetic process	https://www.ebi.ac.uk/QuickGO/term/GO:0010597
R9QMW3	GO:0016114	terpenoid biosynthetic process	https://www.ebi.ac.uk/QuickGO/term/GO:0016114
R9QMW4	GO:0016102	diterpenoid biosynthetic process	https://www.ebi.ac.uk/QuickGO/term/GO:0016102
R9QMW4	GO:0010597	green leaf volatile biosynthetic process	https://www.ebi.ac.uk/QuickGO/term/GO:0010597
R9QMW4	GO:0016114	terpenoid biosynthetic process	https://www.ebi.ac.uk/QuickGO/term/GO:0016114
R9QMW7	GO:0016102	diterpenoid biosynthetic process	https://www.ebi.ac.uk/QuickGO/term/GO:0016102
R9QMW7	GO:0010597	green leaf volatile biosynthetic process	https://www.ebi.ac.uk/QuickGO/term/GO:0010597
R9QMW7	GO:0016114	terpenoid biosynthetic process	https://www.ebi.ac.uk/QuickGO/term/GO:0016114
R9QMW8	GO:0016102	diterpenoid biosynthetic process	https://www.ebi.ac.uk/QuickGO/term/GO:0016102
R9QMW8	GO:0010597	green leaf volatile biosynthetic process	https://www.ebi.ac.uk/QuickGO/term/GO:0010597
R9QMW8	GO:0016114	terpenoid biosynthetic process	https://www.ebi.ac.uk/QuickGO/term/GO:0016114
S0EA85	GO:0009686	gibberellin biosynthetic process	https://www.ebi.ac.uk/QuickGO/term/GO:0009686
S0ECT9	GO:0008299	isoprenoid biosynthetic process	https://www.ebi.ac.uk/QuickGO/term/GO:0008299
U3LVL5	GO:0016102	diterpenoid biosynthetic process	https://www.ebi.ac.uk/QuickGO/term/GO:0016102
U3LVL5	GO:0051762	sesquiterpene biosynthetic process	https://www.ebi.ac.uk/QuickGO/term/GO:0051762
U3LW50	GO:0016102	diterpenoid biosynthetic process	https://www.ebi.ac.uk/QuickGO/term/GO:0016102
U3LW50	GO:0051762	sesquiterpene biosynthetic process	https://www.ebi.ac.uk/QuickGO/term/GO:0051762
W6QAE7	GO:0140879	conidiogenone biosynthetic process	https://www.ebi.ac.uk/QuickGO/term/GO:0140879
A0A067DDU9	GO:0016104	triterpenoid biosynthetic process	https://www.ebi.ac.uk/QuickGO/term/GO:0016104
A0A067ECN5	GO:0016104	triterpenoid biosynthetic process	https://www.ebi.ac.uk/QuickGO/term/GO:0016104
A0A067FI21	GO:0016104	triterpenoid biosynthetic process	https://www.ebi.ac.uk/QuickGO/term/GO:0016104
A0A067SEC9	GO:0008299	isoprenoid biosynthetic process	https://www.ebi.ac.uk/QuickGO/term/GO:0008299
A0A075F9Z3	GO:0009686	gibberellin biosynthetic process	https://www.ebi.ac.uk/QuickGO/term/GO:0009686
A0A075FA51	GO:0009686	gibberellin biosynthetic process	https://www.ebi.ac.uk/QuickGO/term/GO:0009686
A0A075FAK4	GO:0009686	gibberellin biosynthetic process	https://www.ebi.ac.uk/QuickGO/term/GO:0009686
A0A075FBT3	GO:0009686	gibberellin biosynthetic process	https://www.ebi.ac.uk/QuickGO/term/GO:0009686
A0A084R1H6	GO:0006633	fatty acid biosynthetic process	https://www.ebi.ac.uk/QuickGO/term/GO:0006633
A0A084R1H6	GO:0044550	secondary metabolite biosynthetic process	https://www.ebi.ac.uk/QuickGO/term/GO:0044550
A0A084R1J1			
A0A084R1J2			
A0A084R1M6			
A0A084R1M7			
A0A097ZPC9	GO:0044550	secondary metabolite biosynthetic process	https://www.ebi.ac.uk/QuickGO/term/GO:0044550
A0A097ZPC9	GO:0016114	terpenoid biosynthetic process	https://www.ebi.ac.uk/QuickGO/term/GO:0016114
A0A097ZPD4	GO:0016114	terpenoid biosynthetic process	https://www.ebi.ac.uk/QuickGO/term/GO:0016114
A0A097ZPD5	GO:0016114	terpenoid biosynthetic process	https://www.ebi.ac.uk/QuickGO/term/GO:0016114
A0A097ZPD9	GO:0016114	terpenoid biosynthetic process	https://www.ebi.ac.uk/QuickGO/term/GO:0016114
A0A097ZPE0	GO:0006633	fatty acid biosynthetic process	https://www.ebi.ac.uk/QuickGO/term/GO:0006633
A0A097ZPE0	GO:0032259	methylation	https://www.ebi.ac.uk/QuickGO/term/GO:0032259
A0A097ZPE0	GO:0044550	secondary metabolite biosynthetic process	https://www.ebi.ac.uk/QuickGO/term/GO:0044550
A0A097ZPE0	GO:0016114	terpenoid biosynthetic process	https://www.ebi.ac.uk/QuickGO/term/GO:0016114
A0A097ZPE3	GO:0016114	terpenoid biosynthetic process	https://www.ebi.ac.uk/QuickGO/term/GO:0016114
A0A097ZPE3	GO:0006744	ubiquinone biosynthetic process	https://www.ebi.ac.uk/QuickGO/term/GO:0006744
A0A097ZPE4	GO:0044550	secondary metabolite biosynthetic process	https://www.ebi.ac.uk/QuickGO/term/GO:0044550
A0A097ZPE4	GO:0016114	terpenoid biosynthetic process	https://www.ebi.ac.uk/QuickGO/term/GO:0016114
A0A097ZPE8	GO:0016114	terpenoid biosynthetic process	https://www.ebi.ac.uk/QuickGO/term/GO:0016114
A0A097ZPF7	GO:0016114	terpenoid biosynthetic process	https://www.ebi.ac.uk/QuickGO/term/GO:0016114
A0A097ZPG2	GO:0016114	terpenoid biosynthetic process	https://www.ebi.ac.uk/QuickGO/term/GO:0016114
A0A098DME4	GO:0016114	terpenoid biosynthetic process	https://www.ebi.ac.uk/QuickGO/term/GO:0016114
A0A0A2JB87	GO:0008299	isoprenoid biosynthetic process	https://www.ebi.ac.uk/QuickGO/term/GO:0008299
A0A0A2JP58			
A0A0A2K6S6	GO:0048315	conidium formation	https://www.ebi.ac.uk/QuickGO/term/GO:0048315
A0A0A2K6S6	GO:0006351	DNA-templated transcription	https://www.ebi.ac.uk/QuickGO/term/GO:0006351
A0A0A2K6S6	GO:0045944	positive regulation of transcription by RNA polymerase II	https://www.ebi.ac.uk/QuickGO/term/GO:0045944
A0A0A2K6S6	GO:0030435	sporulation resulting in formation of a cellular spore	https://www.ebi.ac.uk/QuickGO/term/GO:0030435
A0A0B2XGM8	GO:0016114	terpenoid biosynthetic process	https://www.ebi.ac.uk/QuickGO/term/GO:0016114
A0A0B4FWC3	GO:0008299	isoprenoid biosynthetic process	https://www.ebi.ac.uk/QuickGO/term/GO:0008299
A0A0B4G3Q7	GO:0008299	isoprenoid biosynthetic process	https://www.ebi.ac.uk/QuickGO/term/GO:0008299
A0A0B4GN88	GO:0008299	isoprenoid biosynthetic process	https://www.ebi.ac.uk/QuickGO/term/GO:0008299
A0A0B4IF96	GO:0008299	isoprenoid biosynthetic process	https://www.ebi.ac.uk/QuickGO/term/GO:0008299
A0A0C3FBR2	GO:0008299	isoprenoid biosynthetic process	https://www.ebi.ac.uk/QuickGO/term/GO:0008299
A0A0C9VD04	GO:0008299	isoprenoid biosynthetic process	https://www.ebi.ac.uk/QuickGO/term/GO:0008299
A0A0D2L718	GO:0008299	isoprenoid biosynthetic process	https://www.ebi.ac.uk/QuickGO/term/GO:0008299
A0A0D4D912	GO:0016102	diterpenoid biosynthetic process	https://www.ebi.ac.uk/QuickGO/term/GO:0016102
A0A0D4D912	GO:0046246	terpene biosynthetic process	https://www.ebi.ac.uk/QuickGO/term/GO:0046246
A0A0E3D8L2	GO:0043386	mycotoxin biosynthetic process	https://www.ebi.ac.uk/QuickGO/term/GO:0043386
A0A0E3D8L3	GO:0046165	alcohol biosynthetic process	https://www.ebi.ac.uk/QuickGO/term/GO:0046165
A0A0E3D8L3	GO:0008299	isoprenoid biosynthetic process	https://www.ebi.ac.uk/QuickGO/term/GO:0008299
A0A0E3D8L3	GO:0043386	mycotoxin biosynthetic process	https://www.ebi.ac.uk/QuickGO/term/GO:0043386
A0A0E3D8L5			
A0A0E3D8L6			
A0A0E3D8L9	GO:0006654	phosphatidic acid biosynthetic process	https://www.ebi.ac.uk/QuickGO/term/GO:0006654
A0A0E3D8L9	GO:0019433	triglyceride catabolic process	https://www.ebi.ac.uk/QuickGO/term/GO:0019433
A0A0E3D8M1	GO:0043386	mycotoxin biosynthetic process	https://www.ebi.ac.uk/QuickGO/term/GO:0043386
A0A0E3D8M5	GO:0009820	alkaloid metabolic process	https://www.ebi.ac.uk/QuickGO/term/GO:0009820
A0A0E3D8M6	GO:0043386	mycotoxin biosynthetic process	https://www.ebi.ac.uk/QuickGO/term/GO:0043386
A0A0E3D8N1	GO:0046165	alcohol biosynthetic process	https://www.ebi.ac.uk/QuickGO/term/GO:0046165
A0A0E3D8N1	GO:0008299	isoprenoid biosynthetic process	https://www.ebi.ac.uk/QuickGO/term/GO:0008299
A0A0E3D8N1	GO:0043386	mycotoxin biosynthetic process	https://www.ebi.ac.uk/QuickGO/term/GO:0043386
A0A0E3D8N3	GO:0043386	mycotoxin biosynthetic process	https://www.ebi.ac.uk/QuickGO/term/GO:0043386
A0A0E3D8N7	GO:0043386	mycotoxin biosynthetic process	https://www.ebi.ac.uk/QuickGO/term/GO:0043386
A0A0E3D8P5	GO:0043386	mycotoxin biosynthetic process	https://www.ebi.ac.uk/QuickGO/term/GO:0043386
A0A0E3D8P8	GO:0043386	mycotoxin biosynthetic process	https://www.ebi.ac.uk/QuickGO/term/GO:0043386
A0A0F7TN11	GO:0043386	mycotoxin biosynthetic process	https://www.ebi.ac.uk/QuickGO/term/GO:0043386
A0A0F7TN11	GO:0016114	terpenoid biosynthetic process	https://www.ebi.ac.uk/QuickGO/term/GO:0016114
A0A0F7TN16	GO:0016114	terpenoid biosynthetic process	https://www.ebi.ac.uk/QuickGO/term/GO:0016114
A0A0F7TN60	GO:0043386	mycotoxin biosynthetic process	https://www.ebi.ac.uk/QuickGO/term/GO:0043386
A0A0F7TN60	GO:0016114	terpenoid biosynthetic process	https://www.ebi.ac.uk/QuickGO/term/GO:0016114
A0A0F7TQP2	GO:0016114	terpenoid biosynthetic process	https://www.ebi.ac.uk/QuickGO/term/GO:0016114
A0A0F7TSZ5	GO:0043386	mycotoxin biosynthetic process	https://www.ebi.ac.uk/QuickGO/term/GO:0043386
A0A0F7TSZ5	GO:0016114	terpenoid biosynthetic process	https://www.ebi.ac.uk/QuickGO/term/GO:0016114
A0A0F7TWX5	GO:0016106	sesquiterpenoid biosynthetic process	https://www.ebi.ac.uk/QuickGO/term/GO:0016106
A0A0F7TXA0	GO:0016114	terpenoid biosynthetic process	https://www.ebi.ac.uk/QuickGO/term/GO:0016114
A0A0F7TXA1	GO:0140722	mycophenolic acid biosynthetic process	https://www.ebi.ac.uk/QuickGO/term/GO:0140722
A0A0F7TXA1	GO:0016114	terpenoid biosynthetic process	https://www.ebi.ac.uk/QuickGO/term/GO:0016114
A0A0F7TXA1	GO:0006744	ubiquinone biosynthetic process	https://www.ebi.ac.uk/QuickGO/term/GO:0006744
A0A0F7TXA5	GO:0016114	terpenoid biosynthetic process	https://www.ebi.ac.uk/QuickGO/term/GO:0016114
A0A0F7TXA8	GO:0016114	terpenoid biosynthetic process	https://www.ebi.ac.uk/QuickGO/term/GO:0016114
A0A0F7TZD6	GO:0016114	terpenoid biosynthetic process	https://www.ebi.ac.uk/QuickGO/term/GO:0016114
A0A0F7U0K0	GO:0043386	mycotoxin biosynthetic process	https://www.ebi.ac.uk/QuickGO/term/GO:0043386
A0A0F7U1Z1	GO:0016114	terpenoid biosynthetic process	https://www.ebi.ac.uk/QuickGO/term/GO:0016114
A0A0F7U1Z8	GO:0032259	methylation	https://www.ebi.ac.uk/QuickGO/term/GO:0032259
A0A0F7U1Z8	GO:0016114	terpenoid biosynthetic process	https://www.ebi.ac.uk/QuickGO/term/GO:0016114
A0A0H5BB17	GO:0016102	diterpenoid biosynthetic process	https://www.ebi.ac.uk/QuickGO/term/GO:0016102
A0A0H5BN61			
A0A0M4M0T9	GO:0009686	gibberellin biosynthetic process	https://www.ebi.ac.uk/QuickGO/term/GO:0009686
A0A0M5L832	GO:0009686	gibberellin biosynthetic process	https://www.ebi.ac.uk/QuickGO/term/GO:0009686
A0A0M8MW83			
A0A0M9VUG7			
A0A0M9VUP1	GO:0046165	alcohol biosynthetic process	https://www.ebi.ac.uk/QuickGO/term/GO:0046165
A0A0M9VUP1	GO:0008299	isoprenoid biosynthetic process	https://www.ebi.ac.uk/QuickGO/term/GO:0008299
A0A0M9VUP1	GO:0043386	mycotoxin biosynthetic process	https://www.ebi.ac.uk/QuickGO/term/GO:0043386
A0A0N0RTK4			
A0A0P0ZEA9	GO:0044550	secondary metabolite biosynthetic process	https://www.ebi.ac.uk/QuickGO/term/GO:0044550
A0A0P0ZEA9	GO:0016114	terpenoid biosynthetic process	https://www.ebi.ac.uk/QuickGO/term/GO:0016114
A0A0S2IHL6	GO:0016104	triterpenoid biosynthetic process	https://www.ebi.ac.uk/QuickGO/term/GO:0016104
A0A0U2D9C5	GO:0009686	gibberellin biosynthetic process	https://www.ebi.ac.uk/QuickGO/term/GO:0009686
A0A0U2U4F3	GO:0016104	triterpenoid biosynthetic process	https://www.ebi.ac.uk/QuickGO/term/GO:0016104
A0A0U3LQ20	GO:0009686	gibberellin biosynthetic process	https://www.ebi.ac.uk/QuickGO/term/GO:0009686
A0A0U4CDK4	GO:0033331	ent-kaurene metabolic process	https://www.ebi.ac.uk/QuickGO/term/GO:0033331
A0A0U4CDK4	GO:0009686	gibberellin biosynthetic process	https://www.ebi.ac.uk/QuickGO/term/GO:0009686
A0A0U4ZPJ7	GO:0019748	secondary metabolic process	https://www.ebi.ac.uk/QuickGO/term/GO:0019748
A0A0U4ZPJ7	GO:0016114	terpenoid biosynthetic process	https://www.ebi.ac.uk/QuickGO/term/GO:0016114
A0A0U4ZPL6	GO:0016114	terpenoid biosynthetic process	https://www.ebi.ac.uk/QuickGO/term/GO:0016114
A0A0U5CJM3	GO:0019748	secondary metabolic process	https://www.ebi.ac.uk/QuickGO/term/GO:0019748
A0A0U5CJM3	GO:0016114	terpenoid biosynthetic process	https://www.ebi.ac.uk/QuickGO/term/GO:0016114
A0A0U5CJU2	GO:0016114	terpenoid biosynthetic process	https://www.ebi.ac.uk/QuickGO/term/GO:0016114
A0A0U5CJU6	GO:0016114	terpenoid biosynthetic process	https://www.ebi.ac.uk/QuickGO/term/GO:0016114
A0A0U5CJV1	GO:0016114	terpenoid biosynthetic process	https://www.ebi.ac.uk/QuickGO/term/GO:0016114
A0A0U5CJV1	GO:0006744	ubiquinone biosynthetic process	https://www.ebi.ac.uk/QuickGO/term/GO:0006744
A0A0U5CNN8	GO:0016114	terpenoid biosynthetic process	https://www.ebi.ac.uk/QuickGO/term/GO:0016114
A0A0U5CNP2	GO:0016114	terpenoid biosynthetic process	https://www.ebi.ac.uk/QuickGO/term/GO:0016114
A0A0U5GFQ6	GO:0032259	methylation	https://www.ebi.ac.uk/QuickGO/term/GO:0032259
A0A0U5GFQ6	GO:0016114	terpenoid biosynthetic process	https://www.ebi.ac.uk/QuickGO/term/GO:0016114
A0A0U5GFR4	GO:0016114	terpenoid biosynthetic process	https://www.ebi.ac.uk/QuickGO/term/GO:0016114
A0A0U5GGX2	GO:0016114	terpenoid biosynthetic process	https://www.ebi.ac.uk/QuickGO/term/GO:0016114
A0A0U5GHD4	GO:0016114	terpenoid biosynthetic process	https://www.ebi.ac.uk/QuickGO/term/GO:0016114
A0A0U5GHG9	GO:0016114	terpenoid biosynthetic process	https://www.ebi.ac.uk/QuickGO/term/GO:0016114
A0A0U5GHU6	GO:0016114	terpenoid biosynthetic process	https://www.ebi.ac.uk/QuickGO/term/GO:0016114
A0A0U5GIM7	GO:0016114	terpenoid biosynthetic process	https://www.ebi.ac.uk/QuickGO/term/GO:0016114
A0A0U5GIU9	GO:0016114	terpenoid biosynthetic process	https://www.ebi.ac.uk/QuickGO/term/GO:0016114
A0A0U5GJ41	GO:0016114	terpenoid biosynthetic process	https://www.ebi.ac.uk/QuickGO/term/GO:0016114
A0A0U5GK88	GO:0006633	fatty acid biosynthetic process	https://www.ebi.ac.uk/QuickGO/term/GO:0006633
A0A0U5GK88	GO:0032259	methylation	https://www.ebi.ac.uk/QuickGO/term/GO:0032259
A0A0U5GK88	GO:0044550	secondary metabolite biosynthetic process	https://www.ebi.ac.uk/QuickGO/term/GO:0044550
A0A0U5GK88	GO:0016114	terpenoid biosynthetic process	https://www.ebi.ac.uk/QuickGO/term/GO:0016114
A0A0U5GNT1	GO:0016114	terpenoid biosynthetic process	https://www.ebi.ac.uk/QuickGO/term/GO:0016114
A0A0U5GQ05	GO:0016114	terpenoid biosynthetic process	https://www.ebi.ac.uk/QuickGO/term/GO:0016114
A0A0U5HAQ4	GO:0016114	terpenoid biosynthetic process	https://www.ebi.ac.uk/QuickGO/term/GO:0016114
A0A125SXN1	GO:0016104	triterpenoid biosynthetic process	https://www.ebi.ac.uk/QuickGO/term/GO:0016104
A0A125SXN2	GO:0016104	triterpenoid biosynthetic process	https://www.ebi.ac.uk/QuickGO/term/GO:0016104
A0A125SXN3	GO:0019745	pentacyclic triterpenoid biosynthetic process	https://www.ebi.ac.uk/QuickGO/term/GO:0019745
A0A125SXN3	GO:0010686	tetracyclic triterpenoid biosynthetic process	https://www.ebi.ac.uk/QuickGO/term/GO:0010686
A0A140JWS5	GO:0006654	phosphatidic acid biosynthetic process	https://www.ebi.ac.uk/QuickGO/term/GO:0006654
A0A140JWS5	GO:0019433	triglyceride catabolic process	https://www.ebi.ac.uk/QuickGO/term/GO:0019433
A0A140JWT0	GO:0043386	mycotoxin biosynthetic process	https://www.ebi.ac.uk/QuickGO/term/GO:0043386
A0A140JWT1			
A0A140JWT3	GO:0046165	alcohol biosynthetic process	https://www.ebi.ac.uk/QuickGO/term/GO:0046165
A0A140JWT3	GO:0008299	isoprenoid biosynthetic process	https://www.ebi.ac.uk/QuickGO/term/GO:0008299
A0A140JWT3	GO:0043386	mycotoxin biosynthetic process	https://www.ebi.ac.uk/QuickGO/term/GO:0043386
A0A140JWT4	GO:0043386	mycotoxin biosynthetic process	https://www.ebi.ac.uk/QuickGO/term/GO:0043386
A0A140JWT5			
A0A140JWT6	GO:0043386	mycotoxin biosynthetic process	https://www.ebi.ac.uk/QuickGO/term/GO:0043386
A0A140JWT8	GO:0043386	mycotoxin biosynthetic process	https://www.ebi.ac.uk/QuickGO/term/GO:0043386
A0A140JWT9	GO:0043386	mycotoxin biosynthetic process	https://www.ebi.ac.uk/QuickGO/term/GO:0043386
A0A140JWU1	GO:0043386	mycotoxin biosynthetic process	https://www.ebi.ac.uk/QuickGO/term/GO:0043386
A0A140KFG9	GO:0016102	diterpenoid biosynthetic process	https://www.ebi.ac.uk/QuickGO/term/GO:0016102
A0A140KFG9	GO:0051762	sesquiterpene biosynthetic process	https://www.ebi.ac.uk/QuickGO/term/GO:0051762
A0A142BX74	GO:0016102	diterpenoid biosynthetic process	https://www.ebi.ac.uk/QuickGO/term/GO:0016102
A0A142BX74	GO:0046246	terpene biosynthetic process	https://www.ebi.ac.uk/QuickGO/term/GO:0046246
A0A159AKG3	GO:0016114	terpenoid biosynthetic process	https://www.ebi.ac.uk/QuickGO/term/GO:0016114
A0A167V661	GO:0016102	diterpenoid biosynthetic process	https://www.ebi.ac.uk/QuickGO/term/GO:0016102
A0A167V661	GO:0016106	sesquiterpenoid biosynthetic process	https://www.ebi.ac.uk/QuickGO/term/GO:0016106
A0A1B4XBG5	GO:0017000	antibiotic biosynthetic process	https://www.ebi.ac.uk/QuickGO/term/GO:0017000
A0A1B4XBG5	GO:0008299	isoprenoid biosynthetic process	https://www.ebi.ac.uk/QuickGO/term/GO:0008299
A0A1B7YCK2	GO:0016114	terpenoid biosynthetic process	https://www.ebi.ac.uk/QuickGO/term/GO:0016114
A0A1B7YCL6	GO:0016114	terpenoid biosynthetic process	https://www.ebi.ac.uk/QuickGO/term/GO:0016114
A0A1B7YCX1	GO:0016114	terpenoid biosynthetic process	https://www.ebi.ac.uk/QuickGO/term/GO:0016114
A0A1E1FFL1	GO:0140874	paraherquonin biosynthetic process	https://www.ebi.ac.uk/QuickGO/term/GO:0140874
A0A1E1FFL4	GO:0043386	mycotoxin biosynthetic process	https://www.ebi.ac.uk/QuickGO/term/GO:0043386
A0A1E1FFL4	GO:0016114	terpenoid biosynthetic process	https://www.ebi.ac.uk/QuickGO/term/GO:0016114
A0A1E1FFL6	GO:0016114	terpenoid biosynthetic process	https://www.ebi.ac.uk/QuickGO/term/GO:0016114
A0A1E1FFM3	GO:0043386	mycotoxin biosynthetic process	https://www.ebi.ac.uk/QuickGO/term/GO:0043386
A0A1E1FFM3	GO:0016114	terpenoid biosynthetic process	https://www.ebi.ac.uk/QuickGO/term/GO:0016114
A0A1E1FFM8	GO:0140722	mycophenolic acid biosynthetic process	https://www.ebi.ac.uk/QuickGO/term/GO:0140722
A0A1E1FFM8	GO:0016114	terpenoid biosynthetic process	https://www.ebi.ac.uk/QuickGO/term/GO:0016114
A0A1E1FFM8	GO:0006744	ubiquinone biosynthetic process	https://www.ebi.ac.uk/QuickGO/term/GO:0006744
A0A1E1FFN3	GO:0043386	mycotoxin biosynthetic process	https://www.ebi.ac.uk/QuickGO/term/GO:0043386
A0A1E1FFN3	GO:0016114	terpenoid biosynthetic process	https://www.ebi.ac.uk/QuickGO/term/GO:0016114
A0A1E1FFN7	GO:0140874	paraherquonin biosynthetic process	https://www.ebi.ac.uk/QuickGO/term/GO:0140874
A0A1E1FFP5	GO:0140874	paraherquonin biosynthetic process	https://www.ebi.ac.uk/QuickGO/term/GO:0140874
A0A1G9UQQ0			
A0A1G9VRW7			
A0A1G9VRW7			
A0A1L5YKS7	GO:0016114	terpenoid biosynthetic process	https://www.ebi.ac.uk/QuickGO/term/GO:0016114
A0A1L6Z3A5	GO:0016102	diterpenoid biosynthetic process	https://www.ebi.ac.uk/QuickGO/term/GO:0016102
A0A1L7U8F2	GO:0016114	terpenoid biosynthetic process	https://www.ebi.ac.uk/QuickGO/term/GO:0016114
A0A1L7VEQ6			
A0A1L7VEQ8			
A0A1L7VET6			
A0A1L7VI12	GO:0006629	lipid metabolic process	https://www.ebi.ac.uk/QuickGO/term/GO:0006629
A0A1L7VZE7	GO:0016114	terpenoid biosynthetic process	https://www.ebi.ac.uk/QuickGO/term/GO:0016114
A0A1L9WQK2			
A0A1L9WUI2			
A0A1L9WUI4			
A0A1L9WUI4			
A0A1L9WUM2	GO:0006508	proteolysis	https://www.ebi.ac.uk/QuickGO/term/GO:0006508
A0A1L9WUX8			
A0A1L9WUX8			
A0A1P7Y0A2	GO:0045338	farnesyl diphosphate metabolic process	https://www.ebi.ac.uk/QuickGO/term/GO:0045338
A0A1P7Y0A2	GO:0008299	isoprenoid biosynthetic process	https://www.ebi.ac.uk/QuickGO/term/GO:0008299
A0A1P7Y0A2	GO:0009753	response to jasmonic acid	https://www.ebi.ac.uk/QuickGO/term/GO:0009753
A0A1P7Y0C9	GO:0045338	farnesyl diphosphate metabolic process	https://www.ebi.ac.uk/QuickGO/term/GO:0045338
A0A1P7Y0C9	GO:0008299	isoprenoid biosynthetic process	https://www.ebi.ac.uk/QuickGO/term/GO:0008299
A0A1P7Y0C9	GO:0009753	response to jasmonic acid	https://www.ebi.ac.uk/QuickGO/term/GO:0009753
A0A1P7Y0C9	GO:0002238	response to molecule of fungal origin	https://www.ebi.ac.uk/QuickGO/term/GO:0002238
A0A1P7Y0D4	GO:0045338	farnesyl diphosphate metabolic process	https://www.ebi.ac.uk/QuickGO/term/GO:0045338
A0A1P7Y0D4	GO:0008299	isoprenoid biosynthetic process	https://www.ebi.ac.uk/QuickGO/term/GO:0008299
A0A1P7Y0D4	GO:0009753	response to jasmonic acid	https://www.ebi.ac.uk/QuickGO/term/GO:0009753
A0A1U8QGE6	GO:0016114	terpenoid biosynthetic process	https://www.ebi.ac.uk/QuickGO/term/GO:0016114
A0A1V0QSF8	GO:0016102	diterpenoid biosynthetic process	https://www.ebi.ac.uk/QuickGO/term/GO:0016102
A0A1V0QSG1	GO:0016102	diterpenoid biosynthetic process	https://www.ebi.ac.uk/QuickGO/term/GO:0016102
A0A1V0QSG9			
A0A1V0QSH1	GO:0016102	diterpenoid biosynthetic process	https://www.ebi.ac.uk/QuickGO/term/GO:0016102
A0A1V1FNM9	GO:0044550	secondary metabolite biosynthetic process	https://www.ebi.ac.uk/QuickGO/term/GO:0044550
A0A1V1FNM9	GO:0016114	terpenoid biosynthetic process	https://www.ebi.ac.uk/QuickGO/term/GO:0016114
A0A1V1FNZ5	GO:0016125	sterol metabolic process	https://www.ebi.ac.uk/QuickGO/term/GO:0016125
A0A1V1FNZ5	GO:0016114	terpenoid biosynthetic process	https://www.ebi.ac.uk/QuickGO/term/GO:0016114
A0A1V6NYL5	GO:0016114	terpenoid biosynthetic process	https://www.ebi.ac.uk/QuickGO/term/GO:0016114
A0A1W6QDI6	GO:0009686	gibberellin biosynthetic process	https://www.ebi.ac.uk/QuickGO/term/GO:0009686
A0A1W6QDI6	GO:1901946	miltiradiene biosynthetic process	https://www.ebi.ac.uk/QuickGO/term/GO:1901946
A0A1W6QDI6	GO:0016114	terpenoid biosynthetic process	https://www.ebi.ac.uk/QuickGO/term/GO:0016114
A0A1Y0BRF3	GO:0016114	terpenoid biosynthetic process	https://www.ebi.ac.uk/QuickGO/term/GO:0016114
A0A1Y0BRF4	GO:0016114	terpenoid biosynthetic process	https://www.ebi.ac.uk/QuickGO/term/GO:0016114
A0A1Y0BRF5	GO:0016114	terpenoid biosynthetic process	https://www.ebi.ac.uk/QuickGO/term/GO:0016114
A0A1Y0BRF7	GO:0140722	mycophenolic acid biosynthetic process	https://www.ebi.ac.uk/QuickGO/term/GO:0140722
A0A1Y0BRF7	GO:0016114	terpenoid biosynthetic process	https://www.ebi.ac.uk/QuickGO/term/GO:0016114
A0A1Y0BRF7	GO:0006744	ubiquinone biosynthetic process	https://www.ebi.ac.uk/QuickGO/term/GO:0006744
A0A1Y0BRF8	GO:0016114	terpenoid biosynthetic process	https://www.ebi.ac.uk/QuickGO/term/GO:0016114
A0A1Y0BRG0	GO:0032259	methylation	https://www.ebi.ac.uk/QuickGO/term/GO:0032259
A0A1Y0BRG0	GO:0016114	terpenoid biosynthetic process	https://www.ebi.ac.uk/QuickGO/term/GO:0016114
A0A1Y1C7S2	GO:0044550	secondary metabolite biosynthetic process	https://www.ebi.ac.uk/QuickGO/term/GO:0044550
A0A1Y1C7S2	GO:0016114	terpenoid biosynthetic process	https://www.ebi.ac.uk/QuickGO/term/GO:0016114
A0A284RNH4	GO:0008299	isoprenoid biosynthetic process	https://www.ebi.ac.uk/QuickGO/term/GO:0008299
A0A2B7YDW3	GO:0016104	triterpenoid biosynthetic process	https://www.ebi.ac.uk/QuickGO/term/GO:0016104
A0A2I1BSX0	GO:0140782	novofumigatonin biosynthetic process	https://www.ebi.ac.uk/QuickGO/term/GO:0140782
A0A2I1BT15	GO:0140782	novofumigatonin biosynthetic process	https://www.ebi.ac.uk/QuickGO/term/GO:0140782
A0A2I1BT56	GO:0140782	novofumigatonin biosynthetic process	https://www.ebi.ac.uk/QuickGO/term/GO:0140782
A0A2I6PIZ2			
A0A2I6PIZ8			
A0A2I6PIZ9			
A0A2I6PJ00			
A0A2I6PJ01			
A0A2I6PJ07			
A0A2I6PJ08			
A0A2I6PJ12			
A0A2I6PJ13	GO:0046165	alcohol biosynthetic process	https://www.ebi.ac.uk/QuickGO/term/GO:0046165
A0A2I6PJ13	GO:0008299	isoprenoid biosynthetic process	https://www.ebi.ac.uk/QuickGO/term/GO:0008299
A0A2I6PJ13	GO:0043386	mycotoxin biosynthetic process	https://www.ebi.ac.uk/QuickGO/term/GO:0043386
A0A2K9RFY0	GO:0009686	gibberellin biosynthetic process	https://www.ebi.ac.uk/QuickGO/term/GO:0009686
A0A2K9RFZ8	GO:0009686	gibberellin biosynthetic process	https://www.ebi.ac.uk/QuickGO/term/GO:0009686
A0A2K9RG07	GO:0009686	gibberellin biosynthetic process	https://www.ebi.ac.uk/QuickGO/term/GO:0009686
A0A2P1DP75	GO:0016114	terpenoid biosynthetic process	https://www.ebi.ac.uk/QuickGO/term/GO:0016114
A0A2P1DP77	GO:0016114	terpenoid biosynthetic process	https://www.ebi.ac.uk/QuickGO/term/GO:0016114
A0A2P1DP87	GO:0140722	mycophenolic acid biosynthetic process	https://www.ebi.ac.uk/QuickGO/term/GO:0140722
A0A2P1DP87	GO:0016114	terpenoid biosynthetic process	https://www.ebi.ac.uk/QuickGO/term/GO:0016114
A0A2P1DP89	GO:0006351	DNA-templated transcription	https://www.ebi.ac.uk/QuickGO/term/GO:0006351
A0A2P1DP90	GO:0019748	secondary metabolic process	https://www.ebi.ac.uk/QuickGO/term/GO:0019748
A0A2P1DP90	GO:0016114	terpenoid biosynthetic process	https://www.ebi.ac.uk/QuickGO/term/GO:0016114
A0A2P1DP94	GO:0043386	mycotoxin biosynthetic process	https://www.ebi.ac.uk/QuickGO/term/GO:0043386
A0A2P1DP94	GO:0016114	terpenoid biosynthetic process	https://www.ebi.ac.uk/QuickGO/term/GO:0016114
A0A2P1DP98	GO:0016114	terpenoid biosynthetic process	https://www.ebi.ac.uk/QuickGO/term/GO:0016114
A0A2P1DPA5	GO:0043386	mycotoxin biosynthetic process	https://www.ebi.ac.uk/QuickGO/term/GO:0043386
A0A2P1DPA5	GO:0016114	terpenoid biosynthetic process	https://www.ebi.ac.uk/QuickGO/term/GO:0016114
A0A2U8U2K8			
A0A2U8U2L3	GO:0044283	small molecule biosynthetic process	https://www.ebi.ac.uk/QuickGO/term/GO:0044283
A0A2U8U2L3	GO:0016114	terpenoid biosynthetic process	https://www.ebi.ac.uk/QuickGO/term/GO:0016114
A0A2U8U2L4	GO:0016114	terpenoid biosynthetic process	https://www.ebi.ac.uk/QuickGO/term/GO:0016114
A0A2U8U2L5	GO:0016114	terpenoid biosynthetic process	https://www.ebi.ac.uk/QuickGO/term/GO:0016114
A0A2U8U2M1	GO:0016114	terpenoid biosynthetic process	https://www.ebi.ac.uk/QuickGO/term/GO:0016114
A0A2U8U2M8	GO:0016114	terpenoid biosynthetic process	https://www.ebi.ac.uk/QuickGO/term/GO:0016114
A0A2Z4HPY0	GO:0016114	terpenoid biosynthetic process	https://www.ebi.ac.uk/QuickGO/term/GO:0016114
A0A2Z4HPZ0	GO:0016114	terpenoid biosynthetic process	https://www.ebi.ac.uk/QuickGO/term/GO:0016114
A0A2Z4HPZ5	GO:0016114	terpenoid biosynthetic process	https://www.ebi.ac.uk/QuickGO/term/GO:0016114
A0A2Z4HPZ6	GO:0016114	terpenoid biosynthetic process	https://www.ebi.ac.uk/QuickGO/term/GO:0016114
A0A2Z4HPZ7	GO:0016114	terpenoid biosynthetic process	https://www.ebi.ac.uk/QuickGO/term/GO:0016114
A0A2Z4HPZ7	GO:0009403	toxin biosynthetic process	https://www.ebi.ac.uk/QuickGO/term/GO:0009403
A0A2Z6E8J2			
A0A2Z6E914			
A0A2Z6E9B9	GO:0046165	alcohol biosynthetic process	https://www.ebi.ac.uk/QuickGO/term/GO:0046165
A0A2Z6E9B9	GO:0009820	alkaloid metabolic process	https://www.ebi.ac.uk/QuickGO/term/GO:0009820
A0A2Z6E9B9	GO:0008299	isoprenoid biosynthetic process	https://www.ebi.ac.uk/QuickGO/term/GO:0008299
A0A2Z6E9B9	GO:0043386	mycotoxin biosynthetic process	https://www.ebi.ac.uk/QuickGO/term/GO:0043386
A0A2Z6E9C0			
A0A2Z6FZ19	GO:0016114	terpenoid biosynthetic process	https://www.ebi.ac.uk/QuickGO/term/GO:0016114
A0A2Z6FZ20	GO:0016114	terpenoid biosynthetic process	https://www.ebi.ac.uk/QuickGO/term/GO:0016114
A0A2Z6FZX4	GO:0016114	terpenoid biosynthetic process	https://www.ebi.ac.uk/QuickGO/term/GO:0016114
A0A345BJQ0	GO:0006696	ergosterol biosynthetic process	https://www.ebi.ac.uk/QuickGO/term/GO:0006696
A0A345BJQ0	GO:0045338	farnesyl diphosphate metabolic process	https://www.ebi.ac.uk/QuickGO/term/GO:0045338
A0A345BJQ0	GO:0008299	isoprenoid biosynthetic process	https://www.ebi.ac.uk/QuickGO/term/GO:0008299
A0A348AUV5	GO:0016102	diterpenoid biosynthetic process	https://www.ebi.ac.uk/QuickGO/term/GO:0016102
A0A348AUV5	GO:0016106	sesquiterpenoid biosynthetic process	https://www.ebi.ac.uk/QuickGO/term/GO:0016106
A0A348AUV6	GO:0016102	diterpenoid biosynthetic process	https://www.ebi.ac.uk/QuickGO/term/GO:0016102
A0A348AUV6	GO:0016106	sesquiterpenoid biosynthetic process	https://www.ebi.ac.uk/QuickGO/term/GO:0016106
A0A348AUV7	GO:0016102	diterpenoid biosynthetic process	https://www.ebi.ac.uk/QuickGO/term/GO:0016102
A0A348AUV7	GO:0016106	sesquiterpenoid biosynthetic process	https://www.ebi.ac.uk/QuickGO/term/GO:0016106
A0A348AUV9	GO:0016102	diterpenoid biosynthetic process	https://www.ebi.ac.uk/QuickGO/term/GO:0016102
A0A348AUV9	GO:0016106	sesquiterpenoid biosynthetic process	https://www.ebi.ac.uk/QuickGO/term/GO:0016106
A0A348AUW0	GO:0016102	diterpenoid biosynthetic process	https://www.ebi.ac.uk/QuickGO/term/GO:0016102
A0A348AUW0	GO:0016106	sesquiterpenoid biosynthetic process	https://www.ebi.ac.uk/QuickGO/term/GO:0016106
A0A348AUW1	GO:0016102	diterpenoid biosynthetic process	https://www.ebi.ac.uk/QuickGO/term/GO:0016102
A0A348AUW1	GO:0016106	sesquiterpenoid biosynthetic process	https://www.ebi.ac.uk/QuickGO/term/GO:0016106
A0A348B781	GO:0008299	isoprenoid biosynthetic process	https://www.ebi.ac.uk/QuickGO/term/GO:0008299
A0A348B782	GO:0008299	isoprenoid biosynthetic process	https://www.ebi.ac.uk/QuickGO/term/GO:0008299
A0A348B784	GO:0008299	isoprenoid biosynthetic process	https://www.ebi.ac.uk/QuickGO/term/GO:0008299
A0A348B785	GO:0008299	isoprenoid biosynthetic process	https://www.ebi.ac.uk/QuickGO/term/GO:0008299
A0A348B788	GO:0008299	isoprenoid biosynthetic process	https://www.ebi.ac.uk/QuickGO/term/GO:0008299
A0A348B790	GO:0008299	isoprenoid biosynthetic process	https://www.ebi.ac.uk/QuickGO/term/GO:0008299
A0A385AJN0			
A0A385AJN0			
A0A385AJN0			
A0A3G1DJL2	GO:0006696	ergosterol biosynthetic process	https://www.ebi.ac.uk/QuickGO/term/GO:0006696
A0A3G1DJL2	GO:0045338	farnesyl diphosphate metabolic process	https://www.ebi.ac.uk/QuickGO/term/GO:0045338
A0A3G1DJL2	GO:0008299	isoprenoid biosynthetic process	https://www.ebi.ac.uk/QuickGO/term/GO:0008299
A0A3G1QTT3	GO:0009686	gibberellin biosynthetic process	https://www.ebi.ac.uk/QuickGO/term/GO:0009686
A0A3G1QTT3	GO:0042214	terpene metabolic process	https://www.ebi.ac.uk/QuickGO/term/GO:0042214
A0A3G9GNJ4	GO:0016114	terpenoid biosynthetic process	https://www.ebi.ac.uk/QuickGO/term/GO:0016114
A0A3G9GR23	GO:0016114	terpenoid biosynthetic process	https://www.ebi.ac.uk/QuickGO/term/GO:0016114
A0A3G9GUR6	GO:0016114	terpenoid biosynthetic process	https://www.ebi.ac.uk/QuickGO/term/GO:0016114
A0A3G9GX61	GO:0016114	terpenoid biosynthetic process	https://www.ebi.ac.uk/QuickGO/term/GO:0016114
A0A3G9H185	GO:0016114	terpenoid biosynthetic process	https://www.ebi.ac.uk/QuickGO/term/GO:0016114
A0A3G9H8P0	GO:0016114	terpenoid biosynthetic process	https://www.ebi.ac.uk/QuickGO/term/GO:0016114
A0A3G9HAL8	GO:0016114	terpenoid biosynthetic process	https://www.ebi.ac.uk/QuickGO/term/GO:0016114
A0A3L6G998	GO:0006952	defense response	https://www.ebi.ac.uk/QuickGO/term/GO:0006952
A0A3L6G998	GO:0016102	diterpenoid biosynthetic process	https://www.ebi.ac.uk/QuickGO/term/GO:0016102
A0A3L6G998	GO:0046246	terpene biosynthetic process	https://www.ebi.ac.uk/QuickGO/term/GO:0046246
A0A3T0ZHJ0	GO:0006633	fatty acid biosynthetic process	https://www.ebi.ac.uk/QuickGO/term/GO:0006633
A0A3T0ZHJ0	GO:0044550	secondary metabolite biosynthetic process	https://www.ebi.ac.uk/QuickGO/term/GO:0044550
A0A3T0ZHK6	GO:0019748	secondary metabolic process	https://www.ebi.ac.uk/QuickGO/term/GO:0019748
A0A3T0ZHK9	GO:0019748	secondary metabolic process	https://www.ebi.ac.uk/QuickGO/term/GO:0019748
A0A3T0ZHL2			
A0A3T0ZHL4	GO:0016114	terpenoid biosynthetic process	https://www.ebi.ac.uk/QuickGO/term/GO:0016114
A0A455LLV4	GO:0016114	terpenoid biosynthetic process	https://www.ebi.ac.uk/QuickGO/term/GO:0016114
A0A455LLV8	GO:0016114	terpenoid biosynthetic process	https://www.ebi.ac.uk/QuickGO/term/GO:0016114
A0A455LLW0	GO:0016114	terpenoid biosynthetic process	https://www.ebi.ac.uk/QuickGO/term/GO:0016114
A0A455LLW7	GO:0016114	terpenoid biosynthetic process	https://www.ebi.ac.uk/QuickGO/term/GO:0016114
A0A455LLW9	GO:0016114	terpenoid biosynthetic process	https://www.ebi.ac.uk/QuickGO/term/GO:0016114
A0A455LLX1	GO:0006633	fatty acid biosynthetic process	https://www.ebi.ac.uk/QuickGO/term/GO:0006633
A0A455LLX1	GO:0032259	methylation	https://www.ebi.ac.uk/QuickGO/term/GO:0032259
A0A455LLX1	GO:0044550	secondary metabolite biosynthetic process	https://www.ebi.ac.uk/QuickGO/term/GO:0044550
A0A455LLX1	GO:0016114	terpenoid biosynthetic process	https://www.ebi.ac.uk/QuickGO/term/GO:0016114
A0A455LLX2	GO:0016114	terpenoid biosynthetic process	https://www.ebi.ac.uk/QuickGO/term/GO:0016114
A0A455LLX4	GO:0016114	terpenoid biosynthetic process	https://www.ebi.ac.uk/QuickGO/term/GO:0016114
A0A455LM21	GO:0016114	terpenoid biosynthetic process	https://www.ebi.ac.uk/QuickGO/term/GO:0016114
A0A455LM26	GO:0016114	terpenoid biosynthetic process	https://www.ebi.ac.uk/QuickGO/term/GO:0016114
A0A455LM27	GO:0016114	terpenoid biosynthetic process	https://www.ebi.ac.uk/QuickGO/term/GO:0016114
A0A455LN84	GO:0016114	terpenoid biosynthetic process	https://www.ebi.ac.uk/QuickGO/term/GO:0016114
A0A455LN86	GO:0006696	ergosterol biosynthetic process	https://www.ebi.ac.uk/QuickGO/term/GO:0006696
A0A455LN86	GO:0016104	triterpenoid biosynthetic process	https://www.ebi.ac.uk/QuickGO/term/GO:0016104
A0A455LRW3	GO:0006696	ergosterol biosynthetic process	https://www.ebi.ac.uk/QuickGO/term/GO:0006696
A0A455LRW3	GO:0016104	triterpenoid biosynthetic process	https://www.ebi.ac.uk/QuickGO/term/GO:0016104
A0A455LRX2	GO:0016114	terpenoid biosynthetic process	https://www.ebi.ac.uk/QuickGO/term/GO:0016114
A0A455LXK0	GO:0006633	fatty acid biosynthetic process	https://www.ebi.ac.uk/QuickGO/term/GO:0006633
A0A455LXK0	GO:0044550	secondary metabolite biosynthetic process	https://www.ebi.ac.uk/QuickGO/term/GO:0044550
A0A455LXK0	GO:0016114	terpenoid biosynthetic process	https://www.ebi.ac.uk/QuickGO/term/GO:0016114
A0A455M2Y3	GO:0006633	fatty acid biosynthetic process	https://www.ebi.ac.uk/QuickGO/term/GO:0006633
A0A455M2Y3	GO:0032259	methylation	https://www.ebi.ac.uk/QuickGO/term/GO:0032259
A0A455M2Y3	GO:0044550	secondary metabolite biosynthetic process	https://www.ebi.ac.uk/QuickGO/term/GO:0044550
A0A455M2Y3	GO:0016114	terpenoid biosynthetic process	https://www.ebi.ac.uk/QuickGO/term/GO:0016114
A0A455M7R7	GO:0016114	terpenoid biosynthetic process	https://www.ebi.ac.uk/QuickGO/term/GO:0016114
A0A455R413	GO:0016114	terpenoid biosynthetic process	https://www.ebi.ac.uk/QuickGO/term/GO:0016114
A0A455R413	GO:0006744	ubiquinone biosynthetic process	https://www.ebi.ac.uk/QuickGO/term/GO:0006744
A0A455R5K2	GO:0016114	terpenoid biosynthetic process	https://www.ebi.ac.uk/QuickGO/term/GO:0016114
A0A455R7E6	GO:0016114	terpenoid biosynthetic process	https://www.ebi.ac.uk/QuickGO/term/GO:0016114
A0A455R7M0	GO:0044550	secondary metabolite biosynthetic process	https://www.ebi.ac.uk/QuickGO/term/GO:0044550
A0A455R7M0	GO:0016114	terpenoid biosynthetic process	https://www.ebi.ac.uk/QuickGO/term/GO:0016114
A0A455RAK9	GO:0016114	terpenoid biosynthetic process	https://www.ebi.ac.uk/QuickGO/term/GO:0016114
A0A484FVL2	GO:0016114	terpenoid biosynthetic process	https://www.ebi.ac.uk/QuickGO/term/GO:0016114
A0A484FXR4	GO:0016114	terpenoid biosynthetic process	https://www.ebi.ac.uk/QuickGO/term/GO:0016114
A0A4D6IA24			
A0A4P8GEA3	GO:0016114	terpenoid biosynthetic process	https://www.ebi.ac.uk/QuickGO/term/GO:0016114
A0A4P8GEB4	GO:0016114	terpenoid biosynthetic process	https://www.ebi.ac.uk/QuickGO/term/GO:0016114
A0A4P8GEE8	GO:0016114	terpenoid biosynthetic process	https://www.ebi.ac.uk/QuickGO/term/GO:0016114
A0A4P8GF19	GO:0016114	terpenoid biosynthetic process	https://www.ebi.ac.uk/QuickGO/term/GO:0016114
A0A4P8GFV8	GO:0016114	terpenoid biosynthetic process	https://www.ebi.ac.uk/QuickGO/term/GO:0016114
A0A4P8GG75	GO:0016114	terpenoid biosynthetic process	https://www.ebi.ac.uk/QuickGO/term/GO:0016114
A0A4S8MAF3	GO:0008299	isoprenoid biosynthetic process	https://www.ebi.ac.uk/QuickGO/term/GO:0008299
A0A4Y5L9K3	GO:0016102	diterpenoid biosynthetic process	https://www.ebi.ac.uk/QuickGO/term/GO:0016102
A0A4Y5QVX6	GO:0016102	diterpenoid biosynthetic process	https://www.ebi.ac.uk/QuickGO/term/GO:0016102
A0A4Y5QWA6	GO:0016102	diterpenoid biosynthetic process	https://www.ebi.ac.uk/QuickGO/term/GO:0016102
A0A4Y5QWK5	GO:0016102	diterpenoid biosynthetic process	https://www.ebi.ac.uk/QuickGO/term/GO:0016102
A0A516F405	GO:0008299	isoprenoid biosynthetic process	https://www.ebi.ac.uk/QuickGO/term/GO:0008299
A0A5B8NBE6	GO:0016104	triterpenoid biosynthetic process	https://www.ebi.ac.uk/QuickGO/term/GO:0016104
A0A5B8NBN0	GO:0016104	triterpenoid biosynthetic process	https://www.ebi.ac.uk/QuickGO/term/GO:0016104
A0A5P8DHZ6	GO:0009686	gibberellin biosynthetic process	https://www.ebi.ac.uk/QuickGO/term/GO:0009686
A0A5P8DHZ6	GO:1901946	miltiradiene biosynthetic process	https://www.ebi.ac.uk/QuickGO/term/GO:1901946
A0A5P8DHZ6	GO:0016114	terpenoid biosynthetic process	https://www.ebi.ac.uk/QuickGO/term/GO:0016114
A0A5P8DI06	GO:0009686	gibberellin biosynthetic process	https://www.ebi.ac.uk/QuickGO/term/GO:0009686
A0A5P8DI06	GO:1901946	miltiradiene biosynthetic process	https://www.ebi.ac.uk/QuickGO/term/GO:1901946
A0A5P8DI06	GO:0016114	terpenoid biosynthetic process	https://www.ebi.ac.uk/QuickGO/term/GO:0016114
A0A5P8DI07	GO:0009686	gibberellin biosynthetic process	https://www.ebi.ac.uk/QuickGO/term/GO:0009686
A0A5P8DI07	GO:1901946	miltiradiene biosynthetic process	https://www.ebi.ac.uk/QuickGO/term/GO:1901946
A0A5P8DI07	GO:0016114	terpenoid biosynthetic process	https://www.ebi.ac.uk/QuickGO/term/GO:0016114
A0A5P8DI15	GO:0009686	gibberellin biosynthetic process	https://www.ebi.ac.uk/QuickGO/term/GO:0009686
A0A5P8DI15	GO:1901946	miltiradiene biosynthetic process	https://www.ebi.ac.uk/QuickGO/term/GO:1901946
A0A5P8DI15	GO:0016114	terpenoid biosynthetic process	https://www.ebi.ac.uk/QuickGO/term/GO:0016114
A0A5Q0QMX0	GO:0008299	isoprenoid biosynthetic process	https://www.ebi.ac.uk/QuickGO/term/GO:0008299
A0A5Q0QMX1	GO:0008299	isoprenoid biosynthetic process	https://www.ebi.ac.uk/QuickGO/term/GO:0008299
A0A5Q0QN66	GO:0008299	isoprenoid biosynthetic process	https://www.ebi.ac.uk/QuickGO/term/GO:0008299
A0A5Q0QNH9	GO:0008299	isoprenoid biosynthetic process	https://www.ebi.ac.uk/QuickGO/term/GO:0008299
A0A5Q0QNJ2	GO:0008299	isoprenoid biosynthetic process	https://www.ebi.ac.uk/QuickGO/term/GO:0008299
A0A5Q0QSI8	GO:0008299	isoprenoid biosynthetic process	https://www.ebi.ac.uk/QuickGO/term/GO:0008299
A0A6S6QR11	GO:0016102	diterpenoid biosynthetic process	https://www.ebi.ac.uk/QuickGO/term/GO:0016102
A0A7D0AGU9	GO:0008299	isoprenoid biosynthetic process	https://www.ebi.ac.uk/QuickGO/term/GO:0008299
A0A7D0AGU9	GO:0042811	pheromone biosynthetic process	https://www.ebi.ac.uk/QuickGO/term/GO:0042811
A0A7G5KLV2	GO:0016102	diterpenoid biosynthetic process	https://www.ebi.ac.uk/QuickGO/term/GO:0016102
A0A7G5KLV3	GO:0016102	diterpenoid biosynthetic process	https://www.ebi.ac.uk/QuickGO/term/GO:0016102
A0A7J6EK66	GO:0015995	chlorophyll biosynthetic process	https://www.ebi.ac.uk/QuickGO/term/GO:0015995
A0A7J6EK66	GO:0019288	isopentenyl diphosphate biosynthetic process, methylerythritol 4-phosphate pathway	https://www.ebi.ac.uk/QuickGO/term/GO:0019288
A0A7J6EK66	GO:0016114	terpenoid biosynthetic process	https://www.ebi.ac.uk/QuickGO/term/GO:0016114
A0A7J6EK66	GO:0009228	thiamine biosynthetic process	https://www.ebi.ac.uk/QuickGO/term/GO:0009228
A0A7J6G7L9	GO:0051484	isopentenyl diphosphate biosynthetic process, methylerythritol 4-phosphate pathway involved in terpenoid biosynthetic process	https://www.ebi.ac.uk/QuickGO/term/GO:0051484
A0A7J6H013	GO:0015936	coenzyme A metabolic process	https://www.ebi.ac.uk/QuickGO/term/GO:0015936
A0A7J6H013	GO:0008299	isoprenoid biosynthetic process	https://www.ebi.ac.uk/QuickGO/term/GO:0008299
A0A7J6H013	GO:0016126	sterol biosynthetic process	https://www.ebi.ac.uk/QuickGO/term/GO:0016126
A0A7J6HK32	GO:0016102	diterpenoid biosynthetic process	https://www.ebi.ac.uk/QuickGO/term/GO:0016102
A0A803NI27	GO:0015936	coenzyme A metabolic process	https://www.ebi.ac.uk/QuickGO/term/GO:0015936
A0A803NI27	GO:0008299	isoprenoid biosynthetic process	https://www.ebi.ac.uk/QuickGO/term/GO:0008299
A0A803NI27	GO:0016126	sterol biosynthetic process	https://www.ebi.ac.uk/QuickGO/term/GO:0016126
A0A803PDZ0	GO:0019288	isopentenyl diphosphate biosynthetic process, methylerythritol 4-phosphate pathway	https://www.ebi.ac.uk/QuickGO/term/GO:0019288
A0A803PDZ0	GO:0016114	terpenoid biosynthetic process	https://www.ebi.ac.uk/QuickGO/term/GO:0016114
A0A803PDZ0	GO:0009228	thiamine biosynthetic process	https://www.ebi.ac.uk/QuickGO/term/GO:0009228
A0A858E4Y6	GO:0008299	isoprenoid biosynthetic process	https://www.ebi.ac.uk/QuickGO/term/GO:0008299
A0A858E7J4	GO:0008299	isoprenoid biosynthetic process	https://www.ebi.ac.uk/QuickGO/term/GO:0008299
A0A858E899	GO:0008299	isoprenoid biosynthetic process	https://www.ebi.ac.uk/QuickGO/term/GO:0008299
A0A858EAD5	GO:0008299	isoprenoid biosynthetic process	https://www.ebi.ac.uk/QuickGO/term/GO:0008299
A0A8D5M3V0			
A0A8D5M692	GO:0006633	fatty acid biosynthetic process	https://www.ebi.ac.uk/QuickGO/term/GO:0006633
A0A8D5M692	GO:0032259	methylation	https://www.ebi.ac.uk/QuickGO/term/GO:0032259
A0A8D5M692	GO:0044550	secondary metabolite biosynthetic process	https://www.ebi.ac.uk/QuickGO/term/GO:0044550
A0A8D5M6H6			
A0A8D5M7V9	GO:0140722	mycophenolic acid biosynthetic process	https://www.ebi.ac.uk/QuickGO/term/GO:0140722
A0A8D5M7V9	GO:0016114	terpenoid biosynthetic process	https://www.ebi.ac.uk/QuickGO/term/GO:0016114
A0A8D5M8I1	GO:0043386	mycotoxin biosynthetic process	https://www.ebi.ac.uk/QuickGO/term/GO:0043386
A0A8D5RWG4	GO:0043386	mycotoxin biosynthetic process	https://www.ebi.ac.uk/QuickGO/term/GO:0043386
A0A8D5RY40	GO:0043386	mycotoxin biosynthetic process	https://www.ebi.ac.uk/QuickGO/term/GO:0043386
A0A8D5RZ52			
A0A8H5Z7W4			
A0A8H7XMX0	GO:0008299	isoprenoid biosynthetic process	https://www.ebi.ac.uk/QuickGO/term/GO:0008299
A0A8K1AW51	GO:0016114	terpenoid biosynthetic process	https://www.ebi.ac.uk/QuickGO/term/GO:0016114
A0A8K1AW54	GO:0016114	terpenoid biosynthetic process	https://www.ebi.ac.uk/QuickGO/term/GO:0016114
A0A8K1AWG4	GO:0016114	terpenoid biosynthetic process	https://www.ebi.ac.uk/QuickGO/term/GO:0016114
A0SJQ5	GO:0006696	ergosterol biosynthetic process	https://www.ebi.ac.uk/QuickGO/term/GO:0006696
A0SJQ5	GO:0045338	farnesyl diphosphate metabolic process	https://www.ebi.ac.uk/QuickGO/term/GO:0045338
A1C8C2	GO:0016114	terpenoid biosynthetic process	https://www.ebi.ac.uk/QuickGO/term/GO:0016114
A1C8C5	GO:0016114	terpenoid biosynthetic process	https://www.ebi.ac.uk/QuickGO/term/GO:0016114
A4D9R2	GO:0019748	secondary metabolic process	https://www.ebi.ac.uk/QuickGO/term/GO:0019748
A4D9R2	GO:0016114	terpenoid biosynthetic process	https://www.ebi.ac.uk/QuickGO/term/GO:0016114
A4D9R3	GO:0019748	secondary metabolic process	https://www.ebi.ac.uk/QuickGO/term/GO:0019748
A4D9R3	GO:0016114	terpenoid biosynthetic process	https://www.ebi.ac.uk/QuickGO/term/GO:0016114
A7NH01	GO:0016114	terpenoid biosynthetic process	https://www.ebi.ac.uk/QuickGO/term/GO:0016114
A8C980	GO:0016104	triterpenoid biosynthetic process	https://www.ebi.ac.uk/QuickGO/term/GO:0016104
A8C981	GO:0016104	triterpenoid biosynthetic process	https://www.ebi.ac.uk/QuickGO/term/GO:0016104
A8CDT2	GO:0016104	triterpenoid biosynthetic process	https://www.ebi.ac.uk/QuickGO/term/GO:0016104
A8CDT3	GO:0016104	triterpenoid biosynthetic process	https://www.ebi.ac.uk/QuickGO/term/GO:0016104
A9AWD5	GO:0016102	diterpenoid biosynthetic process	https://www.ebi.ac.uk/QuickGO/term/GO:0016102
A9FZ87	GO:0016114	terpenoid biosynthetic process	https://www.ebi.ac.uk/QuickGO/term/GO:0016114
A9JPE0	GO:0019748	secondary metabolic process	https://www.ebi.ac.uk/QuickGO/term/GO:0019748
A9JPE1	GO:0009820	alkaloid metabolic process	https://www.ebi.ac.uk/QuickGO/term/GO:0009820
A9JPE2	GO:0019748	secondary metabolic process	https://www.ebi.ac.uk/QuickGO/term/GO:0019748
B0Y565	GO:0016104	triterpenoid biosynthetic process	https://www.ebi.ac.uk/QuickGO/term/GO:0016104
B1B1U3	GO:0016102	diterpenoid biosynthetic process	https://www.ebi.ac.uk/QuickGO/term/GO:0016102
B2DBF0	GO:0016102	diterpenoid biosynthetic process	https://www.ebi.ac.uk/QuickGO/term/GO:0016102
B2DBF1	GO:0016102	diterpenoid biosynthetic process	https://www.ebi.ac.uk/QuickGO/term/GO:0016102
B2J4A4	GO:0051762	sesquiterpene biosynthetic process	https://www.ebi.ac.uk/QuickGO/term/GO:0051762
B5A434	GO:0016102	diterpenoid biosynthetic process	https://www.ebi.ac.uk/QuickGO/term/GO:0016102
B5A434	GO:0033383	geranyl diphosphate metabolic process	https://www.ebi.ac.uk/QuickGO/term/GO:0033383
B5A435	GO:0016102	diterpenoid biosynthetic process	https://www.ebi.ac.uk/QuickGO/term/GO:0016102
B5A435	GO:0033383	geranyl diphosphate metabolic process	https://www.ebi.ac.uk/QuickGO/term/GO:0033383
B5GW45	GO:0016114	terpenoid biosynthetic process	https://www.ebi.ac.uk/QuickGO/term/GO:0016114
B5H7H3	GO:0016114	terpenoid biosynthetic process	https://www.ebi.ac.uk/QuickGO/term/GO:0016114
B6EXY6	GO:0016104	triterpenoid biosynthetic process	https://www.ebi.ac.uk/QuickGO/term/GO:0016104
B6H063	GO:0008299	isoprenoid biosynthetic process	https://www.ebi.ac.uk/QuickGO/term/GO:0008299
B6HFX9	GO:0140879	conidiogenone biosynthetic process	https://www.ebi.ac.uk/QuickGO/term/GO:0140879
B6HUQ4	GO:0043386	mycotoxin biosynthetic process	https://www.ebi.ac.uk/QuickGO/term/GO:0043386
B6HUQ4	GO:0016114	terpenoid biosynthetic process	https://www.ebi.ac.uk/QuickGO/term/GO:0016114
B6HV34	GO:0016114	terpenoid biosynthetic process	https://www.ebi.ac.uk/QuickGO/term/GO:0016114
B6HV35	GO:0140722	mycophenolic acid biosynthetic process	https://www.ebi.ac.uk/QuickGO/term/GO:0140722
B6HV35	GO:0016114	terpenoid biosynthetic process	https://www.ebi.ac.uk/QuickGO/term/GO:0016114
B6HV35	GO:0006744	ubiquinone biosynthetic process	https://www.ebi.ac.uk/QuickGO/term/GO:0006744
B6HV36	GO:0016114	terpenoid biosynthetic process	https://www.ebi.ac.uk/QuickGO/term/GO:0016114
B6HV37	GO:0016114	terpenoid biosynthetic process	https://www.ebi.ac.uk/QuickGO/term/GO:0016114
B6HV38	GO:0016114	terpenoid biosynthetic process	https://www.ebi.ac.uk/QuickGO/term/GO:0016114
B6HV39	GO:0032259	methylation	https://www.ebi.ac.uk/QuickGO/term/GO:0032259
B6HV39	GO:0016114	terpenoid biosynthetic process	https://www.ebi.ac.uk/QuickGO/term/GO:0016114
B6SCF3	GO:0016102	diterpenoid biosynthetic process	https://www.ebi.ac.uk/QuickGO/term/GO:0016102
B6SCF4	GO:0016102	diterpenoid biosynthetic process	https://www.ebi.ac.uk/QuickGO/term/GO:0016102
B6SCF5	GO:0016102	diterpenoid biosynthetic process	https://www.ebi.ac.uk/QuickGO/term/GO:0016102
B6SCF6	GO:0016102	diterpenoid biosynthetic process	https://www.ebi.ac.uk/QuickGO/term/GO:0016102
B8NHD7	GO:0016114	terpenoid biosynthetic process	https://www.ebi.ac.uk/QuickGO/term/GO:0016114
B8NHD8	GO:0016114	terpenoid biosynthetic process	https://www.ebi.ac.uk/QuickGO/term/GO:0016114
B8NHD9	GO:0016114	terpenoid biosynthetic process	https://www.ebi.ac.uk/QuickGO/term/GO:0016114
B8NHE0	GO:0016106	sesquiterpenoid biosynthetic process	https://www.ebi.ac.uk/QuickGO/term/GO:0016106
B8NHE1	GO:0016114	terpenoid biosynthetic process	https://www.ebi.ac.uk/QuickGO/term/GO:0016114
B8NHE2	GO:0033387	putrescine biosynthetic process from arginine, via ornithine	https://www.ebi.ac.uk/QuickGO/term/GO:0033387
B8NHE2	GO:0016114	terpenoid biosynthetic process	https://www.ebi.ac.uk/QuickGO/term/GO:0016114
B8NHE3	GO:0032259	methylation	https://www.ebi.ac.uk/QuickGO/term/GO:0032259
B8NHE3	GO:0016114	terpenoid biosynthetic process	https://www.ebi.ac.uk/QuickGO/term/GO:0016114
B8NHE4	GO:0043041	amino acid activation for nonribosomal peptide biosynthetic process	https://www.ebi.ac.uk/QuickGO/term/GO:0043041
B8NHE4	GO:0044550	secondary metabolite biosynthetic process	https://www.ebi.ac.uk/QuickGO/term/GO:0044550
B8NHE4	GO:0016114	terpenoid biosynthetic process	https://www.ebi.ac.uk/QuickGO/term/GO:0016114
B9SBU9	GO:0016102	diterpenoid biosynthetic process	https://www.ebi.ac.uk/QuickGO/term/GO:0016102
B9SBU9	GO:1900674	olefin biosynthetic process	https://www.ebi.ac.uk/QuickGO/term/GO:1900674
B9SBU9	GO:0051762	sesquiterpene biosynthetic process	https://www.ebi.ac.uk/QuickGO/term/GO:0051762
B9T536	GO:0016102	diterpenoid biosynthetic process	https://www.ebi.ac.uk/QuickGO/term/GO:0016102
B9T536	GO:0051762	sesquiterpene biosynthetic process	https://www.ebi.ac.uk/QuickGO/term/GO:0051762
B9T536	GO:0046246	terpene biosynthetic process	https://www.ebi.ac.uk/QuickGO/term/GO:0046246
B9T625	GO:0009686	gibberellin biosynthetic process	https://www.ebi.ac.uk/QuickGO/term/GO:0009686
B9X0J1	GO:0016104	triterpenoid biosynthetic process	https://www.ebi.ac.uk/QuickGO/term/GO:0016104
C1K5M3	GO:0009686	gibberellin biosynthetic process	https://www.ebi.ac.uk/QuickGO/term/GO:0009686
C1K5M3	GO:0009395	phospholipid catabolic process	https://www.ebi.ac.uk/QuickGO/term/GO:0009395
C1K5M3	GO:0016115	terpenoid catabolic process	https://www.ebi.ac.uk/QuickGO/term/GO:0016115
C7ASI9	GO:0016102	diterpenoid biosynthetic process	https://www.ebi.ac.uk/QuickGO/term/GO:0016102
C7ASI9	GO:0043693	monoterpene biosynthetic process	https://www.ebi.ac.uk/QuickGO/term/GO:0043693
C7E5V7	GO:0006952	defense response	https://www.ebi.ac.uk/QuickGO/term/GO:0006952
C7E5V7	GO:0016102	diterpenoid biosynthetic process	https://www.ebi.ac.uk/QuickGO/term/GO:0016102
C7E5V8	GO:0006952	defense response	https://www.ebi.ac.uk/QuickGO/term/GO:0006952
C7E5V8	GO:0016102	diterpenoid biosynthetic process	https://www.ebi.ac.uk/QuickGO/term/GO:0016102
C7E5V9	GO:0006952	defense response	https://www.ebi.ac.uk/QuickGO/term/GO:0006952
C7E5V9	GO:0016102	diterpenoid biosynthetic process	https://www.ebi.ac.uk/QuickGO/term/GO:0016102
C7E5W0	GO:0006952	defense response	https://www.ebi.ac.uk/QuickGO/term/GO:0006952
C7E5W0	GO:0016102	diterpenoid biosynthetic process	https://www.ebi.ac.uk/QuickGO/term/GO:0016102
C7PLV2	GO:0016114	terpenoid biosynthetic process	https://www.ebi.ac.uk/QuickGO/term/GO:0016114
C8VQ92	GO:1900560	austinol biosynthetic process	https://www.ebi.ac.uk/QuickGO/term/GO:1900560
C8VQ92	GO:1900563	dehydroaustinol biosynthetic process	https://www.ebi.ac.uk/QuickGO/term/GO:1900563
C8VQ92	GO:0016114	terpenoid biosynthetic process	https://www.ebi.ac.uk/QuickGO/term/GO:0016114
C8XPS0	GO:0009686	gibberellin biosynthetic process	https://www.ebi.ac.uk/QuickGO/term/GO:0009686
C8XPS0	GO:0042214	terpene metabolic process	https://www.ebi.ac.uk/QuickGO/term/GO:0042214
C9E894	GO:0045338	farnesyl diphosphate metabolic process	https://www.ebi.ac.uk/QuickGO/term/GO:0045338
C9E894	GO:0008299	isoprenoid biosynthetic process	https://www.ebi.ac.uk/QuickGO/term/GO:0008299
C9E894	GO:0009753	response to jasmonic acid	https://www.ebi.ac.uk/QuickGO/term/GO:0009753
C9K1X6			
C9K2Q2	GO:0032259	methylation	https://www.ebi.ac.uk/QuickGO/term/GO:0032259
D0VMR5	GO:0016102	diterpenoid biosynthetic process	https://www.ebi.ac.uk/QuickGO/term/GO:0016102
D0VMR5	GO:0009753	response to jasmonic acid	https://www.ebi.ac.uk/QuickGO/term/GO:0009753
D1MX85			
D1MX86			
D1MX87			
D1MX88			
D1MX89			
D2B747	GO:0016114	terpenoid biosynthetic process	https://www.ebi.ac.uk/QuickGO/term/GO:0016114
D2K762	GO:0045338	farnesyl diphosphate metabolic process	https://www.ebi.ac.uk/QuickGO/term/GO:0045338
D2K762	GO:0008299	isoprenoid biosynthetic process	https://www.ebi.ac.uk/QuickGO/term/GO:0008299
D2K762	GO:0009753	response to jasmonic acid	https://www.ebi.ac.uk/QuickGO/term/GO:0009753
D2YZP9	GO:0016102	diterpenoid biosynthetic process	https://www.ebi.ac.uk/QuickGO/term/GO:0016102
D3KYU2	GO:0042214	terpene metabolic process	https://www.ebi.ac.uk/QuickGO/term/GO:0042214
D3KYU3	GO:0032259	methylation	https://www.ebi.ac.uk/QuickGO/term/GO:0032259
D3KYU3	GO:0042214	terpene metabolic process	https://www.ebi.ac.uk/QuickGO/term/GO:0042214
D5SJ87	GO:0016102	diterpenoid biosynthetic process	https://www.ebi.ac.uk/QuickGO/term/GO:0016102
D5SK09			
D5SK09			
D5SK09			
D7NJ68	GO:0006696	ergosterol biosynthetic process	https://www.ebi.ac.uk/QuickGO/term/GO:0006696
D7NJ68	GO:0016104	triterpenoid biosynthetic process	https://www.ebi.ac.uk/QuickGO/term/GO:0016104
D7PHZ0	GO:0006545	glycine biosynthetic process	https://www.ebi.ac.uk/QuickGO/term/GO:0006545
D7PHZ0	GO:0006567	L-threonine catabolic process	https://www.ebi.ac.uk/QuickGO/term/GO:0006567
D7PHZ0	GO:0016114	terpenoid biosynthetic process	https://www.ebi.ac.uk/QuickGO/term/GO:0016114
D7PHZ0	GO:0140872	viridicatumtoxin biosynthetic process	https://www.ebi.ac.uk/QuickGO/term/GO:0140872
D7PHZ1	GO:0016114	terpenoid biosynthetic process	https://www.ebi.ac.uk/QuickGO/term/GO:0016114
D7PHZ1	GO:0140872	viridicatumtoxin biosynthetic process	https://www.ebi.ac.uk/QuickGO/term/GO:0140872
D7PHZ3	GO:0016114	terpenoid biosynthetic process	https://www.ebi.ac.uk/QuickGO/term/GO:0016114
D7PHZ3	GO:0140872	viridicatumtoxin biosynthetic process	https://www.ebi.ac.uk/QuickGO/term/GO:0140872
D7PHZ4	GO:0009820	alkaloid metabolic process	https://www.ebi.ac.uk/QuickGO/term/GO:0009820
D7PHZ4	GO:0016114	terpenoid biosynthetic process	https://www.ebi.ac.uk/QuickGO/term/GO:0016114
D7PHZ4	GO:0140872	viridicatumtoxin biosynthetic process	https://www.ebi.ac.uk/QuickGO/term/GO:0140872
D7PHZ7	GO:0032259	methylation	https://www.ebi.ac.uk/QuickGO/term/GO:0032259
D7PHZ7	GO:0016114	terpenoid biosynthetic process	https://www.ebi.ac.uk/QuickGO/term/GO:0016114
D7PHZ7	GO:0140872	viridicatumtoxin biosynthetic process	https://www.ebi.ac.uk/QuickGO/term/GO:0140872
D7PHZ8	GO:0016114	terpenoid biosynthetic process	https://www.ebi.ac.uk/QuickGO/term/GO:0016114
D7PHZ8	GO:0140872	viridicatumtoxin biosynthetic process	https://www.ebi.ac.uk/QuickGO/term/GO:0140872
D7PHZ9	GO:0016114	terpenoid biosynthetic process	https://www.ebi.ac.uk/QuickGO/term/GO:0016114
D7PHZ9	GO:0140872	viridicatumtoxin biosynthetic process	https://www.ebi.ac.uk/QuickGO/term/GO:0140872
D7UTD1			
D8RLD3	GO:0016114	terpenoid biosynthetic process	https://www.ebi.ac.uk/QuickGO/term/GO:0016114
D8RNZ9	GO:0016114	terpenoid biosynthetic process	https://www.ebi.ac.uk/QuickGO/term/GO:0016114
D9XD61	GO:0016114	terpenoid biosynthetic process	https://www.ebi.ac.uk/QuickGO/term/GO:0016114
D9XDR8	GO:0016114	terpenoid biosynthetic process	https://www.ebi.ac.uk/QuickGO/term/GO:0016114
E0D7H5			
E0D7H6			
E2E2N8	GO:0016102	diterpenoid biosynthetic process	https://www.ebi.ac.uk/QuickGO/term/GO:0016102
E2IUA6	GO:0016104	triterpenoid biosynthetic process	https://www.ebi.ac.uk/QuickGO/term/GO:0016104
E2IUA7	GO:0016104	triterpenoid biosynthetic process	https://www.ebi.ac.uk/QuickGO/term/GO:0016104
E2IUA8	GO:0016104	triterpenoid biosynthetic process	https://www.ebi.ac.uk/QuickGO/term/GO:0016104
E2IUA9	GO:0016104	triterpenoid biosynthetic process	https://www.ebi.ac.uk/QuickGO/term/GO:0016104
E2IUB0	GO:0006694	steroid biosynthetic process	https://www.ebi.ac.uk/QuickGO/term/GO:0006694
E2IUB0	GO:0016104	triterpenoid biosynthetic process	https://www.ebi.ac.uk/QuickGO/term/GO:0016104
E3UBL5	GO:0140873	paxilline biosynthetic process	https://www.ebi.ac.uk/QuickGO/term/GO:0140873
E3UBL6	GO:0140873	paxilline biosynthetic process	https://www.ebi.ac.uk/QuickGO/term/GO:0140873
E3VWJ0	GO:0017000	antibiotic biosynthetic process	https://www.ebi.ac.uk/QuickGO/term/GO:0017000
E3W202	GO:0016102	diterpenoid biosynthetic process	https://www.ebi.ac.uk/QuickGO/term/GO:0016102
E3W203	GO:0016102	diterpenoid biosynthetic process	https://www.ebi.ac.uk/QuickGO/term/GO:0016102
E3W204	GO:0016102	diterpenoid biosynthetic process	https://www.ebi.ac.uk/QuickGO/term/GO:0016102
E4N7E5	GO:0016114	terpenoid biosynthetic process	https://www.ebi.ac.uk/QuickGO/term/GO:0016114
E7DN63	GO:0016104	triterpenoid biosynthetic process	https://www.ebi.ac.uk/QuickGO/term/GO:0016104
E8W6C7	GO:0016114	terpenoid biosynthetic process	https://www.ebi.ac.uk/QuickGO/term/GO:0016114
E9E766	GO:0008299	isoprenoid biosynthetic process	https://www.ebi.ac.uk/QuickGO/term/GO:0008299
E9F5E7	GO:0006633	fatty acid biosynthetic process	https://www.ebi.ac.uk/QuickGO/term/GO:0006633
E9F5E7	GO:0032259	methylation	https://www.ebi.ac.uk/QuickGO/term/GO:0032259
E9F5E7	GO:0044550	secondary metabolite biosynthetic process	https://www.ebi.ac.uk/QuickGO/term/GO:0044550
E9F5E7	GO:0016114	terpenoid biosynthetic process	https://www.ebi.ac.uk/QuickGO/term/GO:0016114
E9F5E8	GO:0016114	terpenoid biosynthetic process	https://www.ebi.ac.uk/QuickGO/term/GO:0016114
E9F5F0	GO:0016114	terpenoid biosynthetic process	https://www.ebi.ac.uk/QuickGO/term/GO:0016114
E9F5F1	GO:0016114	terpenoid biosynthetic process	https://www.ebi.ac.uk/QuickGO/term/GO:0016114
F0ZDD0	GO:0046246	terpene biosynthetic process	https://www.ebi.ac.uk/QuickGO/term/GO:0046246
F0ZL92	GO:0046246	terpene biosynthetic process	https://www.ebi.ac.uk/QuickGO/term/GO:0046246
F0ZLU4	GO:0046246	terpene biosynthetic process	https://www.ebi.ac.uk/QuickGO/term/GO:0046246
F8JSS1			
F8UL80	GO:0016102	diterpenoid biosynthetic process	https://www.ebi.ac.uk/QuickGO/term/GO:0016102
F8UL80	GO:0051762	sesquiterpene biosynthetic process	https://www.ebi.ac.uk/QuickGO/term/GO:0051762
F8UL81	GO:0016102	diterpenoid biosynthetic process	https://www.ebi.ac.uk/QuickGO/term/GO:0016102
F8UL81	GO:0051762	sesquiterpene biosynthetic process	https://www.ebi.ac.uk/QuickGO/term/GO:0051762
F8WQD0	GO:0016104	triterpenoid biosynthetic process	https://www.ebi.ac.uk/QuickGO/term/GO:0016104
G1DGI7	GO:0016102	diterpenoid biosynthetic process	https://www.ebi.ac.uk/QuickGO/term/GO:0016102
G8H5N2	GO:0016102	diterpenoid biosynthetic process	https://www.ebi.ac.uk/QuickGO/term/GO:0016102
G8H5N3	GO:0016102	diterpenoid biosynthetic process	https://www.ebi.ac.uk/QuickGO/term/GO:0016102
G8H5N3	GO:0046246	terpene biosynthetic process	https://www.ebi.ac.uk/QuickGO/term/GO:0046246
H1VM35	GO:0016114	terpenoid biosynthetic process	https://www.ebi.ac.uk/QuickGO/term/GO:0016114
H1VN83	GO:0016114	terpenoid biosynthetic process	https://www.ebi.ac.uk/QuickGO/term/GO:0016114
H1VQW0	GO:0016114	terpenoid biosynthetic process	https://www.ebi.ac.uk/QuickGO/term/GO:0016114
H2KWF1	GO:0016104	triterpenoid biosynthetic process	https://www.ebi.ac.uk/QuickGO/term/GO:0016104
H6VLG5	GO:0033331	ent-kaurene metabolic process	https://www.ebi.ac.uk/QuickGO/term/GO:0033331
H6VLG5	GO:0009686	gibberellin biosynthetic process	https://www.ebi.ac.uk/QuickGO/term/GO:0009686
H7CE84	GO:0009820	alkaloid metabolic process	https://www.ebi.ac.uk/QuickGO/term/GO:0009820
H8ZM71	GO:0016102	diterpenoid biosynthetic process	https://www.ebi.ac.uk/QuickGO/term/GO:0016102
I1RL13	GO:0016114	terpenoid biosynthetic process	https://www.ebi.ac.uk/QuickGO/term/GO:0016114
I1RL15	GO:0016114	terpenoid biosynthetic process	https://www.ebi.ac.uk/QuickGO/term/GO:0016114
I1RL16	GO:0016114	terpenoid biosynthetic process	https://www.ebi.ac.uk/QuickGO/term/GO:0016114
I1RL18	GO:0032259	methylation	https://www.ebi.ac.uk/QuickGO/term/GO:0032259
I1RL18	GO:0016114	terpenoid biosynthetic process	https://www.ebi.ac.uk/QuickGO/term/GO:0016114
I6QPS5	GO:0016102	diterpenoid biosynthetic process	https://www.ebi.ac.uk/QuickGO/term/GO:0016102
I6QSN0	GO:0016102	diterpenoid biosynthetic process	https://www.ebi.ac.uk/QuickGO/term/GO:0016102
I6R4V5	GO:0016102	diterpenoid biosynthetic process	https://www.ebi.ac.uk/QuickGO/term/GO:0016102
I6RAQ6	GO:0016102	diterpenoid biosynthetic process	https://www.ebi.ac.uk/QuickGO/term/GO:0016102
I6RE61	GO:0016102	diterpenoid biosynthetic process	https://www.ebi.ac.uk/QuickGO/term/GO:0016102
J7FIJ6			
J7FIP8			
J7FJH0			
J7FJH1			
J7FK08	GO:0009820	alkaloid metabolic process	https://www.ebi.ac.uk/QuickGO/term/GO:0009820
J7FK10			
J7LH11	GO:1901943	(+)-epi-alpha-bisabolol biosynthetic process	https://www.ebi.ac.uk/QuickGO/term/GO:1901943
J7LH11	GO:0016102	diterpenoid biosynthetic process	https://www.ebi.ac.uk/QuickGO/term/GO:0016102
J7LH11	GO:0045339	farnesyl diphosphate catabolic process	https://www.ebi.ac.uk/QuickGO/term/GO:0045339
J7LJN5	GO:1901937	beta-caryophyllene biosynthetic process	https://www.ebi.ac.uk/QuickGO/term/GO:1901937
J7LJN5	GO:0016102	diterpenoid biosynthetic process	https://www.ebi.ac.uk/QuickGO/term/GO:0016102
J7LJN5	GO:0045339	farnesyl diphosphate catabolic process	https://www.ebi.ac.uk/QuickGO/term/GO:0045339
J7LMP2	GO:1901934	bicyclogermacrene biosynthetic process	https://www.ebi.ac.uk/QuickGO/term/GO:1901934
J7LMP2	GO:0016102	diterpenoid biosynthetic process	https://www.ebi.ac.uk/QuickGO/term/GO:0016102
J7LMP2	GO:0045339	farnesyl diphosphate catabolic process	https://www.ebi.ac.uk/QuickGO/term/GO:0045339
J7LQ09	GO:1901940	(-)-exo-alpha-bergamotene biosynthetic process	https://www.ebi.ac.uk/QuickGO/term/GO:1901940
J7LQ09	GO:0016102	diterpenoid biosynthetic process	https://www.ebi.ac.uk/QuickGO/term/GO:0016102
J7LQ09	GO:0045339	farnesyl diphosphate catabolic process	https://www.ebi.ac.uk/QuickGO/term/GO:0045339
J9QS23	GO:0016102	diterpenoid biosynthetic process	https://www.ebi.ac.uk/QuickGO/term/GO:0016102
J9QS25	GO:0016114	terpenoid biosynthetic process	https://www.ebi.ac.uk/QuickGO/term/GO:0016114
J9R1J8	GO:0016114	terpenoid biosynthetic process	https://www.ebi.ac.uk/QuickGO/term/GO:0016114
J9R388	GO:0016102	diterpenoid biosynthetic process	https://www.ebi.ac.uk/QuickGO/term/GO:0016102
J9R5V4	GO:0016102	diterpenoid biosynthetic process	https://www.ebi.ac.uk/QuickGO/term/GO:0016102
J9RLZ7	GO:0016102	diterpenoid biosynthetic process	https://www.ebi.ac.uk/QuickGO/term/GO:0016102
K0K750	GO:0016114	terpenoid biosynthetic process	https://www.ebi.ac.uk/QuickGO/term/GO:0016114
K2QVI4	GO:0016114	terpenoid biosynthetic process	https://www.ebi.ac.uk/QuickGO/term/GO:0016114
K2QVI8	GO:0006633	fatty acid biosynthetic process	https://www.ebi.ac.uk/QuickGO/term/GO:0006633
K2QVI8	GO:0044550	secondary metabolite biosynthetic process	https://www.ebi.ac.uk/QuickGO/term/GO:0044550
K2QVI8	GO:0016114	terpenoid biosynthetic process	https://www.ebi.ac.uk/QuickGO/term/GO:0016114
K2RGJ8	GO:0032259	methylation	https://www.ebi.ac.uk/QuickGO/term/GO:0032259
K2RGJ8	GO:0016114	terpenoid biosynthetic process	https://www.ebi.ac.uk/QuickGO/term/GO:0016114
K2RLM2	GO:0016114	terpenoid biosynthetic process	https://www.ebi.ac.uk/QuickGO/term/GO:0016114
K2RLM6	GO:0006633	fatty acid biosynthetic process	https://www.ebi.ac.uk/QuickGO/term/GO:0006633
K2RLM6	GO:0016114	terpenoid biosynthetic process	https://www.ebi.ac.uk/QuickGO/term/GO:0016114
K2RU64	GO:0016114	terpenoid biosynthetic process	https://www.ebi.ac.uk/QuickGO/term/GO:0016114
K2RU68	GO:0016114	terpenoid biosynthetic process	https://www.ebi.ac.uk/QuickGO/term/GO:0016114
K4B6C9	GO:0006351	DNA-templated transcription	https://www.ebi.ac.uk/QuickGO/term/GO:0006351
K4B6C9	GO:0045893	positive regulation of DNA-templated transcription	https://www.ebi.ac.uk/QuickGO/term/GO:0045893
K4IAL8	GO:0009686	gibberellin biosynthetic process	https://www.ebi.ac.uk/QuickGO/term/GO:0009686
K4IAL8	GO:0042214	terpene metabolic process	https://www.ebi.ac.uk/QuickGO/term/GO:0042214
K4L9M2	GO:0016102	diterpenoid biosynthetic process	https://www.ebi.ac.uk/QuickGO/term/GO:0016102
K4LMW2	GO:0016102	diterpenoid biosynthetic process	https://www.ebi.ac.uk/QuickGO/term/GO:0016102
K7NBZ9	GO:0016104	triterpenoid biosynthetic process	https://www.ebi.ac.uk/QuickGO/term/GO:0016104
K9Y645	GO:0016102	diterpenoid biosynthetic process	https://www.ebi.ac.uk/QuickGO/term/GO:0016102
K9Y6Y9	GO:0016102	diterpenoid biosynthetic process	https://www.ebi.ac.uk/QuickGO/term/GO:0016102
L0MXJ1			
L0MXJ3			
L0MXX3	GO:0032259	methylation	https://www.ebi.ac.uk/QuickGO/term/GO:0032259
L0MYS5			
L0MYS8			
L0MZK0			
L0MZK4			
L0N063			
M1UZ07	GO:0046165	alcohol biosynthetic process	https://www.ebi.ac.uk/QuickGO/term/GO:0046165
M1UZ07	GO:0008299	isoprenoid biosynthetic process	https://www.ebi.ac.uk/QuickGO/term/GO:0008299
M1UZ07	GO:0043386	mycotoxin biosynthetic process	https://www.ebi.ac.uk/QuickGO/term/GO:0043386
M1UZ09	GO:0009820	alkaloid metabolic process	https://www.ebi.ac.uk/QuickGO/term/GO:0009820
M1V8J8			
M1V8K0			
M1VE36			
M1VJS5			
M1VNH2			
M2SPA3			
M2T7Z1	GO:0016114	terpenoid biosynthetic process	https://www.ebi.ac.uk/QuickGO/term/GO:0016114
M2UJ60	GO:0016114	terpenoid biosynthetic process	https://www.ebi.ac.uk/QuickGO/term/GO:0016114
M2URK9	GO:0016114	terpenoid biosynthetic process	https://www.ebi.ac.uk/QuickGO/term/GO:0016114
M2V0Z8	GO:0016114	terpenoid biosynthetic process	https://www.ebi.ac.uk/QuickGO/term/GO:0016114
M2V933	GO:0016114	terpenoid biosynthetic process	https://www.ebi.ac.uk/QuickGO/term/GO:0016114
M4HXW5	GO:0006952	defense response	https://www.ebi.ac.uk/QuickGO/term/GO:0006952
M4HXW5	GO:0016102	diterpenoid biosynthetic process	https://www.ebi.ac.uk/QuickGO/term/GO:0016102
M4HY08	GO:0006952	defense response	https://www.ebi.ac.uk/QuickGO/term/GO:0006952
M4HY08	GO:0016102	diterpenoid biosynthetic process	https://www.ebi.ac.uk/QuickGO/term/GO:0016102
M4HYC8	GO:0006952	defense response	https://www.ebi.ac.uk/QuickGO/term/GO:0006952
M4HYC8	GO:0016102	diterpenoid biosynthetic process	https://www.ebi.ac.uk/QuickGO/term/GO:0016102
M4HYP3	GO:0006952	defense response	https://www.ebi.ac.uk/QuickGO/term/GO:0006952
M4HYP3	GO:0016102	diterpenoid biosynthetic process	https://www.ebi.ac.uk/QuickGO/term/GO:0016102
M5AWY0	GO:0019383	(+)-camphor catabolic process	https://www.ebi.ac.uk/QuickGO/term/GO:0019383
N6Z5E2			
O04408	GO:0009686	gibberellin biosynthetic process	https://www.ebi.ac.uk/QuickGO/term/GO:0009686
O13284	GO:0009686	gibberellin biosynthetic process	https://www.ebi.ac.uk/QuickGO/term/GO:0009686
O13306	GO:0071466	cellular response to xenobiotic stimulus	https://www.ebi.ac.uk/QuickGO/term/GO:0071466
O13306	GO:0006696	ergosterol biosynthetic process	https://www.ebi.ac.uk/QuickGO/term/GO:0006696
O13306	GO:0008204	ergosterol metabolic process	https://www.ebi.ac.uk/QuickGO/term/GO:0008204
O22184	GO:0016102	diterpenoid biosynthetic process	https://www.ebi.ac.uk/QuickGO/term/GO:0016102
O22184	GO:0051762	sesquiterpene biosynthetic process	https://www.ebi.ac.uk/QuickGO/term/GO:0051762
O23651	GO:0016102	diterpenoid biosynthetic process	https://www.ebi.ac.uk/QuickGO/term/GO:0016102
O23651	GO:0051762	sesquiterpene biosynthetic process	https://www.ebi.ac.uk/QuickGO/term/GO:0051762
O23651	GO:0046246	terpene biosynthetic process	https://www.ebi.ac.uk/QuickGO/term/GO:0046246
O23945	GO:0016102	diterpenoid biosynthetic process	https://www.ebi.ac.uk/QuickGO/term/GO:0016102
O49853	GO:0016102	diterpenoid biosynthetic process	https://www.ebi.ac.uk/QuickGO/term/GO:0016102
O65402	GO:0009725	response to hormone	https://www.ebi.ac.uk/QuickGO/term/GO:0009725
O65402	GO:0016126	sterol biosynthetic process	https://www.ebi.ac.uk/QuickGO/term/GO:0016126
O65403	GO:0009725	response to hormone	https://www.ebi.ac.uk/QuickGO/term/GO:0009725
O65403	GO:0016126	sterol biosynthetic process	https://www.ebi.ac.uk/QuickGO/term/GO:0016126
O65404	GO:0009725	response to hormone	https://www.ebi.ac.uk/QuickGO/term/GO:0009725
O65404	GO:0016126	sterol biosynthetic process	https://www.ebi.ac.uk/QuickGO/term/GO:0016126
O65434	GO:0016102	diterpenoid biosynthetic process	https://www.ebi.ac.uk/QuickGO/term/GO:0016102
O65434	GO:0051762	sesquiterpene biosynthetic process	https://www.ebi.ac.uk/QuickGO/term/GO:0051762
O65726	GO:0009725	response to hormone	https://www.ebi.ac.uk/QuickGO/term/GO:0009725
O65726	GO:0016126	sterol biosynthetic process	https://www.ebi.ac.uk/QuickGO/term/GO:0016126
O65727	GO:0009725	response to hormone	https://www.ebi.ac.uk/QuickGO/term/GO:0009725
O65727	GO:0016126	sterol biosynthetic process	https://www.ebi.ac.uk/QuickGO/term/GO:0016126
O74165	GO:0006696	ergosterol biosynthetic process	https://www.ebi.ac.uk/QuickGO/term/GO:0006696
O74165	GO:0045338	farnesyl diphosphate metabolic process	https://www.ebi.ac.uk/QuickGO/term/GO:0045338
O74165	GO:0008299	isoprenoid biosynthetic process	https://www.ebi.ac.uk/QuickGO/term/GO:0008299
O81191	GO:0016102	diterpenoid biosynthetic process	https://www.ebi.ac.uk/QuickGO/term/GO:0016102
O81193	GO:0016102	diterpenoid biosynthetic process	https://www.ebi.ac.uk/QuickGO/term/GO:0016102
O82146	GO:0010038	response to metal ion	https://www.ebi.ac.uk/QuickGO/term/GO:0010038
O82146	GO:0002238	response to molecule of fungal origin	https://www.ebi.ac.uk/QuickGO/term/GO:0002238
O82146	GO:0016104	triterpenoid biosynthetic process	https://www.ebi.ac.uk/QuickGO/term/GO:0016104
P0C8Y0	GO:0016104	triterpenoid biosynthetic process	https://www.ebi.ac.uk/QuickGO/term/GO:0016104
P0CU77			
P0CV96	GO:0016102	diterpenoid biosynthetic process	https://www.ebi.ac.uk/QuickGO/term/GO:0016102
P0DO36	GO:0016114	terpenoid biosynthetic process	https://www.ebi.ac.uk/QuickGO/term/GO:0016114
P0DO46	GO:0016102	diterpenoid biosynthetic process	https://www.ebi.ac.uk/QuickGO/term/GO:0016102
P0DO46	GO:0046246	terpene biosynthetic process	https://www.ebi.ac.uk/QuickGO/term/GO:0046246
P0DXI1	GO:0016104	triterpenoid biosynthetic process	https://www.ebi.ac.uk/QuickGO/term/GO:0016104
P0DXI2	GO:0016104	triterpenoid biosynthetic process	https://www.ebi.ac.uk/QuickGO/term/GO:0016104
P0DY22	GO:0044550	secondary metabolite biosynthetic process	https://www.ebi.ac.uk/QuickGO/term/GO:0044550
P33990	GO:0016104	triterpenoid biosynthetic process	https://www.ebi.ac.uk/QuickGO/term/GO:0016104
P40805	GO:0017000	antibiotic biosynthetic process	https://www.ebi.ac.uk/QuickGO/term/GO:0017000
P40805	GO:0046247	terpene catabolic process	https://www.ebi.ac.uk/QuickGO/term/GO:0046247
P54924	GO:0016104	triterpenoid biosynthetic process	https://www.ebi.ac.uk/QuickGO/term/GO:0016104
P55348	GO:0016104	triterpenoid biosynthetic process	https://www.ebi.ac.uk/QuickGO/term/GO:0016104
P78589	GO:0006696	ergosterol biosynthetic process	https://www.ebi.ac.uk/QuickGO/term/GO:0006696
P78589	GO:0045338	farnesyl diphosphate metabolic process	https://www.ebi.ac.uk/QuickGO/term/GO:0045338
P78589	GO:1902767	isoprenoid biosynthetic process via mevalonate	https://www.ebi.ac.uk/QuickGO/term/GO:1902767
P9WEE6			
P9WEE7			
P9WEE8			
P9WEE8			
P9WEE9			
P9WEF0			
P9WEG0			
P9WEG1	GO:0006633	fatty acid biosynthetic process	https://www.ebi.ac.uk/QuickGO/term/GO:0006633
P9WEG1	GO:0032259	methylation	https://www.ebi.ac.uk/QuickGO/term/GO:0032259
P9WEG1	GO:0006508	proteolysis	https://www.ebi.ac.uk/QuickGO/term/GO:0006508
P9WEG1	GO:0044550	secondary metabolite biosynthetic process	https://www.ebi.ac.uk/QuickGO/term/GO:0044550
P9WEG4	GO:0032259	methylation	https://www.ebi.ac.uk/QuickGO/term/GO:0032259
P9WEG5			
P9WEG7			
P9WEG8	GO:0006629	lipid metabolic process	https://www.ebi.ac.uk/QuickGO/term/GO:0006629
P9WEH0			
P9WEH2			
P9WEH3			
P9WEP1	GO:0019748	secondary metabolic process	https://www.ebi.ac.uk/QuickGO/term/GO:0019748
P9WEP1	GO:0016114	terpenoid biosynthetic process	https://www.ebi.ac.uk/QuickGO/term/GO:0016114
P9WEP2	GO:0016114	terpenoid biosynthetic process	https://www.ebi.ac.uk/QuickGO/term/GO:0016114
P9WEP3	GO:0016114	terpenoid biosynthetic process	https://www.ebi.ac.uk/QuickGO/term/GO:0016114
P9WEP4			
P9WEQ3	GO:0016114	terpenoid biosynthetic process	https://www.ebi.ac.uk/QuickGO/term/GO:0016114
P9WEQ4	GO:0016114	terpenoid biosynthetic process	https://www.ebi.ac.uk/QuickGO/term/GO:0016114
P9WEQ5	GO:0016114	terpenoid biosynthetic process	https://www.ebi.ac.uk/QuickGO/term/GO:0016114
P9WEQ7	GO:0140722	mycophenolic acid biosynthetic process	https://www.ebi.ac.uk/QuickGO/term/GO:0140722
P9WEQ7	GO:0016114	terpenoid biosynthetic process	https://www.ebi.ac.uk/QuickGO/term/GO:0016114
P9WEQ8	GO:0019748	secondary metabolic process	https://www.ebi.ac.uk/QuickGO/term/GO:0019748
P9WEQ8	GO:0016114	terpenoid biosynthetic process	https://www.ebi.ac.uk/QuickGO/term/GO:0016114
P9WER0	GO:0008299	isoprenoid biosynthetic process	https://www.ebi.ac.uk/QuickGO/term/GO:0008299
P9WER2			
P9WER4			
P9WER5	GO:0046165	alcohol biosynthetic process	https://www.ebi.ac.uk/QuickGO/term/GO:0046165
P9WER5	GO:0008299	isoprenoid biosynthetic process	https://www.ebi.ac.uk/QuickGO/term/GO:0008299
P9WER5	GO:0043386	mycotoxin biosynthetic process	https://www.ebi.ac.uk/QuickGO/term/GO:0043386
P9WEW7	GO:0016114	terpenoid biosynthetic process	https://www.ebi.ac.uk/QuickGO/term/GO:0016114
P9WEW9	GO:0006633	fatty acid biosynthetic process	https://www.ebi.ac.uk/QuickGO/term/GO:0006633
P9WEW9	GO:0016114	terpenoid biosynthetic process	https://www.ebi.ac.uk/QuickGO/term/GO:0016114
P9WEX0	GO:0006633	fatty acid biosynthetic process	https://www.ebi.ac.uk/QuickGO/term/GO:0006633
P9WEX0	GO:0032259	methylation	https://www.ebi.ac.uk/QuickGO/term/GO:0032259
P9WEX0	GO:0044550	secondary metabolite biosynthetic process	https://www.ebi.ac.uk/QuickGO/term/GO:0044550
P9WEX0	GO:0016114	terpenoid biosynthetic process	https://www.ebi.ac.uk/QuickGO/term/GO:0016114
P9WEX1	GO:0016114	terpenoid biosynthetic process	https://www.ebi.ac.uk/QuickGO/term/GO:0016114
P9WEX2	GO:0016114	terpenoid biosynthetic process	https://www.ebi.ac.uk/QuickGO/term/GO:0016114
P9WEX4	GO:0016114	terpenoid biosynthetic process	https://www.ebi.ac.uk/QuickGO/term/GO:0016114
P9WEX5	GO:0016114	terpenoid biosynthetic process	https://www.ebi.ac.uk/QuickGO/term/GO:0016114
P9WEX6	GO:0006633	fatty acid biosynthetic process	https://www.ebi.ac.uk/QuickGO/term/GO:0006633
P9WEX6	GO:0032259	methylation	https://www.ebi.ac.uk/QuickGO/term/GO:0032259
P9WEX6	GO:0044550	secondary metabolite biosynthetic process	https://www.ebi.ac.uk/QuickGO/term/GO:0044550
P9WEX6	GO:0016114	terpenoid biosynthetic process	https://www.ebi.ac.uk/QuickGO/term/GO:0016114
P9WEX7	GO:0016114	terpenoid biosynthetic process	https://www.ebi.ac.uk/QuickGO/term/GO:0016114
P9WEX8	GO:0016114	terpenoid biosynthetic process	https://www.ebi.ac.uk/QuickGO/term/GO:0016114
P9WEY0	GO:0016114	terpenoid biosynthetic process	https://www.ebi.ac.uk/QuickGO/term/GO:0016114
P9WEY1	GO:0016114	terpenoid biosynthetic process	https://www.ebi.ac.uk/QuickGO/term/GO:0016114
P9WEY2	GO:0016114	terpenoid biosynthetic process	https://www.ebi.ac.uk/QuickGO/term/GO:0016114
P9WEY4	GO:0046246	terpene biosynthetic process	https://www.ebi.ac.uk/QuickGO/term/GO:0046246
P9WEY5	GO:0046246	terpene biosynthetic process	https://www.ebi.ac.uk/QuickGO/term/GO:0046246
P9WEY6	GO:0046246	terpene biosynthetic process	https://www.ebi.ac.uk/QuickGO/term/GO:0046246
Q0C898	GO:0016114	terpenoid biosynthetic process	https://www.ebi.ac.uk/QuickGO/term/GO:0016114
Q0C899	GO:0016114	terpenoid biosynthetic process	https://www.ebi.ac.uk/QuickGO/term/GO:0016114
Q0C8A0	GO:0016114	terpenoid biosynthetic process	https://www.ebi.ac.uk/QuickGO/term/GO:0016114
Q0C8A3	GO:0016114	terpenoid biosynthetic process	https://www.ebi.ac.uk/QuickGO/term/GO:0016114
Q0C8A5	GO:0016114	terpenoid biosynthetic process	https://www.ebi.ac.uk/QuickGO/term/GO:0016114
Q0C8A6	GO:0016114	terpenoid biosynthetic process	https://www.ebi.ac.uk/QuickGO/term/GO:0016114
Q0C8A6	GO:0006744	ubiquinone biosynthetic process	https://www.ebi.ac.uk/QuickGO/term/GO:0006744
Q0C8A7	GO:0016114	terpenoid biosynthetic process	https://www.ebi.ac.uk/QuickGO/term/GO:0016114
Q0C9L5			
Q0CPG7			
Q0CPG8	GO:0016106	sesquiterpenoid biosynthetic process	https://www.ebi.ac.uk/QuickGO/term/GO:0016106
Q0JA83	GO:0006952	defense response	https://www.ebi.ac.uk/QuickGO/term/GO:0006952
Q0JA83	GO:0016102	diterpenoid biosynthetic process	https://www.ebi.ac.uk/QuickGO/term/GO:0016102
Q0VHD6	GO:0016102	diterpenoid biosynthetic process	https://www.ebi.ac.uk/QuickGO/term/GO:0016102
Q15FB2	GO:0046165	alcohol biosynthetic process	https://www.ebi.ac.uk/QuickGO/term/GO:0046165
Q15FB2	GO:0008299	isoprenoid biosynthetic process	https://www.ebi.ac.uk/QuickGO/term/GO:0008299
Q15FB2	GO:0043386	mycotoxin biosynthetic process	https://www.ebi.ac.uk/QuickGO/term/GO:0043386
Q15FB3	GO:0009820	alkaloid metabolic process	https://www.ebi.ac.uk/QuickGO/term/GO:0009820
Q15FB5			
Q1ZXA1			
Q20HU6	GO:0016102	diterpenoid biosynthetic process	https://www.ebi.ac.uk/QuickGO/term/GO:0016102
Q20HU6	GO:0009611	response to wounding	https://www.ebi.ac.uk/QuickGO/term/GO:0009611
Q29VN1	GO:0031347	regulation of defense response	https://www.ebi.ac.uk/QuickGO/term/GO:0031347
Q29VN1	GO:0009611	response to wounding	https://www.ebi.ac.uk/QuickGO/term/GO:0009611
Q29VN1	GO:0046246	terpene biosynthetic process	https://www.ebi.ac.uk/QuickGO/term/GO:0046246
Q29VN1	GO:0016114	terpenoid biosynthetic process	https://www.ebi.ac.uk/QuickGO/term/GO:0016114
Q2R712	GO:0016104	triterpenoid biosynthetic process	https://www.ebi.ac.uk/QuickGO/term/GO:0016104
Q2U0K2	GO:0008299	isoprenoid biosynthetic process	https://www.ebi.ac.uk/QuickGO/term/GO:0008299
Q2XPU6	GO:0010686	tetracyclic triterpenoid biosynthetic process	https://www.ebi.ac.uk/QuickGO/term/GO:0010686
Q2XPU7	GO:0042335	cuticle development	https://www.ebi.ac.uk/QuickGO/term/GO:0042335
Q2XPU7	GO:0019745	pentacyclic triterpenoid biosynthetic process	https://www.ebi.ac.uk/QuickGO/term/GO:0019745
Q2XSC4	GO:0016102	diterpenoid biosynthetic process	https://www.ebi.ac.uk/QuickGO/term/GO:0016102
Q2XSC4	GO:0046246	terpene biosynthetic process	https://www.ebi.ac.uk/QuickGO/term/GO:0046246
Q2XSC5	GO:0046248	alpha-pinene biosynthetic process	https://www.ebi.ac.uk/QuickGO/term/GO:0046248
Q2XSC5	GO:0016102	diterpenoid biosynthetic process	https://www.ebi.ac.uk/QuickGO/term/GO:0016102
Q2XSC5	GO:0010597	green leaf volatile biosynthetic process	https://www.ebi.ac.uk/QuickGO/term/GO:0010597
Q2XSC5	GO:0016099	monoterpenoid biosynthetic process	https://www.ebi.ac.uk/QuickGO/term/GO:0016099
Q2XSC6	GO:0046248	alpha-pinene biosynthetic process	https://www.ebi.ac.uk/QuickGO/term/GO:0046248
Q2XSC6	GO:0016102	diterpenoid biosynthetic process	https://www.ebi.ac.uk/QuickGO/term/GO:0016102
Q2XSC6	GO:0010597	green leaf volatile biosynthetic process	https://www.ebi.ac.uk/QuickGO/term/GO:0010597
Q2XSC6	GO:0016099	monoterpenoid biosynthetic process	https://www.ebi.ac.uk/QuickGO/term/GO:0016099
Q39760	GO:0016102	diterpenoid biosynthetic process	https://www.ebi.ac.uk/QuickGO/term/GO:0016102
Q39760	GO:0009620	response to fungus	https://www.ebi.ac.uk/QuickGO/term/GO:0009620
Q39978	GO:0016102	diterpenoid biosynthetic process	https://www.ebi.ac.uk/QuickGO/term/GO:0016102
Q39979	GO:0016114	terpenoid biosynthetic process	https://www.ebi.ac.uk/QuickGO/term/GO:0016114
Q39980	GO:0016102	diterpenoid biosynthetic process	https://www.ebi.ac.uk/QuickGO/term/GO:0016102
Q4QSN4	GO:0016102	diterpenoid biosynthetic process	https://www.ebi.ac.uk/QuickGO/term/GO:0016102
Q4WAZ2	GO:1902086	fumagillin biosynthetic process	https://www.ebi.ac.uk/QuickGO/term/GO:1902086
Q4WAZ2	GO:0016114	terpenoid biosynthetic process	https://www.ebi.ac.uk/QuickGO/term/GO:0016114
Q4WBI0	GO:0006629	lipid metabolic process	https://www.ebi.ac.uk/QuickGO/term/GO:0006629
Q4WBI3			
Q4WBI3			
Q4WBI5	GO:0016114	terpenoid biosynthetic process	https://www.ebi.ac.uk/QuickGO/term/GO:0016114
Q4WES9	GO:0006696	ergosterol biosynthetic process	https://www.ebi.ac.uk/QuickGO/term/GO:0006696
Q4WES9	GO:0016104	triterpenoid biosynthetic process	https://www.ebi.ac.uk/QuickGO/term/GO:0016104
Q4WLC8	GO:0016114	terpenoid biosynthetic process	https://www.ebi.ac.uk/QuickGO/term/GO:0016114
Q4WLD0	GO:0016114	terpenoid biosynthetic process	https://www.ebi.ac.uk/QuickGO/term/GO:0016114
Q4WLD2	GO:0016114	terpenoid biosynthetic process	https://www.ebi.ac.uk/QuickGO/term/GO:0016114
Q4WLD5	GO:0016114	terpenoid biosynthetic process	https://www.ebi.ac.uk/QuickGO/term/GO:0016114
Q4WQ95	GO:0006696	ergosterol biosynthetic process	https://www.ebi.ac.uk/QuickGO/term/GO:0006696
Q4WQ95	GO:0016104	triterpenoid biosynthetic process	https://www.ebi.ac.uk/QuickGO/term/GO:0016104
Q54BE5	GO:0051762	sesquiterpene biosynthetic process	https://www.ebi.ac.uk/QuickGO/term/GO:0051762
Q54DR1	GO:0006695	cholesterol biosynthetic process	https://www.ebi.ac.uk/QuickGO/term/GO:0006695
Q54DR1	GO:0045338	farnesyl diphosphate metabolic process	https://www.ebi.ac.uk/QuickGO/term/GO:0045338
Q54DR1	GO:0008299	isoprenoid biosynthetic process	https://www.ebi.ac.uk/QuickGO/term/GO:0008299
Q54P86	GO:0051762	sesquiterpene biosynthetic process	https://www.ebi.ac.uk/QuickGO/term/GO:0051762
Q54YE1	GO:0051762	sesquiterpene biosynthetic process	https://www.ebi.ac.uk/QuickGO/term/GO:0051762
Q55D85	GO:0006695	cholesterol biosynthetic process	https://www.ebi.ac.uk/QuickGO/term/GO:0006695
Q55D85	GO:0016126	sterol biosynthetic process	https://www.ebi.ac.uk/QuickGO/term/GO:0016126
Q55D85	GO:0016104	triterpenoid biosynthetic process	https://www.ebi.ac.uk/QuickGO/term/GO:0016104
Q55E23	GO:0051762	sesquiterpene biosynthetic process	https://www.ebi.ac.uk/QuickGO/term/GO:0051762
Q56RZ2			
Q56RZ6			
Q59723			
Q5AR23	GO:0016114	terpenoid biosynthetic process	https://www.ebi.ac.uk/QuickGO/term/GO:0016114
Q5AR29	GO:0019748	secondary metabolic process	https://www.ebi.ac.uk/QuickGO/term/GO:0019748
Q5AR29	GO:0016114	terpenoid biosynthetic process	https://www.ebi.ac.uk/QuickGO/term/GO:0016114
Q5AR31	GO:1900560	austinol biosynthetic process	https://www.ebi.ac.uk/QuickGO/term/GO:1900560
Q5AR31	GO:1900563	dehydroaustinol biosynthetic process	https://www.ebi.ac.uk/QuickGO/term/GO:1900563
Q5AR31	GO:0016114	terpenoid biosynthetic process	https://www.ebi.ac.uk/QuickGO/term/GO:0016114
Q5AR33	GO:1900560	austinol biosynthetic process	https://www.ebi.ac.uk/QuickGO/term/GO:1900560
Q5AR33	GO:1900563	dehydroaustinol biosynthetic process	https://www.ebi.ac.uk/QuickGO/term/GO:1900563
Q5AR33	GO:0016114	terpenoid biosynthetic process	https://www.ebi.ac.uk/QuickGO/term/GO:0016114
Q5AR46			
Q5KSN4	GO:0017000	antibiotic biosynthetic process	https://www.ebi.ac.uk/QuickGO/term/GO:0017000
Q5SBP0	GO:0046248	alpha-pinene biosynthetic process	https://www.ebi.ac.uk/QuickGO/term/GO:0046248
Q5SBP0	GO:0016102	diterpenoid biosynthetic process	https://www.ebi.ac.uk/QuickGO/term/GO:0016102
Q5SBP0	GO:0010597	green leaf volatile biosynthetic process	https://www.ebi.ac.uk/QuickGO/term/GO:0010597
Q5SBP0	GO:0016099	monoterpenoid biosynthetic process	https://www.ebi.ac.uk/QuickGO/term/GO:0016099
Q5SBP1	GO:0046248	alpha-pinene biosynthetic process	https://www.ebi.ac.uk/QuickGO/term/GO:0046248
Q5SBP1	GO:0016102	diterpenoid biosynthetic process	https://www.ebi.ac.uk/QuickGO/term/GO:0016102
Q5SBP1	GO:0010597	green leaf volatile biosynthetic process	https://www.ebi.ac.uk/QuickGO/term/GO:0010597
Q5SBP1	GO:0016099	monoterpenoid biosynthetic process	https://www.ebi.ac.uk/QuickGO/term/GO:0016099
Q5SBP2	GO:0046248	alpha-pinene biosynthetic process	https://www.ebi.ac.uk/QuickGO/term/GO:0046248
Q5SBP2	GO:0016102	diterpenoid biosynthetic process	https://www.ebi.ac.uk/QuickGO/term/GO:0016102
Q5SBP2	GO:0010597	green leaf volatile biosynthetic process	https://www.ebi.ac.uk/QuickGO/term/GO:0010597
Q5SBP2	GO:0016099	monoterpenoid biosynthetic process	https://www.ebi.ac.uk/QuickGO/term/GO:0016099
Q5SBP3	GO:0016102	diterpenoid biosynthetic process	https://www.ebi.ac.uk/QuickGO/term/GO:0016102
Q5SBP4	GO:0016102	diterpenoid biosynthetic process	https://www.ebi.ac.uk/QuickGO/term/GO:0016102
Q5SBP4	GO:0046246	terpene biosynthetic process	https://www.ebi.ac.uk/QuickGO/term/GO:0046246
Q5SBP5	GO:0016102	diterpenoid biosynthetic process	https://www.ebi.ac.uk/QuickGO/term/GO:0016102
Q5SBP5	GO:0046246	terpene biosynthetic process	https://www.ebi.ac.uk/QuickGO/term/GO:0046246
Q5SBP6	GO:0016102	diterpenoid biosynthetic process	https://www.ebi.ac.uk/QuickGO/term/GO:0016102
Q5SBP6	GO:0046246	terpene biosynthetic process	https://www.ebi.ac.uk/QuickGO/term/GO:0046246
Q5SBP7	GO:0016102	diterpenoid biosynthetic process	https://www.ebi.ac.uk/QuickGO/term/GO:0016102
Q5SBP7	GO:0046246	terpene biosynthetic process	https://www.ebi.ac.uk/QuickGO/term/GO:0046246
Q5W283	GO:0006952	defense response	https://www.ebi.ac.uk/QuickGO/term/GO:0006952
Q5W283	GO:0016102	diterpenoid biosynthetic process	https://www.ebi.ac.uk/QuickGO/term/GO:0016102
Q672V4			
Q672V5	GO:0046165	alcohol biosynthetic process	https://www.ebi.ac.uk/QuickGO/term/GO:0046165
Q672V5	GO:0008299	isoprenoid biosynthetic process	https://www.ebi.ac.uk/QuickGO/term/GO:0008299
Q672V5	GO:0043386	mycotoxin biosynthetic process	https://www.ebi.ac.uk/QuickGO/term/GO:0043386
Q675L0	GO:0016102	diterpenoid biosynthetic process	https://www.ebi.ac.uk/QuickGO/term/GO:0016102
Q675L0	GO:0016106	sesquiterpenoid biosynthetic process	https://www.ebi.ac.uk/QuickGO/term/GO:0016106
Q6BE24	GO:0016104	triterpenoid biosynthetic process	https://www.ebi.ac.uk/QuickGO/term/GO:0016104
Q6BE25	GO:0016104	triterpenoid biosynthetic process	https://www.ebi.ac.uk/QuickGO/term/GO:0016104
Q6EJ97	GO:0016102	diterpenoid biosynthetic process	https://www.ebi.ac.uk/QuickGO/term/GO:0016102
Q6EJ97	GO:0080027	response to herbivore	https://www.ebi.ac.uk/QuickGO/term/GO:0080027
Q6EJ97	GO:0009611	response to wounding	https://www.ebi.ac.uk/QuickGO/term/GO:0009611
Q6JD69	GO:0016102	diterpenoid biosynthetic process	https://www.ebi.ac.uk/QuickGO/term/GO:0016102
Q6JD69	GO:0046246	terpene biosynthetic process	https://www.ebi.ac.uk/QuickGO/term/GO:0046246
Q6JD71	GO:0016102	diterpenoid biosynthetic process	https://www.ebi.ac.uk/QuickGO/term/GO:0016102
Q6JD71	GO:0046246	terpene biosynthetic process	https://www.ebi.ac.uk/QuickGO/term/GO:0046246
Q6PWU2	GO:0016102	diterpenoid biosynthetic process	https://www.ebi.ac.uk/QuickGO/term/GO:0016102
Q6Z5J6	GO:0006952	defense response	https://www.ebi.ac.uk/QuickGO/term/GO:0006952
Q6Z5J6	GO:0016102	diterpenoid biosynthetic process	https://www.ebi.ac.uk/QuickGO/term/GO:0016102
Q752X9	GO:0006696	ergosterol biosynthetic process	https://www.ebi.ac.uk/QuickGO/term/GO:0006696
Q752X9	GO:0045338	farnesyl diphosphate metabolic process	https://www.ebi.ac.uk/QuickGO/term/GO:0045338
Q752X9	GO:0008299	isoprenoid biosynthetic process	https://www.ebi.ac.uk/QuickGO/term/GO:0008299
Q75F69	GO:0006696	ergosterol biosynthetic process	https://www.ebi.ac.uk/QuickGO/term/GO:0006696
Q75J90	GO:0051762	sesquiterpene biosynthetic process	https://www.ebi.ac.uk/QuickGO/term/GO:0051762
Q764T8	GO:0019745	pentacyclic triterpenoid biosynthetic process	https://www.ebi.ac.uk/QuickGO/term/GO:0019745
Q7KWU0	GO:0051762	sesquiterpene biosynthetic process	https://www.ebi.ac.uk/QuickGO/term/GO:0051762
Q7S4Z6	GO:0006696	ergosterol biosynthetic process	https://www.ebi.ac.uk/QuickGO/term/GO:0006696
Q7S4Z6	GO:0045338	farnesyl diphosphate metabolic process	https://www.ebi.ac.uk/QuickGO/term/GO:0045338
Q7S4Z6	GO:0008299	isoprenoid biosynthetic process	https://www.ebi.ac.uk/QuickGO/term/GO:0008299
Q7XAS7	GO:0016102	diterpenoid biosynthetic process	https://www.ebi.ac.uk/QuickGO/term/GO:0016102
Q82RR7			
Q84KL5	GO:0016102	diterpenoid biosynthetic process	https://www.ebi.ac.uk/QuickGO/term/GO:0016102
Q84KL5	GO:0045338	farnesyl diphosphate metabolic process	https://www.ebi.ac.uk/QuickGO/term/GO:0045338
Q84LF0	GO:0006952	defense response	https://www.ebi.ac.uk/QuickGO/term/GO:0006952
Q84LF0	GO:0016102	diterpenoid biosynthetic process	https://www.ebi.ac.uk/QuickGO/term/GO:0016102
Q84LF1	GO:0006952	defense response	https://www.ebi.ac.uk/QuickGO/term/GO:0006952
Q84LF1	GO:0016102	diterpenoid biosynthetic process	https://www.ebi.ac.uk/QuickGO/term/GO:0016102
Q84LF2	GO:0006952	defense response	https://www.ebi.ac.uk/QuickGO/term/GO:0006952
Q84LF2	GO:0016102	diterpenoid biosynthetic process	https://www.ebi.ac.uk/QuickGO/term/GO:0016102
Q84LG0	GO:0006952	defense response	https://www.ebi.ac.uk/QuickGO/term/GO:0006952
Q84LG0	GO:0016102	diterpenoid biosynthetic process	https://www.ebi.ac.uk/QuickGO/term/GO:0016102
Q8LSC2	GO:0016102	diterpenoid biosynthetic process	https://www.ebi.ac.uk/QuickGO/term/GO:0016102
Q8LSC2	GO:0045338	farnesyl diphosphate metabolic process	https://www.ebi.ac.uk/QuickGO/term/GO:0045338
Q8W3Z1	GO:0019745	pentacyclic triterpenoid biosynthetic process	https://www.ebi.ac.uk/QuickGO/term/GO:0019745
Q8W3Z2	GO:0019745	pentacyclic triterpenoid biosynthetic process	https://www.ebi.ac.uk/QuickGO/term/GO:0019745
Q8W3Z3	GO:0010686	tetracyclic triterpenoid biosynthetic process	https://www.ebi.ac.uk/QuickGO/term/GO:0010686
Q8W3Z4	GO:0010686	tetracyclic triterpenoid biosynthetic process	https://www.ebi.ac.uk/QuickGO/term/GO:0010686
Q92459	GO:0006696	ergosterol biosynthetic process	https://www.ebi.ac.uk/QuickGO/term/GO:0006696
Q92459	GO:0045338	farnesyl diphosphate metabolic process	https://www.ebi.ac.uk/QuickGO/term/GO:0045338
Q92459	GO:1902767	isoprenoid biosynthetic process via mevalonate	https://www.ebi.ac.uk/QuickGO/term/GO:1902767
Q93X23	GO:0016102	diterpenoid biosynthetic process	https://www.ebi.ac.uk/QuickGO/term/GO:0016102
Q93YA3	GO:0010597	green leaf volatile biosynthetic process	https://www.ebi.ac.uk/QuickGO/term/GO:0010597
Q93YA3	GO:0042617	paclitaxel biosynthetic process	https://www.ebi.ac.uk/QuickGO/term/GO:0042617
Q948R6	GO:0016104	triterpenoid biosynthetic process	https://www.ebi.ac.uk/QuickGO/term/GO:0016104
Q948Z0	GO:0016102	diterpenoid biosynthetic process	https://www.ebi.ac.uk/QuickGO/term/GO:0016102
Q94G53	GO:0016102	diterpenoid biosynthetic process	https://www.ebi.ac.uk/QuickGO/term/GO:0016102
Q94JS8	GO:0016102	diterpenoid biosynthetic process	https://www.ebi.ac.uk/QuickGO/term/GO:0016102
Q96376	GO:0016102	diterpenoid biosynthetic process	https://www.ebi.ac.uk/QuickGO/term/GO:0016102
Q96WJ0	GO:0006696	ergosterol biosynthetic process	https://www.ebi.ac.uk/QuickGO/term/GO:0006696
Q96WJ0	GO:0016104	triterpenoid biosynthetic process	https://www.ebi.ac.uk/QuickGO/term/GO:0016104
Q9C448	GO:0140873	paxilline biosynthetic process	https://www.ebi.ac.uk/QuickGO/term/GO:0140873
Q9C451	GO:0140873	paxilline biosynthetic process	https://www.ebi.ac.uk/QuickGO/term/GO:0140873
Q9C6W6	GO:0016102	diterpenoid biosynthetic process	https://www.ebi.ac.uk/QuickGO/term/GO:0016102
Q9C6W6	GO:0051762	sesquiterpene biosynthetic process	https://www.ebi.ac.uk/QuickGO/term/GO:0051762
Q9EUT9			
Q9EUT9			
Q9EUT9			
Q9EUT9			
Q9F1Y5	GO:0032259	methylation	https://www.ebi.ac.uk/QuickGO/term/GO:0032259
Q9F1Y5	GO:0042214	terpene metabolic process	https://www.ebi.ac.uk/QuickGO/term/GO:0042214
Q9F1Y6	GO:0042214	terpene metabolic process	https://www.ebi.ac.uk/QuickGO/term/GO:0042214
Q9FI27	GO:0016102	diterpenoid biosynthetic process	https://www.ebi.ac.uk/QuickGO/term/GO:0016102
Q9FI27	GO:0051762	sesquiterpene biosynthetic process	https://www.ebi.ac.uk/QuickGO/term/GO:0051762
Q9FJV8	GO:0016104	triterpenoid biosynthetic process	https://www.ebi.ac.uk/QuickGO/term/GO:0016104
Q9FQ27	GO:0016102	diterpenoid biosynthetic process	https://www.ebi.ac.uk/QuickGO/term/GO:0016102
Q9FZI2	GO:0016104	triterpenoid biosynthetic process	https://www.ebi.ac.uk/QuickGO/term/GO:0016104
Q9HGZ6	GO:0006696	ergosterol biosynthetic process	https://www.ebi.ac.uk/QuickGO/term/GO:0006696
Q9HGZ6	GO:0045338	farnesyl diphosphate metabolic process	https://www.ebi.ac.uk/QuickGO/term/GO:0045338
Q9HGZ6	GO:1902767	isoprenoid biosynthetic process via mevalonate	https://www.ebi.ac.uk/QuickGO/term/GO:1902767
Q9LH31	GO:0016102	diterpenoid biosynthetic process	https://www.ebi.ac.uk/QuickGO/term/GO:0016102
Q9LH31	GO:0051762	sesquiterpene biosynthetic process	https://www.ebi.ac.uk/QuickGO/term/GO:0051762
Q9LH31	GO:0016114	terpenoid biosynthetic process	https://www.ebi.ac.uk/QuickGO/term/GO:0016114
Q9LRH7	GO:0019745	pentacyclic triterpenoid biosynthetic process	https://www.ebi.ac.uk/QuickGO/term/GO:0019745
Q9LRR2	GO:0016102	diterpenoid biosynthetic process	https://www.ebi.ac.uk/QuickGO/term/GO:0016102
Q9LRR2	GO:0051762	sesquiterpene biosynthetic process	https://www.ebi.ac.uk/QuickGO/term/GO:0051762
Q9LS76	GO:0016102	diterpenoid biosynthetic process	https://www.ebi.ac.uk/QuickGO/term/GO:0016102
Q9LS76	GO:0051762	sesquiterpene biosynthetic process	https://www.ebi.ac.uk/QuickGO/term/GO:0051762
Q9LUE0	GO:0016102	diterpenoid biosynthetic process	https://www.ebi.ac.uk/QuickGO/term/GO:0016102
Q9LUE0	GO:0051762	sesquiterpene biosynthetic process	https://www.ebi.ac.uk/QuickGO/term/GO:0051762
Q9LUE2	GO:0016102	diterpenoid biosynthetic process	https://www.ebi.ac.uk/QuickGO/term/GO:0016102
Q9LUE2	GO:0051762	sesquiterpene biosynthetic process	https://www.ebi.ac.uk/QuickGO/term/GO:0051762
Q9LVP7	GO:0016102	diterpenoid biosynthetic process	https://www.ebi.ac.uk/QuickGO/term/GO:0016102
Q9LVP7	GO:0051762	sesquiterpene biosynthetic process	https://www.ebi.ac.uk/QuickGO/term/GO:0051762
Q9LVY2	GO:0016104	triterpenoid biosynthetic process	https://www.ebi.ac.uk/QuickGO/term/GO:0016104
Q9M7D0	GO:0016102	diterpenoid biosynthetic process	https://www.ebi.ac.uk/QuickGO/term/GO:0016102
Q9M7D1	GO:0016102	diterpenoid biosynthetic process	https://www.ebi.ac.uk/QuickGO/term/GO:0016102
Q9MB42	GO:0019745	pentacyclic triterpenoid biosynthetic process	https://www.ebi.ac.uk/QuickGO/term/GO:0019745
Q9SLP9	GO:0016104	triterpenoid biosynthetic process	https://www.ebi.ac.uk/QuickGO/term/GO:0016104
Q9SXV6	GO:0016104	triterpenoid biosynthetic process	https://www.ebi.ac.uk/QuickGO/term/GO:0016104
Q9XJ32	GO:0016102	diterpenoid biosynthetic process	https://www.ebi.ac.uk/QuickGO/term/GO:0016102
Q9XJ32	GO:0046246	terpene biosynthetic process	https://www.ebi.ac.uk/QuickGO/term/GO:0046246
Q9Y753	GO:0006696	ergosterol biosynthetic process	https://www.ebi.ac.uk/QuickGO/term/GO:0006696
Q9Y753	GO:0045338	farnesyl diphosphate metabolic process	https://www.ebi.ac.uk/QuickGO/term/GO:0045338
Q9Y753	GO:1902767	isoprenoid biosynthetic process via mevalonate	https://www.ebi.ac.uk/QuickGO/term/GO:1902767
R4YVJ8	GO:0016102	diterpenoid biosynthetic process	https://www.ebi.ac.uk/QuickGO/term/GO:0016102
R9QMR2	GO:0016102	diterpenoid biosynthetic process	https://www.ebi.ac.uk/QuickGO/term/GO:0016102
R9QMR2	GO:0010597	green leaf volatile biosynthetic process	https://www.ebi.ac.uk/QuickGO/term/GO:0010597
R9QMR2	GO:0016114	terpenoid biosynthetic process	https://www.ebi.ac.uk/QuickGO/term/GO:0016114
R9QMW6	GO:0016102	diterpenoid biosynthetic process	https://www.ebi.ac.uk/QuickGO/term/GO:0016102
R9QMW6	GO:0010597	green leaf volatile biosynthetic process	https://www.ebi.ac.uk/QuickGO/term/GO:0010597
R9QMW6	GO:0016114	terpenoid biosynthetic process	https://www.ebi.ac.uk/QuickGO/term/GO:0016114
R9QMY7	GO:0016102	diterpenoid biosynthetic process	https://www.ebi.ac.uk/QuickGO/term/GO:0016102
R9QMY7	GO:0010597	green leaf volatile biosynthetic process	https://www.ebi.ac.uk/QuickGO/term/GO:0010597
R9QMY7	GO:0016114	terpenoid biosynthetic process	https://www.ebi.ac.uk/QuickGO/term/GO:0016114
S0DX56	GO:0016114	terpenoid biosynthetic process	https://www.ebi.ac.uk/QuickGO/term/GO:0016114
S0EGZ9			
U3KYL2	GO:0016102	diterpenoid biosynthetic process	https://www.ebi.ac.uk/QuickGO/term/GO:0016102
U3LVZ7	GO:1901937	beta-caryophyllene biosynthetic process	https://www.ebi.ac.uk/QuickGO/term/GO:1901937
U3LVZ7	GO:0016102	diterpenoid biosynthetic process	https://www.ebi.ac.uk/QuickGO/term/GO:0016102
V6RPN0	GO:0006696	ergosterol biosynthetic process	https://www.ebi.ac.uk/QuickGO/term/GO:0006696
V6RPN0	GO:0045338	farnesyl diphosphate metabolic process	https://www.ebi.ac.uk/QuickGO/term/GO:0045338
V6RPN0	GO:1902767	isoprenoid biosynthetic process via mevalonate	https://www.ebi.ac.uk/QuickGO/term/GO:1902767
W0FFD7	GO:0016102	diterpenoid biosynthetic process	https://www.ebi.ac.uk/QuickGO/term/GO:0016102
W4JX79	GO:0008299	isoprenoid biosynthetic process	https://www.ebi.ac.uk/QuickGO/term/GO:0008299
W6Q9B3	GO:0140879	conidiogenone biosynthetic process	https://www.ebi.ac.uk/QuickGO/term/GO:0140879
W8X5L3	GO:0140647	P450-containing electron transport chain	https://www.ebi.ac.uk/QuickGO/term/GO:0140647
A0A084R1I1	GO:0032259	methylation	https://www.ebi.ac.uk/QuickGO/term/GO:0032259
A0A084R1I4			
A0A084R1J7			
A0A084R1K1			
A0A084R1K2			
A0A084R1K6			
A0A084R1K7			
A0A084R1N2			
A0A084R1N8			
A0A097ZPD8	GO:0016114	terpenoid biosynthetic process	https://www.ebi.ac.uk/QuickGO/term/GO:0016114
A0A097ZPE2	GO:0016114	terpenoid biosynthetic process	https://www.ebi.ac.uk/QuickGO/term/GO:0016114
A0A097ZPE6	GO:0016114	terpenoid biosynthetic process	https://www.ebi.ac.uk/QuickGO/term/GO:0016114
A0A0B4EB91	GO:0008299	isoprenoid biosynthetic process	https://www.ebi.ac.uk/QuickGO/term/GO:0008299
A0A0B4G504			
A0A0E3D8L0			
A0A0E3D8M2			
A0A0E3D8M3			
A0A0E3D8M4			
A0A0E3D8N0			
A0A0E3D8N4	GO:0009820	alkaloid metabolic process	https://www.ebi.ac.uk/QuickGO/term/GO:0009820
A0A0E3D8N6			
A0A0E3D8P9			
A0A0E3D8Q1	GO:0009820	alkaloid metabolic process	https://www.ebi.ac.uk/QuickGO/term/GO:0009820
A0A0E3D8Q2			
A0A0F7TN06	GO:0016114	terpenoid biosynthetic process	https://www.ebi.ac.uk/QuickGO/term/GO:0016114
A0A0F7TN65	GO:0016114	terpenoid biosynthetic process	https://www.ebi.ac.uk/QuickGO/term/GO:0016114
A0A0F7TN69	GO:0016114	terpenoid biosynthetic process	https://www.ebi.ac.uk/QuickGO/term/GO:0016114
A0A0F7TRU0	GO:0016114	terpenoid biosynthetic process	https://www.ebi.ac.uk/QuickGO/term/GO:0016114
A0A0F7TSZ1	GO:0016114	terpenoid biosynthetic process	https://www.ebi.ac.uk/QuickGO/term/GO:0016114
A0A0F7TZE0	GO:0016114	terpenoid biosynthetic process	https://www.ebi.ac.uk/QuickGO/term/GO:0016114
A0A0H5BB10	GO:0016102	diterpenoid biosynthetic process	https://www.ebi.ac.uk/QuickGO/term/GO:0016102
A0A0H5BN57			
A0A0M4KRN2			
A0A0M8MV11			
A0A0M8MZA1	GO:0009820	alkaloid metabolic process	https://www.ebi.ac.uk/QuickGO/term/GO:0009820
A0A0N0DCA4			
A0A0U5GHC1	GO:0016114	terpenoid biosynthetic process	https://www.ebi.ac.uk/QuickGO/term/GO:0016114
A0A0U5GHH9	GO:0016114	terpenoid biosynthetic process	https://www.ebi.ac.uk/QuickGO/term/GO:0016114
A0A0U5GJY1	GO:0016114	terpenoid biosynthetic process	https://www.ebi.ac.uk/QuickGO/term/GO:0016114
A0A0U5GMR5	GO:0016114	terpenoid biosynthetic process	https://www.ebi.ac.uk/QuickGO/term/GO:0016114
A0A0U5HAP0	GO:0016114	terpenoid biosynthetic process	https://www.ebi.ac.uk/QuickGO/term/GO:0016114
A0A140JWS4			
A0A140JWS6			
A0A140JWS7			
A0A140JWS8	GO:0009820	alkaloid metabolic process	https://www.ebi.ac.uk/QuickGO/term/GO:0009820
A0A140JWS9			
A0A140JWT2			
A0A140JWT7			
A0A140JWU0	GO:0009820	alkaloid metabolic process	https://www.ebi.ac.uk/QuickGO/term/GO:0009820
A0A151ZEA6	GO:0046246	terpene biosynthetic process	https://www.ebi.ac.uk/QuickGO/term/GO:0046246
A0A1E1FFM9	GO:0016114	terpenoid biosynthetic process	https://www.ebi.ac.uk/QuickGO/term/GO:0016114
A0A1E1FFN5	GO:0032259	methylation	https://www.ebi.ac.uk/QuickGO/term/GO:0032259
A0A1E1FFN5	GO:0016114	terpenoid biosynthetic process	https://www.ebi.ac.uk/QuickGO/term/GO:0016114
A0A1U8QLK0	GO:0016114	terpenoid biosynthetic process	https://www.ebi.ac.uk/QuickGO/term/GO:0016114
A0A1U8QW16			
A0A1X9IRT6	GO:0009686	gibberellin biosynthetic process	https://www.ebi.ac.uk/QuickGO/term/GO:0009686
A0A1X9IRT6	GO:0042214	terpene metabolic process	https://www.ebi.ac.uk/QuickGO/term/GO:0042214
A0A291SJC7			
A0A2I6PIZ1			
A0A2I6PIZ6	GO:0009820	alkaloid metabolic process	https://www.ebi.ac.uk/QuickGO/term/GO:0009820
A0A2I6PIZ7	GO:0009820	alkaloid metabolic process	https://www.ebi.ac.uk/QuickGO/term/GO:0009820
A0A2I6PJ02			
A0A2P1DP82	GO:0016114	terpenoid biosynthetic process	https://www.ebi.ac.uk/QuickGO/term/GO:0016114
A0A2U8U2L2			
A0A2Z4HPZ8	GO:0016114	terpenoid biosynthetic process	https://www.ebi.ac.uk/QuickGO/term/GO:0016114
A0A2Z6E8J6			
A0A2Z6E917			
A0A348B793			
A0A348B794			
A0A385AJM2	GO:0046246	terpene biosynthetic process	https://www.ebi.ac.uk/QuickGO/term/GO:0046246
A0A385AJM4	GO:0046246	terpene biosynthetic process	https://www.ebi.ac.uk/QuickGO/term/GO:0046246
A0A385AJM5	GO:0046246	terpene biosynthetic process	https://www.ebi.ac.uk/QuickGO/term/GO:0046246
A0A3T0ZHJ5			
A0A5Q0QMX6			
A0A6A6H2E0			
A0A7J6FUX2	GO:0008299	isoprenoid biosynthetic process	https://www.ebi.ac.uk/QuickGO/term/GO:0008299
A0A8D5M7T9			
A0AAD9S265			
A1CVK0	GO:0006696	ergosterol biosynthetic process	https://www.ebi.ac.uk/QuickGO/term/GO:0006696
A1CVK0	GO:0016104	triterpenoid biosynthetic process	https://www.ebi.ac.uk/QuickGO/term/GO:0016104
A3KI17	GO:0042214	terpene metabolic process	https://www.ebi.ac.uk/QuickGO/term/GO:0042214
A3KI18	GO:0032259	methylation	https://www.ebi.ac.uk/QuickGO/term/GO:0032259
A3KI18	GO:0042214	terpene metabolic process	https://www.ebi.ac.uk/QuickGO/term/GO:0042214
A4FG18	GO:0032259	methylation	https://www.ebi.ac.uk/QuickGO/term/GO:0032259
A4FG18	GO:0042214	terpene metabolic process	https://www.ebi.ac.uk/QuickGO/term/GO:0042214
A4FG19	GO:0042214	terpene metabolic process	https://www.ebi.ac.uk/QuickGO/term/GO:0042214
A9GK58			
A9JPE3			
A9JPE4			
B0Y5B4	GO:0006696	ergosterol biosynthetic process	https://www.ebi.ac.uk/QuickGO/term/GO:0006696
B0Y5B4	GO:0016104	triterpenoid biosynthetic process	https://www.ebi.ac.uk/QuickGO/term/GO:0016104
B3Y522	GO:0016104	triterpenoid biosynthetic process	https://www.ebi.ac.uk/QuickGO/term/GO:0016104
B5GRC8			
B5GS26			
B6HV33	GO:0016114	terpenoid biosynthetic process	https://www.ebi.ac.uk/QuickGO/term/GO:0016114
B9RHP7	GO:0016102	diterpenoid biosynthetic process	https://www.ebi.ac.uk/QuickGO/term/GO:0016102
B9RHP7	GO:0046246	terpene biosynthetic process	https://www.ebi.ac.uk/QuickGO/term/GO:0046246
B9RHX7	GO:0016102	diterpenoid biosynthetic process	https://www.ebi.ac.uk/QuickGO/term/GO:0016102
B9RHX7	GO:0046246	terpene biosynthetic process	https://www.ebi.ac.uk/QuickGO/term/GO:0046246
B9RI00	GO:0016102	diterpenoid biosynthetic process	https://www.ebi.ac.uk/QuickGO/term/GO:0016102
B9RI00	GO:0051762	sesquiterpene biosynthetic process	https://www.ebi.ac.uk/QuickGO/term/GO:0051762
B9RPM3	GO:0016102	diterpenoid biosynthetic process	https://www.ebi.ac.uk/QuickGO/term/GO:0016102
B9RPM3	GO:0046246	terpene biosynthetic process	https://www.ebi.ac.uk/QuickGO/term/GO:0046246
B9RXW4	GO:0016102	diterpenoid biosynthetic process	https://www.ebi.ac.uk/QuickGO/term/GO:0016102
B9RXW4	GO:0046246	terpene biosynthetic process	https://www.ebi.ac.uk/QuickGO/term/GO:0046246
B9S1N2	GO:0016102	diterpenoid biosynthetic process	https://www.ebi.ac.uk/QuickGO/term/GO:0016102
B9S1N2	GO:0051762	sesquiterpene biosynthetic process	https://www.ebi.ac.uk/QuickGO/term/GO:0051762
B9SBV6	GO:0016102	diterpenoid biosynthetic process	https://www.ebi.ac.uk/QuickGO/term/GO:0016102
B9SBV6	GO:0046246	terpene biosynthetic process	https://www.ebi.ac.uk/QuickGO/term/GO:0046246
B9SCB6	GO:0016102	diterpenoid biosynthetic process	https://www.ebi.ac.uk/QuickGO/term/GO:0016102
B9SCB6	GO:0046246	terpene biosynthetic process	https://www.ebi.ac.uk/QuickGO/term/GO:0046246
B9T825	GO:0016102	diterpenoid biosynthetic process	https://www.ebi.ac.uk/QuickGO/term/GO:0016102
B9T825	GO:0046246	terpene biosynthetic process	https://www.ebi.ac.uk/QuickGO/term/GO:0046246
C9K1X7			
D2E9W6			
D7UTD0			
D8S255	GO:0008299	isoprenoid biosynthetic process	https://www.ebi.ac.uk/QuickGO/term/GO:0008299
E3W205	GO:0016102	diterpenoid biosynthetic process	https://www.ebi.ac.uk/QuickGO/term/GO:0016102
E3W206	GO:0016102	diterpenoid biosynthetic process	https://www.ebi.ac.uk/QuickGO/term/GO:0016102
E3W207	GO:0016102	diterpenoid biosynthetic process	https://www.ebi.ac.uk/QuickGO/term/GO:0016102
E3W208	GO:0016102	diterpenoid biosynthetic process	https://www.ebi.ac.uk/QuickGO/term/GO:0016102
E4V6I8	GO:0006696	ergosterol biosynthetic process	https://www.ebi.ac.uk/QuickGO/term/GO:0006696
E4V6I8	GO:0016104	triterpenoid biosynthetic process	https://www.ebi.ac.uk/QuickGO/term/GO:0016104
E9F8R9	GO:0008299	isoprenoid biosynthetic process	https://www.ebi.ac.uk/QuickGO/term/GO:0008299
F0ZHE2			
F0ZK52	GO:0046246	terpene biosynthetic process	https://www.ebi.ac.uk/QuickGO/term/GO:0046246
F0ZPL2			
F1A1D4	GO:0046246	terpene biosynthetic process	https://www.ebi.ac.uk/QuickGO/term/GO:0046246
F1A1D6	GO:0031150	sorocarp stalk development	https://www.ebi.ac.uk/QuickGO/term/GO:0031150
F1A1D6	GO:0046246	terpene biosynthetic process	https://www.ebi.ac.uk/QuickGO/term/GO:0046246
F1A3V1	GO:0046246	terpene biosynthetic process	https://www.ebi.ac.uk/QuickGO/term/GO:0046246
F4Q7D4	GO:0046246	terpene biosynthetic process	https://www.ebi.ac.uk/QuickGO/term/GO:0046246
F6M8H4	GO:0016102	diterpenoid biosynthetic process	https://www.ebi.ac.uk/QuickGO/term/GO:0016102
F6M8H5	GO:0016102	diterpenoid biosynthetic process	https://www.ebi.ac.uk/QuickGO/term/GO:0016102
F6M8H6	GO:0016102	diterpenoid biosynthetic process	https://www.ebi.ac.uk/QuickGO/term/GO:0016102
F6M8H7	GO:0016102	diterpenoid biosynthetic process	https://www.ebi.ac.uk/QuickGO/term/GO:0016102
F6M8H8	GO:0016102	diterpenoid biosynthetic process	https://www.ebi.ac.uk/QuickGO/term/GO:0016102
G2P5T1			
H2DH23	GO:0046246	terpene biosynthetic process	https://www.ebi.ac.uk/QuickGO/term/GO:0046246
I1RL12	GO:0032259	methylation	https://www.ebi.ac.uk/QuickGO/term/GO:0032259
I1RL12	GO:0016114	terpenoid biosynthetic process	https://www.ebi.ac.uk/QuickGO/term/GO:0016114
I2N045			
J7FIP9			
J9R393	GO:0008299	isoprenoid biosynthetic process	https://www.ebi.ac.uk/QuickGO/term/GO:0008299
K7WDC8	GO:0046246	terpene biosynthetic process	https://www.ebi.ac.uk/QuickGO/term/GO:0046246
K7WDC8	GO:0016114	terpenoid biosynthetic process	https://www.ebi.ac.uk/QuickGO/term/GO:0016114
M5AW86			
M5AW86			
M5AW86			
O13489	GO:0016106	sesquiterpenoid biosynthetic process	https://www.ebi.ac.uk/QuickGO/term/GO:0016106
O34707			
O59947	GO:0016106	sesquiterpenoid biosynthetic process	https://www.ebi.ac.uk/QuickGO/term/GO:0016106
P09347	GO:0019383	(+)-camphor catabolic process	https://www.ebi.ac.uk/QuickGO/term/GO:0019383
P0CJ42			
P0DO47	GO:0016102	diterpenoid biosynthetic process	https://www.ebi.ac.uk/QuickGO/term/GO:0016102
P0DO48	GO:0016102	diterpenoid biosynthetic process	https://www.ebi.ac.uk/QuickGO/term/GO:0016102
P0DPK6			
P0DXW0			
P0DXW1			
P0DY23			
P27679	GO:0016106	sesquiterpenoid biosynthetic process	https://www.ebi.ac.uk/QuickGO/term/GO:0016106
P53800	GO:0045338	farnesyl diphosphate metabolic process	https://www.ebi.ac.uk/QuickGO/term/GO:0045338
P53800	GO:0008299	isoprenoid biosynthetic process	https://www.ebi.ac.uk/QuickGO/term/GO:0008299
P59954			
P85964			
P9WEF8			
P9WEG2			
P9WEG3	GO:0009820	alkaloid metabolic process	https://www.ebi.ac.uk/QuickGO/term/GO:0009820
P9WER1	GO:0051999	mannosyl-inositol phosphorylceramide biosynthetic process	https://www.ebi.ac.uk/QuickGO/term/GO:0051999
P9WER3			
P9WPN2			
P9WPN3			
Q00835	GO:0016106	sesquiterpenoid biosynthetic process	https://www.ebi.ac.uk/QuickGO/term/GO:0016106
Q15FB1			
Q45221	GO:0016114	terpenoid biosynthetic process	https://www.ebi.ac.uk/QuickGO/term/GO:0016114
Q4WLC9	GO:0016114	terpenoid biosynthetic process	https://www.ebi.ac.uk/QuickGO/term/GO:0016114
Q5AR28	GO:1900560	austinol biosynthetic process	https://www.ebi.ac.uk/QuickGO/term/GO:1900560
Q5AR28	GO:1900563	dehydroaustinol biosynthetic process	https://www.ebi.ac.uk/QuickGO/term/GO:1900563
Q5AR28	GO:0016114	terpenoid biosynthetic process	https://www.ebi.ac.uk/QuickGO/term/GO:0016114
Q5UQ90			
Q6A1B7	GO:0016106	sesquiterpenoid biosynthetic process	https://www.ebi.ac.uk/QuickGO/term/GO:0016106
Q6BE23	GO:0016104	triterpenoid biosynthetic process	https://www.ebi.ac.uk/QuickGO/term/GO:0016104
Q6Z2X6	GO:0016104	triterpenoid biosynthetic process	https://www.ebi.ac.uk/QuickGO/term/GO:0016104
Q7LJF8	GO:0016106	sesquiterpenoid biosynthetic process	https://www.ebi.ac.uk/QuickGO/term/GO:0016106
Q7LJR6	GO:0016106	sesquiterpenoid biosynthetic process	https://www.ebi.ac.uk/QuickGO/term/GO:0016106
Q8L5K3	GO:0016102	diterpenoid biosynthetic process	https://www.ebi.ac.uk/QuickGO/term/GO:0016102
Q8NIC1	GO:0016106	sesquiterpenoid biosynthetic process	https://www.ebi.ac.uk/QuickGO/term/GO:0016106
Q8NIC8	GO:0016106	sesquiterpenoid biosynthetic process	https://www.ebi.ac.uk/QuickGO/term/GO:0016106
Q8NID7	GO:0016106	sesquiterpenoid biosynthetic process	https://www.ebi.ac.uk/QuickGO/term/GO:0016106
Q8NIG9	GO:0016106	sesquiterpenoid biosynthetic process	https://www.ebi.ac.uk/QuickGO/term/GO:0016106
Q8NIH0	GO:0016106	sesquiterpenoid biosynthetic process	https://www.ebi.ac.uk/QuickGO/term/GO:0016106
Q8NIH3	GO:0016106	sesquiterpenoid biosynthetic process	https://www.ebi.ac.uk/QuickGO/term/GO:0016106
Q8NIH6	GO:0016106	sesquiterpenoid biosynthetic process	https://www.ebi.ac.uk/QuickGO/term/GO:0016106
Q8NJA1	GO:0016106	sesquiterpenoid biosynthetic process	https://www.ebi.ac.uk/QuickGO/term/GO:0016106
Q9C748	GO:0016102	diterpenoid biosynthetic process	https://www.ebi.ac.uk/QuickGO/term/GO:0016102
Q9C748	GO:0051762	sesquiterpene biosynthetic process	https://www.ebi.ac.uk/QuickGO/term/GO:0051762
Q9F1V8	GO:0042214	terpene metabolic process	https://www.ebi.ac.uk/QuickGO/term/GO:0042214
Q9LRH8	GO:0019745	pentacyclic triterpenoid biosynthetic process	https://www.ebi.ac.uk/QuickGO/term/GO:0019745
Q9LS68	GO:0016104	triterpenoid biosynthetic process	https://www.ebi.ac.uk/QuickGO/term/GO:0016104
Q9VFJ0			
S0ENM8	GO:0008299	isoprenoid biosynthetic process	https://www.ebi.ac.uk/QuickGO/term/GO:0008299
W8X9R5			
A0A5Q0QRK8			
B6HUQ5			
P0CV97	GO:0016114	terpenoid biosynthetic process	https://www.ebi.ac.uk/QuickGO/term/GO:0016114
P55537			
P55538	GO:0016102	diterpenoid biosynthetic process	https://www.ebi.ac.uk/QuickGO/term/GO:0016102
Q45222			
